/* SQL Manager for MySQL                              5.7.0.50799 */
/* -------------------------------------------------------------- */
/* Host     : localhost                                           */
/* Port     : 3306                                                */
/* Database : ahr_animal                                          */


/*!40101 SET @OLD_CHARACTER_SET_CLIENT=@@CHARACTER_SET_CLIENT */;
/*!40101 SET @OLD_CHARACTER_SET_RESULTS=@@CHARACTER_SET_RESULTS */;
/*!40101 SET @OLD_COLLATION_CONNECTION=@@COLLATION_CONNECTION */;
/*!40101 SET NAMES 'latin1' */;

SET FOREIGN_KEY_CHECKS=0;

CREATE DATABASE `ahr_animal`
    CHARACTER SET 'latin1'
    COLLATE 'latin1_swedish_ci';

USE `ahr_animal`;

/* Structure for the `access` table : */

CREATE TABLE `access` (
  `idaccess` INTEGER(10) UNSIGNED NOT NULL AUTO_INCREMENT,
  `levels_idlevels` INTEGER(10) UNSIGNED NOT NULL,
  `accesname` VARCHAR(255) COLLATE latin1_swedish_ci DEFAULT NULL,
  `configuration` VARCHAR(255) COLLATE latin1_swedish_ci DEFAULT NULL,
  `status` TINYINT(1) DEFAULT NULL,
  PRIMARY KEY USING BTREE (`idaccess`),
  KEY `access_FKIndex1` USING BTREE (`levels_idlevels`)
) ENGINE=InnoDB
AUTO_INCREMENT=11 ROW_FORMAT=DYNAMIC CHARACTER SET 'latin1' COLLATE 'latin1_swedish_ci'
;

/* Structure for the `documents` table : */

CREATE TABLE `documents` (
  `Recn` INTEGER(11) NOT NULL AUTO_INCREMENT,
  `Document` VARCHAR(250) COLLATE utf8_general_ci DEFAULT NULL,
  `Scanned` TINYINT(1) DEFAULT NULL,
  `AnimalRecn` INTEGER(11) DEFAULT NULL,
  `DateAdded` DATETIME DEFAULT NULL,
  `ScanLocation` VARCHAR(250) COLLATE utf8_general_ci DEFAULT NULL,
  `User` VARCHAR(30) COLLATE utf8_general_ci DEFAULT NULL,
  `DateEntered` DATETIME DEFAULT NULL,
  KEY `Recn` USING BTREE (`Recn`)
) ENGINE=InnoDB
AUTO_INCREMENT=4 ROW_FORMAT=DYNAMIC CHARACTER SET 'utf8' COLLATE 'utf8_general_ci'
;

/* Structure for the `levels` table : */

CREATE TABLE `levels` (
  `idlevels` INTEGER(10) UNSIGNED NOT NULL AUTO_INCREMENT,
  `rolename` VARCHAR(45) COLLATE latin1_swedish_ci DEFAULT NULL,
  PRIMARY KEY USING BTREE (`idlevels`)
) ENGINE=InnoDB
AUTO_INCREMENT=6 ROW_FORMAT=DYNAMIC CHARACTER SET 'latin1' COLLATE 'latin1_swedish_ci'
;

/* Structure for the `log` table : */

CREATE TABLE `log` (
  `idlog` INTEGER(10) UNSIGNED NOT NULL AUTO_INCREMENT,
  `user_username` VARCHAR(45) COLLATE latin1_swedish_ci NOT NULL,
  `date_ini` DATETIME DEFAULT NULL,
  `date_end` DATETIME DEFAULT NULL,
  `actions` VARCHAR(255) COLLATE latin1_swedish_ci DEFAULT NULL,
  PRIMARY KEY USING BTREE (`idlog`),
  KEY `log_FKIndex1` USING BTREE (`user_username`)
) ENGINE=InnoDB
AUTO_INCREMENT=1 ROW_FORMAT=DYNAMIC CHARACTER SET 'latin1' COLLATE 'latin1_swedish_ci'
;

/* Structure for the `rabiescertificate` table : */

CREATE TABLE `rabiescertificate` (
  `Recn` INTEGER(11) NOT NULL AUTO_INCREMENT,
  `LabNo` VARCHAR(20) COLLATE utf8_general_ci DEFAULT NULL,
  `Destination` VARCHAR(100) COLLATE utf8_general_ci DEFAULT NULL,
  `Hospital` VARCHAR(70) COLLATE utf8_general_ci DEFAULT NULL,
  `VetName` VARCHAR(70) COLLATE utf8_general_ci DEFAULT NULL,
  `VetAddress` VARCHAR(100) COLLATE utf8_general_ci DEFAULT NULL,
  `VetCity` VARCHAR(70) COLLATE utf8_general_ci DEFAULT NULL,
  `VetState` VARCHAR(70) COLLATE utf8_general_ci DEFAULT NULL,
  `Owner` VARCHAR(70) COLLATE utf8_general_ci DEFAULT NULL,
  `OwnerStreet` VARCHAR(70) COLLATE utf8_general_ci DEFAULT NULL,
  `OwnerCity` VARCHAR(70) COLLATE utf8_general_ci DEFAULT NULL,
  `OwnerCountry` VARCHAR(70) COLLATE utf8_general_ci DEFAULT NULL,
  `AnimalName` VARCHAR(70) COLLATE utf8_general_ci DEFAULT NULL,
  `Species` VARCHAR(70) COLLATE utf8_general_ci DEFAULT NULL,
  `Colour` VARCHAR(70) COLLATE utf8_general_ci DEFAULT NULL,
  `VaccHistory` VARCHAR(70) COLLATE utf8_general_ci DEFAULT NULL,
  `Titer` VARCHAR(70) COLLATE utf8_general_ci DEFAULT NULL,
  `VetPhone` VARCHAR(70) COLLATE utf8_general_ci DEFAULT NULL,
  `VetFax` VARCHAR(70) COLLATE utf8_general_ci DEFAULT NULL,
  `VetZip` VARCHAR(70) COLLATE utf8_general_ci DEFAULT NULL,
  `OwnerZip` VARCHAR(70) COLLATE utf8_general_ci DEFAULT NULL,
  `MicroChipNo` VARCHAR(70) COLLATE utf8_general_ci DEFAULT NULL,
  `Sex` VARCHAR(70) COLLATE utf8_general_ci DEFAULT NULL,
  `VaccRoute` VARCHAR(70) COLLATE utf8_general_ci DEFAULT NULL,
  `CertDate` DATETIME DEFAULT NULL,
  `AnimalDOB` DATETIME DEFAULT NULL,
  `DateReceived` DATETIME DEFAULT NULL,
  `SerumDate` DATETIME DEFAULT NULL,
  `AnimalRecn` INTEGER(11) DEFAULT NULL,
  KEY `Recn` USING BTREE (`Recn`)
) ENGINE=InnoDB
AUTO_INCREMENT=1 ROW_FORMAT=DYNAMIC CHARACTER SET 'utf8' COLLATE 'utf8_general_ci'
;

/* Structure for the `tblabbatoir` table : */

CREATE TABLE `tblabbatoir` (
  `Recn` INTEGER(11) NOT NULL AUTO_INCREMENT,
  `sDate` DATETIME DEFAULT NULL,
  `Presenter` VARCHAR(100) COLLATE utf8_general_ci DEFAULT NULL,
  `PresenterAdr` VARCHAR(100) COLLATE utf8_general_ci DEFAULT NULL,
  `PresenterPhone` VARCHAR(20) COLLATE utf8_general_ci DEFAULT NULL,
  `User` VARCHAR(30) COLLATE utf8_general_ci DEFAULT NULL,
  `DateEntered` DATETIME DEFAULT NULL,
  KEY `Recn` USING BTREE (`Recn`)
) ENGINE=InnoDB
AUTO_INCREMENT=12 ROW_FORMAT=DYNAMIC CHARACTER SET 'utf8' COLLATE 'utf8_general_ci'
;

/* Structure for the `tblabbatoirlivestock` table : */

CREATE TABLE `tblabbatoirlivestock` (
  `Recn` INTEGER(11) NOT NULL AUTO_INCREMENT,
  `LivestockID` VARCHAR(20) COLLATE utf8_general_ci DEFAULT NULL,
  `LivestockRecn` INTEGER(11) DEFAULT NULL,
  `AbbatoirRecn` INTEGER(11) DEFAULT NULL,
  `Type` VARCHAR(15) COLLATE utf8_general_ci DEFAULT NULL,
  `Buyer` INTEGER(11) DEFAULT NULL,
  `User` VARCHAR(30) COLLATE utf8_general_ci DEFAULT NULL,
  `DateEntered` DATETIME DEFAULT NULL,
  KEY `Recn` USING BTREE (`Recn`)
) ENGINE=InnoDB
AUTO_INCREMENT=3 ROW_FORMAT=DYNAMIC CHARACTER SET 'utf8' COLLATE 'utf8_general_ci'
;

/* Structure for the `tblbills` table : */

CREATE TABLE `tblbills` (
  `recn` INTEGER(11) NOT NULL AUTO_INCREMENT,
  `caseRecn` INTEGER(11) DEFAULT NULL,
  `amount` DECIMAL(19,4) DEFAULT 0.0000,
  `type` INTEGER(11) DEFAULT NULL,
  `balance` DECIMAL(19,4) DEFAULT NULL,
  `transactionDate` DATETIME DEFAULT NULL,
  UNIQUE KEY `recn` USING BTREE (`recn`)
) ENGINE=InnoDB
AUTO_INCREMENT=10 ROW_FORMAT=DYNAMIC CHARACTER SET 'utf8' COLLATE 'utf8_general_ci'
;

/* Structure for the `tblbreeds` table : */

CREATE TABLE `tblbreeds` (
  `recn` INTEGER(11) NOT NULL AUTO_INCREMENT,
  `name` VARCHAR(50) COLLATE utf8_general_ci DEFAULT NULL,
  `speciesrecn` INTEGER(11) DEFAULT 0,
  UNIQUE KEY `recn` USING BTREE (`recn`)
) ENGINE=InnoDB
AUTO_INCREMENT=17 ROW_FORMAT=DYNAMIC CHARACTER SET 'utf8' COLLATE 'utf8_general_ci'
;

/* Structure for the `tblbuyers` table : */

CREATE TABLE `tblbuyers` (
  `Recn` INTEGER(11) NOT NULL AUTO_INCREMENT,
  `Name` VARCHAR(100) COLLATE utf8_general_ci DEFAULT NULL,
  `BuyerAdr` VARCHAR(100) COLLATE utf8_general_ci DEFAULT NULL,
  `BuyerPhone` VARCHAR(20) COLLATE utf8_general_ci DEFAULT NULL,
  `User` VARCHAR(30) COLLATE utf8_general_ci DEFAULT NULL,
  `DateEntered` DATETIME DEFAULT NULL,
  KEY `Recn` USING BTREE (`Recn`)
) ENGINE=InnoDB
AUTO_INCREMENT=2 ROW_FORMAT=DYNAMIC CHARACTER SET 'utf8' COLLATE 'utf8_general_ci'
;

/* Structure for the `tblcasedetails` table : */

CREATE TABLE `tblcasedetails` (
  `recn` INTEGER(11) NOT NULL AUTO_INCREMENT,
  `caseNumber` VARCHAR(50) COLLATE utf8_general_ci DEFAULT NULL,
  `dateOfCase` DATETIME DEFAULT NULL,
  `farmRecn` INTEGER(11) DEFAULT 0,
  `livestockRecn` INTEGER(11) DEFAULT NULL,
  `vetRecn` INTEGER(11) DEFAULT 0,
  `billTotal` DECIMAL(19,4) DEFAULT NULL,
  UNIQUE KEY `recn` USING BTREE (`recn`),
  KEY `livestockRecn` USING BTREE (`livestockRecn`)
) ENGINE=InnoDB
AUTO_INCREMENT=97 ROW_FORMAT=DYNAMIC CHARACTER SET 'utf8' COLLATE 'utf8_general_ci'
;

/* Structure for the `tblcaseillnesses` table : */

CREATE TABLE `tblcaseillnesses` (
  `recn` INTEGER(11) NOT NULL AUTO_INCREMENT,
  `caseRecn` INTEGER(11) DEFAULT 0,
  `illnessRecn` INTEGER(11) DEFAULT 0,
  `dateOfIllness` DATETIME DEFAULT NULL,
  `summary` TEXT COLLATE utf8_general_ci,
  `treatmentRecn` INTEGER(11) DEFAULT 0,
  `dateOfTreatment` DATETIME DEFAULT NULL,
  `response` TEXT COLLATE utf8_general_ci,
  `Withdrawal` INTEGER(11) DEFAULT NULL,
  UNIQUE KEY `recn` USING BTREE (`recn`)
) ENGINE=InnoDB
AUTO_INCREMENT=132 ROW_FORMAT=DYNAMIC CHARACTER SET 'utf8' COLLATE 'utf8_general_ci'
;

/* Structure for the `tblcasetreatments` table : */

CREATE TABLE `tblcasetreatments` (
  `recn` INTEGER(11) NOT NULL AUTO_INCREMENT,
  `caseRecn` INTEGER(11) DEFAULT 0,
  `treatmentRecn` INTEGER(11) DEFAULT 0,
  `dateOfTreatment` DATETIME DEFAULT NULL,
  `responseToTreatment` VARCHAR(50) COLLATE utf8_general_ci DEFAULT NULL,
  `CaseIllnessRecn` INTEGER(11) DEFAULT 0,
  UNIQUE KEY `recn` USING BTREE (`recn`)
) ENGINE=InnoDB
AUTO_INCREMENT=1 ROW_FORMAT=DYNAMIC CHARACTER SET 'utf8' COLLATE 'utf8_general_ci'
;

/* Structure for the `tblcommodities` table : */

CREATE TABLE `tblcommodities` (
  `recn` INTEGER(11) NOT NULL AUTO_INCREMENT,
  `name` VARCHAR(50) COLLATE utf8_general_ci DEFAULT NULL,
  UNIQUE KEY `recn` USING BTREE (`recn`)
) ENGINE=InnoDB
AUTO_INCREMENT=10 ROW_FORMAT=DYNAMIC CHARACTER SET 'utf8' COLLATE 'utf8_general_ci'
;

/* Structure for the `tblcountries` table : */

CREATE TABLE `tblcountries` (
  `recn` INTEGER(11) NOT NULL AUTO_INCREMENT,
  `name` VARCHAR(50) COLLATE utf8_general_ci DEFAULT NULL,
  `type` INTEGER(11) DEFAULT 0,
  UNIQUE KEY `recn` USING BTREE (`recn`)
) ENGINE=InnoDB
AUTO_INCREMENT=51 ROW_FORMAT=DYNAMIC CHARACTER SET 'utf8' COLLATE 'utf8_general_ci'
;

/* Structure for the `tbldistricts` table : */

CREATE TABLE `tbldistricts` (
  `recn` INTEGER(11) NOT NULL AUTO_INCREMENT,
  `name` VARCHAR(50) COLLATE utf8_general_ci DEFAULT NULL,
  `region` VARCHAR(20) COLLATE utf8_general_ci DEFAULT NULL,
  PRIMARY KEY USING BTREE (`recn`),
  KEY `recn` USING BTREE (`recn`)
) ENGINE=InnoDB
AUTO_INCREMENT=13 ROW_FORMAT=DYNAMIC CHARACTER SET 'utf8' COLLATE 'utf8_general_ci'
;

/* Structure for the `tblfarmers` table : */

CREATE TABLE `tblfarmers` (
  `recn` INTEGER(11) NOT NULL AUTO_INCREMENT,
  `fName` VARCHAR(50) COLLATE utf8_general_ci DEFAULT NULL,
  `lName` VARCHAR(50) COLLATE utf8_general_ci DEFAULT NULL,
  `address1` VARCHAR(100) COLLATE utf8_general_ci DEFAULT NULL,
  `address2` VARCHAR(100) COLLATE utf8_general_ci DEFAULT NULL,
  `dateAdded` DATETIME DEFAULT NULL,
  `Phone` VARCHAR(15) COLLATE utf8_general_ci DEFAULT NULL,
  UNIQUE KEY `recn` USING BTREE (`recn`)
) ENGINE=InnoDB
AUTO_INCREMENT=138 ROW_FORMAT=DYNAMIC CHARACTER SET 'utf8' COLLATE 'utf8_general_ci'
;

/* Structure for the `tblfarms` table : */

CREATE TABLE `tblfarms` (
  `recn` INTEGER(11) NOT NULL AUTO_INCREMENT,
  `farmName` VARCHAR(100) COLLATE utf8_general_ci DEFAULT NULL,
  `location` VARCHAR(50) COLLATE utf8_general_ci DEFAULT NULL,
  `districtRecn` INTEGER(11) DEFAULT NULL,
  `size` INTEGER(11) DEFAULT NULL,
  `sizeUnits` INTEGER(11) DEFAULT NULL,
  `farmerRecn` INTEGER(11) DEFAULT NULL,
  UNIQUE KEY `recn` USING BTREE (`recn`),
  KEY `farmerRecn` USING BTREE (`farmerRecn`),
  CONSTRAINT `tblfarms_fk` FOREIGN KEY (`farmerRecn`) REFERENCES `tblfarmers` (`recn`) ON DELETE CASCADE ON UPDATE CASCADE
) ENGINE=InnoDB
AUTO_INCREMENT=134 ROW_FORMAT=DYNAMIC CHARACTER SET 'utf8' COLLATE 'utf8_general_ci'
;

/* Structure for the `tblillnessnames` table : */

CREATE TABLE `tblillnessnames` (
  `recn` INTEGER(11) NOT NULL AUTO_INCREMENT,
  `name` VARCHAR(50) COLLATE utf8_general_ci DEFAULT NULL,
  `code` VARCHAR(50) COLLATE utf8_general_ci DEFAULT NULL,
  UNIQUE KEY `recn` USING BTREE (`recn`),
  KEY `code` USING BTREE (`code`)
) ENGINE=InnoDB
AUTO_INCREMENT=20 ROW_FORMAT=DYNAMIC CHARACTER SET 'utf8' COLLATE 'utf8_general_ci'
;

/* Structure for the `tbllivestock` table : */

CREATE TABLE `tbllivestock` (
  `recn` INTEGER(11) NOT NULL AUTO_INCREMENT,
  `IDNO` VARCHAR(50) COLLATE utf8_general_ci DEFAULT NULL,
  `breedRecn` INTEGER(11) DEFAULT NULL,
  `sex` VARCHAR(50) COLLATE utf8_general_ci DEFAULT NULL,
  `dateOfBirth` DATETIME DEFAULT NULL,
  `localOrOverseas` INTEGER(11) DEFAULT 0,
  `arrivalDate` DATETIME DEFAULT NULL,
  `quarantinePeriod` INTEGER(11) DEFAULT 0,
  `quarantinePeriodUnits` INTEGER(11) DEFAULT NULL,
  `countryOfOrigin` INTEGER(11) DEFAULT 0,
  `farmRecn` INTEGER(11) DEFAULT 0,
  `populationOnFarm` INTEGER(11) DEFAULT 0,
  `dateAdded` DATETIME DEFAULT NULL,
  `importRecn` INTEGER(11) DEFAULT 0,
  `exportRecn` INTEGER(11) DEFAULT 0,
  `Transferred` TINYINT(1) DEFAULT NULL,
  UNIQUE KEY `recn` USING BTREE (`recn`),
  KEY `IDNO` USING BTREE (`IDNO`)
) ENGINE=InnoDB
AUTO_INCREMENT=195 ROW_FORMAT=DYNAMIC CHARACTER SET 'utf8' COLLATE 'utf8_general_ci'
;

/* Structure for the `tblowners` table : */

CREATE TABLE `tblowners` (
  `recn` INTEGER(11) NOT NULL AUTO_INCREMENT,
  `name` VARCHAR(50) COLLATE utf8_general_ci DEFAULT NULL,
  KEY `Recn` USING BTREE (`recn`)
) ENGINE=InnoDB
AUTO_INCREMENT=3 ROW_FORMAT=DYNAMIC CHARACTER SET 'utf8' COLLATE 'utf8_general_ci'
;

/* Structure for the `tblspecies` table : */

CREATE TABLE `tblspecies` (
  `recn` INTEGER(11) NOT NULL AUTO_INCREMENT,
  `name` VARCHAR(50) COLLATE utf8_general_ci DEFAULT NULL,
  UNIQUE KEY `recn` USING BTREE (`recn`),
  UNIQUE KEY `name` USING BTREE (`name`)
) ENGINE=InnoDB
AUTO_INCREMENT=9 ROW_FORMAT=DYNAMIC CHARACTER SET 'utf8' COLLATE 'utf8_general_ci'
;

/* Structure for the `tblspecimenpermit` table : */

CREATE TABLE `tblspecimenpermit` (
  `recn` INTEGER(11) NOT NULL AUTO_INCREMENT,
  `name` VARCHAR(60) COLLATE latin1_swedish_ci DEFAULT NULL,
  `sender` VARCHAR(60) COLLATE latin1_swedish_ci DEFAULT NULL,
  `reciever` VARCHAR(60) COLLATE latin1_swedish_ci DEFAULT NULL,
  `destination` INTEGER(11) DEFAULT NULL,
  `weight` FLOAT(9,3) UNSIGNED DEFAULT NULL,
  `dateIssued` DATE DEFAULT NULL,
  `fee` FLOAT(9,3) UNSIGNED DEFAULT NULL,
  PRIMARY KEY USING BTREE (`recn`),
  KEY `destination` USING BTREE (`destination`),
  CONSTRAINT `tblspecimenpermit_fk` FOREIGN KEY (`destination`) REFERENCES `tblcountries` (`recn`) ON DELETE SET NULL ON UPDATE CASCADE
) ENGINE=InnoDB
AUTO_INCREMENT=147 ROW_FORMAT=DYNAMIC CHARACTER SET 'latin1' COLLATE 'latin1_swedish_ci'
;

/* Structure for the `tbltestnames` table : */

CREATE TABLE `tbltestnames` (
  `recn` INTEGER(11) NOT NULL AUTO_INCREMENT,
  `name` VARCHAR(60) COLLATE latin1_swedish_ci NOT NULL,
  PRIMARY KEY USING BTREE (`recn`)
) ENGINE=InnoDB
AUTO_INCREMENT=5 ROW_FORMAT=DYNAMIC CHARACTER SET 'latin1' COLLATE 'latin1_swedish_ci'
;

/* Structure for the `tblsurveillance` table : */

CREATE TABLE `tblsurveillance` (
  `recn` INTEGER(11) NOT NULL AUTO_INCREMENT,
  `farmRecn` INTEGER(11) NOT NULL,
  `testRecn` INTEGER(11) DEFAULT NULL,
  `dateOfSurveillance` DATE NOT NULL,
  PRIMARY KEY USING BTREE (`recn`),
  KEY `farmRecn` USING BTREE (`farmRecn`),
  KEY `testRecn` USING BTREE (`testRecn`),
  CONSTRAINT `tblsurveillance_fk` FOREIGN KEY (`farmRecn`) REFERENCES `tblfarms` (`recn`) ON DELETE CASCADE ON UPDATE CASCADE,
  CONSTRAINT `tblsurveillance_fk1` FOREIGN KEY (`testRecn`) REFERENCES `tbltestnames` (`recn`) ON DELETE CASCADE ON UPDATE CASCADE
) ENGINE=InnoDB
AUTO_INCREMENT=13 ROW_FORMAT=DYNAMIC CHARACTER SET 'latin1' COLLATE 'latin1_swedish_ci'
;

/* Structure for the `tblsurveillancedetails` table : */

CREATE TABLE `tblsurveillancedetails` (
  `recn` INTEGER(11) NOT NULL AUTO_INCREMENT,
  `livestockRecn` INTEGER(11) DEFAULT NULL,
  `testResult` ENUM('Positive','Negative') COLLATE latin1_swedish_ci DEFAULT 'Positive',
  `surveillanceRecn` INTEGER(11) DEFAULT NULL,
  PRIMARY KEY USING BTREE (`recn`),
  KEY `surveillanceRecn` USING BTREE (`surveillanceRecn`),
  KEY `livestockRecn` USING BTREE (`livestockRecn`),
  CONSTRAINT `tblsurveillancedetails_fk` FOREIGN KEY (`surveillanceRecn`) REFERENCES `tblsurveillance` (`recn`) ON DELETE CASCADE ON UPDATE CASCADE,
  CONSTRAINT `tblsurveillancedetails_fk1` FOREIGN KEY (`livestockRecn`) REFERENCES `tbllivestock` (`recn`) ON DELETE CASCADE ON UPDATE CASCADE
) ENGINE=InnoDB
AUTO_INCREMENT=23 ROW_FORMAT=DYNAMIC CHARACTER SET 'latin1' COLLATE 'latin1_swedish_ci'
;

/* Structure for the `tbltradeliveanimals` table : */

CREATE TABLE `tbltradeliveanimals` (
  `recn` INTEGER(11) NOT NULL AUTO_INCREMENT,
  `tradeType` INTEGER(11) DEFAULT 0,
  `dateOfLicence` DATETIME DEFAULT NULL,
  `licenceNo` VARCHAR(50) COLLATE utf8_general_ci DEFAULT NULL,
  `fee` DECIMAL(19,4) DEFAULT 0.0000,
  `farmRecn` INTEGER(11) DEFAULT 0,
  UNIQUE KEY `recn` USING BTREE (`recn`)
) ENGINE=InnoDB
AUTO_INCREMENT=20 ROW_FORMAT=DYNAMIC CHARACTER SET 'utf8' COLLATE 'utf8_general_ci'
;

/* Structure for the `tbltradeliveanimalsdetails` table : */

CREATE TABLE `tbltradeliveanimalsdetails` (
  `recn` INTEGER(11) NOT NULL AUTO_INCREMENT,
  `tradeLiveAnimalRecn` INTEGER(11) DEFAULT 0,
  `dateOfTrade` DATETIME DEFAULT NULL,
  `breedRecn` INTEGER(11) DEFAULT 0,
  `quantity` INTEGER(11) DEFAULT 0,
  `country` INTEGER(11) DEFAULT 0,
  `quarantinePeriod` INTEGER(11) DEFAULT 0,
  `quarantinePeriodUnit` INTEGER(11) DEFAULT 0,
  `tradeStatus` INTEGER(11) DEFAULT 0,
  `comments` TEXT COLLATE utf8_general_ci,
  `consignee_of_sender` VARCHAR(80) COLLATE utf8_general_ci DEFAULT NULL,
  `consignee_of_receiver` VARCHAR(80) COLLATE utf8_general_ci DEFAULT NULL,
  UNIQUE KEY `recn` USING BTREE (`recn`),
  KEY `tradeLiveAnimalRecn` USING BTREE (`tradeLiveAnimalRecn`)
) ENGINE=InnoDB
AUTO_INCREMENT=56 ROW_FORMAT=DYNAMIC CHARACTER SET 'utf8' COLLATE 'utf8_general_ci'
;

/* Structure for the `tbltraders` table : */

CREATE TABLE `tbltraders` (
  `recn` INTEGER(11) NOT NULL AUTO_INCREMENT,
  `name` VARCHAR(100) COLLATE utf8_general_ci DEFAULT NULL,
  `type` INTEGER(11) DEFAULT 0,
  PRIMARY KEY USING BTREE (`recn`),
  KEY `recn` USING BTREE (`recn`)
) ENGINE=InnoDB
AUTO_INCREMENT=21 ROW_FORMAT=DYNAMIC CHARACTER SET 'utf8' COLLATE 'utf8_general_ci'
;

/* Structure for the `tbltradeproducts` table : */

CREATE TABLE `tbltradeproducts` (
  `recn` INTEGER(11) NOT NULL AUTO_INCREMENT,
  `tradeType` INTEGER(11) DEFAULT 0,
  `dateOfLicence` DATETIME DEFAULT NULL,
  `licenceNo` VARCHAR(50) COLLATE utf8_general_ci DEFAULT NULL,
  `fee` DECIMAL(19,4) DEFAULT 0.0000,
  `FarmRecn` INTEGER(11) DEFAULT 0,
  UNIQUE KEY `recn` USING BTREE (`recn`),
  KEY `tbltradeproducts_fk1` USING BTREE (`FarmRecn`),
  CONSTRAINT `tbltradeproducts_fk1` FOREIGN KEY (`FarmRecn`) REFERENCES `tbltraders` (`recn`) ON DELETE CASCADE ON UPDATE CASCADE
) ENGINE=InnoDB
AUTO_INCREMENT=2038 ROW_FORMAT=DYNAMIC CHARACTER SET 'utf8' COLLATE 'utf8_general_ci'
;

/* Structure for the `tbltradeproductsdetails` table : */

CREATE TABLE `tbltradeproductsdetails` (
  `recn` INTEGER(11) NOT NULL AUTO_INCREMENT,
  `commodityRecn` INTEGER(11) DEFAULT NULL,
  `dateOfTrade` DATETIME DEFAULT NULL,
  `weightInKG` INTEGER(11) DEFAULT NULL,
  `country` INTEGER(11) DEFAULT NULL,
  `tradeProductRecn` INTEGER(11) DEFAULT NULL,
  `consignee_of_sender` VARCHAR(80) COLLATE utf8_general_ci DEFAULT NULL,
  `consignee_of_receiver` VARCHAR(80) COLLATE utf8_general_ci DEFAULT NULL,
  UNIQUE KEY `recn` USING BTREE (`recn`),
  KEY `tradeProductRecn` USING BTREE (`tradeProductRecn`)
) ENGINE=InnoDB
AUTO_INCREMENT=3430 ROW_FORMAT=DYNAMIC CHARACTER SET 'utf8' COLLATE 'utf8_general_ci'
;

/* Structure for the `tbltransfers` table : */

CREATE TABLE `tbltransfers` (
  `Recn` INTEGER(11) NOT NULL AUTO_INCREMENT,
  `LivestockRecn` INTEGER(11) DEFAULT 0,
  `FromFarmRecn` INTEGER(11) DEFAULT 0,
  `ToFarmRecn` INTEGER(11) DEFAULT 0,
  `TransferDate` DATETIME DEFAULT NULL,
  PRIMARY KEY USING BTREE (`Recn`)
) ENGINE=InnoDB
AUTO_INCREMENT=36 ROW_FORMAT=DYNAMIC CHARACTER SET 'utf8' COLLATE 'utf8_general_ci'
;

/* Structure for the `tbltreatmentnames` table : */

CREATE TABLE `tbltreatmentnames` (
  `recn` INTEGER(11) NOT NULL AUTO_INCREMENT,
  `name` VARCHAR(50) COLLATE utf8_general_ci DEFAULT NULL,
  `default` INTEGER(11) DEFAULT 0,
  `Withdrawal` INTEGER(11) DEFAULT NULL,
  UNIQUE KEY `recn` USING BTREE (`recn`)
) ENGINE=InnoDB
AUTO_INCREMENT=12 ROW_FORMAT=DYNAMIC CHARACTER SET 'utf8' COLLATE 'utf8_general_ci'
;

/* Structure for the `tblunits` table : */

CREATE TABLE `tblunits` (
  `recn` INTEGER(11) NOT NULL AUTO_INCREMENT,
  `name` VARCHAR(255) COLLATE utf8_general_ci DEFAULT NULL,
  `type` INTEGER(11) DEFAULT NULL,
  UNIQUE KEY `recn` USING BTREE (`recn`)
) ENGINE=InnoDB
AUTO_INCREMENT=5 ROW_FORMAT=DYNAMIC CHARACTER SET 'utf8' COLLATE 'utf8_general_ci'
;

/* Structure for the `tblveterinarians` table : */

CREATE TABLE `tblveterinarians` (
  `recn` INTEGER(11) NOT NULL AUTO_INCREMENT,
  `name` VARCHAR(50) COLLATE utf8_general_ci DEFAULT NULL,
  UNIQUE KEY `recn` USING BTREE (`recn`)
) ENGINE=InnoDB
AUTO_INCREMENT=5 ROW_FORMAT=DYNAMIC CHARACTER SET 'utf8' COLLATE 'utf8_general_ci'
;

/* Structure for the `users` table : */

CREATE TABLE `users` (
  `username` VARCHAR(45) COLLATE latin1_swedish_ci NOT NULL,
  `photo` TEXT COLLATE latin1_swedish_ci,
  `date_add` DATETIME DEFAULT NULL,
  `levels_idlevels` INTEGER(10) UNSIGNED NOT NULL,
  `password` VARCHAR(255) COLLATE latin1_swedish_ci DEFAULT NULL,
  `status` TINYINT(1) DEFAULT NULL,
  PRIMARY KEY USING BTREE (`username`),
  KEY `users_FKIndex1` USING BTREE (`levels_idlevels`)
) ENGINE=InnoDB
ROW_FORMAT=DYNAMIC CHARACTER SET 'latin1' COLLATE 'latin1_swedish_ci'
;

/* Definition for the `animalbydistricts_view` view : */

CREATE ALGORITHM=UNDEFINED DEFINER='root'@'localhost' SQL SECURITY DEFINER VIEW `animalbydistricts_view`
AS
select
  distinct `tbldistricts`.`recn` AS `recn`,
  `tbldistricts`.`name` AS `name`,
  `tbldistricts`.`region` AS `region`,
  count(`tbllivestock`.`IDNO`) AS `total`
from
  ((`tbldistricts`
  join `tblfarms` on (`tbldistricts`.`recn` = `tblfarms`.`districtRecn`))
  join `tbllivestock` on (`tblfarms`.`recn` = `tbllivestock`.`farmRecn`))
group by
  `tbldistricts`.`recn`,
  `tbldistricts`.`name`,
  `tbldistricts`.`region`;

/* Definition for the `casebydistricts_view` view : */

CREATE ALGORITHM=UNDEFINED DEFINER='root'@'localhost' SQL SECURITY DEFINER VIEW `casebydistricts_view`
AS
select
  distinct `tbldistricts`.`recn` AS `recn`,
  `tbldistricts`.`name` AS `name`,
  `tbldistricts`.`region` AS `region`,
  count(`tblcasedetails`.`recn`) AS `total`
from
  ((`tbldistricts`
  join `tblfarms` on (`tbldistricts`.`recn` = `tblfarms`.`districtRecn`))
  join `tblcasedetails` on (`tblfarms`.`recn` = `tblcasedetails`.`farmRecn`))
group by
  `tbldistricts`.`recn`,
  `tbldistricts`.`name`,
  `tbldistricts`.`region`;

/* Definition for the `farmbydistricts_view` view : */

CREATE ALGORITHM=UNDEFINED DEFINER='root'@'localhost' SQL SECURITY DEFINER VIEW `farmbydistricts_view`
AS
select
  distinct `tbldistricts`.`recn` AS `recn`,
  `tbldistricts`.`name` AS `name`,
  `tbldistricts`.`region` AS `region`,
  count(`tblfarms`.`farmName`) AS `total`
from
  (`tbldistricts`
  join `tblfarms` on (`tbldistricts`.`recn` = `tblfarms`.`districtRecn`))
group by
  `tbldistricts`.`recn`,
  `tbldistricts`.`name`,
  `tbldistricts`.`region`;

/* Definition for the `farmerbydistricts_view` view : */

CREATE ALGORITHM=UNDEFINED DEFINER='root'@'localhost' SQL SECURITY DEFINER VIEW `farmerbydistricts_view`
AS
select
  distinct `tbldistricts`.`recn` AS `recn`,
  `tbldistricts`.`name` AS `name`,
  `tbldistricts`.`region` AS `region`,
  count(`tblfarmers`.`recn`) AS `total`
from
  ((`tbldistricts`
  join `tblfarms` on (`tbldistricts`.`recn` = `tblfarms`.`districtRecn`))
  join `tblfarmers` on (`tblfarms`.`farmerRecn` = `tblfarmers`.`recn`))
group by
  `tbldistricts`.`recn`,
  `tbldistricts`.`name`,
  `tbldistricts`.`region`;

/* Definition for the `map_view` view : */

CREATE ALGORITHM=UNDEFINED DEFINER='root'@'localhost' SQL SECURITY DEFINER VIEW `map_view`
AS
select
  distinct `animalbydistricts_view`.`recn` AS `recn`,
  `animalbydistricts_view`.`name` AS `name`,
  `animalbydistricts_view`.`region` AS `region`,
  `animalbydistricts_view`.`total` AS `Animal`,
  `farmbydistricts_view`.`total` AS `Farm`,
  `casebydistricts_view`.`total` AS `IllnesCase`,
  `farmerbydistricts_view`.`total` AS `Farmer`
from
  (((`animalbydistricts_view`
  join `farmbydistricts_view` on (`animalbydistricts_view`.`recn` = `farmbydistricts_view`.`recn`))
  join `casebydistricts_view` on (`animalbydistricts_view`.`recn` = `casebydistricts_view`.`recn`))
  join `farmerbydistricts_view` on (`animalbydistricts_view`.`recn` = `farmerbydistricts_view`.`recn`));

/* Definition for the `numberofanimalimportedbyspecies_view` view : */

CREATE ALGORITHM=UNDEFINED DEFINER='root'@'localhost' SQL SECURITY DEFINER VIEW `numberofanimalimportedbyspecies_view`
AS
select
  concat(`tblspecies`.`name`, ' : ', `tblbreeds`.`name`) AS `species`,
  sum(`tbltradeliveanimalsdetails`.`quantity`) AS `total`
from
  (((`tbltradeliveanimals`
  join `tbltradeliveanimalsdetails` on (`tbltradeliveanimals`.`recn` = `tbltradeliveanimalsdetails`.`tradeLiveAnimalRecn`))
  join `tblbreeds` on (`tbltradeliveanimalsdetails`.`breedRecn` = `tblbreeds`.`recn`))
  join `tblspecies` on (`tblbreeds`.`speciesrecn` = `tblspecies`.`recn`))
where
  `tbltradeliveanimals`.`tradeType` = 1
group by
  concat(`tblspecies`.`name`, ' : ', `tblbreeds`.`name`);

/* Definition for the `numberspecimenpermitissuedbyyear_view` view : */

CREATE ALGORITHM=UNDEFINED DEFINER='root'@'localhost' SQL SECURITY DEFINER VIEW `numberspecimenpermitissuedbyyear_view`
AS
select
  year (`tblspecimenpermit`.`dateIssued`) AS `year`,
  count(0) AS `total`
from
  `tblspecimenpermit`
group by
  year (`tblspecimenpermit`.`dateIssued`);

/* Definition for the `totalanimaltestedbyfarm_view` view : */

CREATE ALGORITHM=UNDEFINED DEFINER='root'@'localhost' SQL SECURITY DEFINER VIEW `totalanimaltestedbyfarm_view`
AS
select
  distinct `tblfarms`.`farmName` AS `farmName`,
  count(`tblsurveillancedetails`.`livestockRecn`) AS `total`
from
  ((`tblsurveillance`
  join `tblsurveillancedetails` on (`tblsurveillance`.`recn` = `tblsurveillancedetails`.`surveillanceRecn`))
  join `tblfarms` on (`tblsurveillance`.`farmRecn` = `tblfarms`.`recn`))
group by
  `tblfarms`.`farmName`;

/* Definition for the `totalofmeatimportedbycommodity_view` view : */

CREATE ALGORITHM=UNDEFINED DEFINER='root'@'localhost' SQL SECURITY DEFINER VIEW `totalofmeatimportedbycommodity_view`
AS
select
  `tblcommodities`.`name` AS `commodity`,
  sum(`tbltradeproductsdetails`.`weightInKG`) AS `total`
from
  ((`tbltradeproducts`
  join `tbltradeproductsdetails` on (`tbltradeproducts`.`recn` = `tbltradeproductsdetails`.`tradeProductRecn`))
  join `tblcommodities` on (`tbltradeproductsdetails`.`commodityRecn` = `tblcommodities`.`recn`))
where
  `tbltradeproducts`.`tradeType` = 1
group by
  `tblcommodities`.`name`;

/* Definition for the `viewillnessbyanimal` view : */

CREATE ALGORITHM=UNDEFINED DEFINER='root'@'localhost' SQL SECURITY DEFINER VIEW `viewillnessbyanimal`
AS
select
  distinct `tblcasedetails`.`livestockRecn` AS `livestockRecn`,
  `tbllivestock`.`IDNO` AS `IDNO`,
  `tblillnessnames`.`name` AS `Illness`,
  `tblcaseillnesses`.`dateOfIllness` AS `dateOfIllness`
from
  (((`tblcasedetails`
  join `tblcaseillnesses` on (`tblcasedetails`.`recn` = `tblcaseillnesses`.`caseRecn`))
  join `tblillnessnames` on (`tblcaseillnesses`.`illnessRecn` = `tblillnessnames`.`recn`))
  join `tbllivestock` on (`tblcasedetails`.`livestockRecn` = `tbllivestock`.`recn`))
order by
  `tblcaseillnesses`.`dateOfIllness`;

/* Definition for the `viewlivestock` view : */

CREATE ALGORITHM=UNDEFINED DEFINER='root'@'localhost' SQL SECURITY DEFINER VIEW `viewlivestock`
AS
select
  `tbllivestock`.`recn` AS `recn`,
  `tbllivestock`.`IDNO` AS `IDNO`,
  `tbllivestock`.`breedRecn` AS `breedRecn`,
  `tblbreeds`.`name` AS `breed`,
  `tblspecies`.`name` AS `species`,
  concat(`tblspecies`.`name`, ' : ', `tblbreeds`.`name`) AS `type_of_animal`,
  `tbllivestock`.`sex` AS `sex`,
  `tbllivestock`.`dateOfBirth` AS `dateOfBirth`,
  `tbllivestock`.`localOrOverseas` AS `localOrOverseas`,
  `tbllivestock`.`arrivalDate` AS `arrivalDate`,
  `tbllivestock`.`quarantinePeriod` AS `quarantinePeriod`,
  `tbllivestock`.`quarantinePeriodUnits` AS `quarantinePeriodUnits`,
  `tbllivestock`.`countryOfOrigin` AS `countryOfOrigin`,
  `tbllivestock`.`farmRecn` AS `farmRecn`,
  `tbllivestock`.`populationOnFarm` AS `populationOnFarm`,
  `tbllivestock`.`dateAdded` AS `dateAdded`,
  `tbllivestock`.`importRecn` AS `importRecn`,
  `tbllivestock`.`exportRecn` AS `exportRecn`,
  `tbllivestock`.`Transferred` AS `Transferred`
from
  ((`tblspecies`
  join `tblbreeds` on (`tblspecies`.`recn` = `tblbreeds`.`speciesrecn`))
  join `tbllivestock` on (`tblbreeds`.`recn` = `tbllivestock`.`breedRecn`));

/* Data for the `access` table  (LIMIT 0,500) */

INSERT INTO `access` (`idaccess`, `levels_idlevels`, `accesname`, `configuration`, `status`) VALUES
  (1,1,'farm_farmers','01101111111111111111111111',1),
  (2,1,'case_management','11111111111111111111111111',1),
  (3,1,'abbatoir','11111111111111111111111111',1),
  (4,1,'licences','11111111111111111111111111',1),
  (5,1,'maintenance','11111111111111111111111111',1),
  (6,2,'farm_farmers','01011111111111111111111111',1),
  (7,2,'case_management','01011011111111111111111111',1),
  (8,2,'abbatoir','01011011111111111111111111',1),
  (9,2,'licences','01011011111111111111111111',1),
  (10,2,'maintenance','01011011111111111111111111',1);
COMMIT;

/* Data for the `documents` table  (LIMIT 0,500) */

INSERT INTO `documents` (`Recn`, `Document`, `Scanned`, `AnimalRecn`, `DateAdded`, `ScanLocation`, `User`, `DateEntered`) VALUES
  (1,'Rabies titer',0,2,NULL,'C:\\Program Files\\AnimalHealthRecordsForPractice\\RabiesTiter.jpg ',NULL,NULL),
  (2,'Import App',0,2,NULL,'C:\\Documents and Settings\\Vet Services\\My Documents\\IMPORT PERMITS AND APPLICATION FORMS, EXPORT HEALTH CERTIFICATE\\APPLICATION FORM FOR IMPORTING PETS INTO THE FEDERATION.doc  ',NULL,NULL),
  (3,'Excel Sample',0,2,NULL,'C:\\Documents and Settings\\Vet Services\\My Documents\\port.xls ',NULL,NULL);
COMMIT;

/* Data for the `levels` table  (LIMIT 0,500) */

INSERT INTO `levels` (`idlevels`, `rolename`) VALUES
  (1,'1'),
  (2,'2'),
  (3,'3'),
  (4,'4'),
  (5,'5');
COMMIT;

/* Data for the `tblabbatoir` table  (LIMIT 0,500) */

INSERT INTO `tblabbatoir` (`Recn`, `sDate`, `Presenter`, `PresenterAdr`, `PresenterPhone`, `User`, `DateEntered`) VALUES
  (1,'2008-09-25 00:00:00','John','Ward','465-5544','Office','2008-09-25 10:52:01'),
  (2,'2008-07-01 00:00:00','JOHN DOE','Sandy Point','662-5877','Office','2008-09-25 11:02:30'),
  (3,'2017-05-25 00:00:00','','','','skylab','2017-05-25 06:05:23'),
  (4,'2017-05-25 00:00:00','','','','skylab','2017-05-25 06:05:29'),
  (5,'2017-05-31 00:00:00','jko','','','skylab','2017-06-01 05:07:51'),
  (6,'2017-06-05 00:00:00','ero','baysmo','55074796','skylab','2017-06-05 07:49:39'),
  (7,'0000-00-00 00:00:00','dfdf','njghj','','skylab','2017-06-25 01:07:19'),
  (8,'2017-06-30 00:00:00','Pepe','stkitt','','skylab','2017-06-30 20:38:28'),
  (9,'0000-00-00 00:00:00','lo','hkj','','skylab','2017-07-01 06:12:57'),
  (10,'0000-00-00 00:00:00','Juan','Micro V','55074796','skylab','2017-07-02 05:57:59'),
  (11,'0000-00-00 00:00:00','','','','skylab','2017-07-18 06:29:26');
COMMIT;

/* Data for the `tblabbatoirlivestock` table  (LIMIT 0,500) */

INSERT INTO `tblabbatoirlivestock` (`Recn`, `LivestockID`, `LivestockRecn`, `AbbatoirRecn`, `Type`, `Buyer`, `User`, `DateEntered`) VALUES
  (1,'skn111',1,0,'Heifer',1,NULL,NULL),
  (2,'skn2222',2,2,'Heifer',1,NULL,NULL);
COMMIT;

/* Data for the `tblbills` table  (LIMIT 0,500) */

INSERT INTO `tblbills` (`recn`, `caseRecn`, `amount`, `type`, `balance`, `transactionDate`) VALUES
  (2,0,0.0000,1,0.0000,'2017-05-31 00:00:00'),
  (3,1,23.0000,1,23.0000,'2017-06-05 00:00:00'),
  (4,30,256.0000,1,256.0000,'2019-09-12 00:00:00'),
  (5,1,0.5600,1,23.5600,'2019-09-12 00:00:00'),
  (7,4,23.5600,1,23.5600,'2019-09-12 00:00:00'),
  (8,4,7.8000,1,31.3600,'2019-09-13 00:00:00'),
  (9,96,32.8900,1,32.8900,'2019-09-14 00:00:00');
COMMIT;

/* Data for the `tblbreeds` table  (LIMIT 0,500) */

INSERT INTO `tblbreeds` (`recn`, `name`, `speciesrecn`) VALUES
  (1,'ANGUS',1),
  (2,'ANGLO-NUBIAN',2),
  (3,'MIXED',1),
  (4,'DOPA',1),
  (5,'MIXED',8),
  (6,'CHIHUAHUA',8),
  (7,'Mixed',2),
  (8,'Torgenburg',2),
  (9,'MIXED',4),
  (10,'LANDRACE',4),
  (11,'DUROC',4),
  (12,'MIXED',3),
  (13,'Red Pole',1),
  (14,'JERSEY',1),
  (15,'zebu',8),
  (16,'Jamican Black',8);
COMMIT;

/* Data for the `tblbuyers` table  (LIMIT 0,500) */

INSERT INTO `tblbuyers` (`Recn`, `Name`, `BuyerAdr`, `BuyerPhone`, `User`, `DateEntered`) VALUES
  (1,'C & C Superfoods','George Street, Basseterre','465-2158',NULL,NULL);
COMMIT;

/* Data for the `tblcasedetails` table  (LIMIT 0,500) */

INSERT INTO `tblcasedetails` (`recn`, `caseNumber`, `dateOfCase`, `farmRecn`, `livestockRecn`, `vetRecn`, `billTotal`) VALUES
  (1,'04','2009-07-23 00:00:00',25,3,2,23.5600),
  (4,'01','2009-08-10 00:00:00',28,6,2,31.3600),
  (8,'07','2009-09-04 00:00:00',36,21,2,0.0000),
  (9,'08','2009-08-27 00:00:00',37,26,1,0.0000),
  (10,'22','2010-01-19 00:00:00',57,47,2,0.0000),
  (11,'20','2010-01-20 00:00:00',58,48,2,0.0000),
  (12,'44','2010-01-29 00:00:00',65,55,2,0.0000),
  (15,'45','2010-04-02 00:00:00',69,60,2,0.0000),
  (16,'46','2010-03-16 00:00:00',70,62,2,0.0000),
  (17,'47','2010-03-24 00:00:00',11,69,2,0.0000),
  (18,'48','2010-03-18 00:00:00',19,67,2,0.0000),
  (19,'49','2010-03-18 00:00:00',71,66,2,0.0000),
  (20,'18','2010-03-25 00:00:00',72,70,1,0.0000),
  (21,'20','2010-03-25 00:00:00',73,71,1,0.0000),
  (22,'21','2010-03-25 00:00:00',74,72,1,0.0000),
  (24,'22','2010-04-16 00:00:00',39,28,1,0.0000),
  (25,'23','2010-04-16 00:00:00',24,135,1,0.0000),
  (26,'24','2010-04-16 00:00:00',77,75,1,0.0000),
  (27,'25','2010-04-16 00:00:00',77,76,1,0.0000),
  (28,'26','2010-04-21 00:00:00',64,84,2,0.0000),
  (29,'27','2010-07-05 00:00:00',81,85,1,0.0000),
  (30,'28','2010-05-27 00:00:00',37,22,2,256.0000),
  (31,'28','2010-05-27 00:00:00',37,23,2,0.0000),
  (32,'30','2010-06-11 00:00:00',82,90,2,0.0000),
  (33,'31','2010-06-10 00:00:00',32,11,1,0.0000),
  (34,'32','2010-06-14 00:00:00',84,99,2,0.0000),
  (35,'33','2010-07-15 00:00:00',85,100,4,0.0000),
  (36,'34','2010-07-15 00:00:00',86,101,2,0.0000),
  (41,'35','2019-04-30 00:00:00',103,139,1,0.0000),
  (42,'36','2019-04-29 00:00:00',101,0,1,0.0000),
  (45,'37','2019-04-30 00:00:00',104,149,2,0.0000),
  (47,'38','2019-03-29 00:00:00',105,154,1,0.0000),
  (50,'39','2019-03-25 00:00:00',106,157,1,0.0000),
  (51,'40','2019-03-25 00:00:00',35,16,1,0.0000),
  (54,'41','2019-03-28 00:00:00',111,160,1,NULL),
  (55,'42','2019-03-28 00:00:00',112,161,1,0.0000),
  (60,'40','2019-04-30 00:00:00',103,139,1,0.0000),
  (64,'39','2019-03-29 00:00:00',107,158,1,0.0000),
  (65,'38','2019-03-29 00:00:00',105,154,1,0.0000),
  (68,'37','2019-03-25 00:00:00',106,157,1,NULL),
  (71,'36','2019-04-30 00:00:00',104,149,1,NULL),
  (73,'35','1970-01-01 00:00:00',101,163,1,0.0000),
  (76,'34','2019-07-09 00:00:00',120,168,1,0.0000),
  (77,'33','2019-07-09 00:00:00',121,169,1,0.0000),
  (81,'31','2019-03-20 00:00:00',123,171,1,0.0000),
  (82,'32','2019-03-28 00:00:00',122,177,1,0.0000),
  (84,'30','2019-05-30 00:00:00',124,179,1,0.0000),
  (85,'29','2019-05-01 00:00:00',125,181,2,0.0000),
  (86,'28','2019-07-16 00:00:00',129,183,1,0.0000),
  (91,'5','2019-07-28 00:00:00',8,19,1,0.0000),
  (92,'5','2019-07-28 00:00:00',8,19,1,0.0000),
  (93,'5','2019-07-28 00:00:00',8,19,1,0.0000),
  (94,'5','2019-07-28 00:00:00',8,19,1,0.0000),
  (95,'5','2019-07-28 00:00:00',8,19,1,0.0000),
  (96,'2019','2019-09-13 00:00:00',24,135,4,32.8900);
COMMIT;

/* Data for the `tblcaseillnesses` table  (LIMIT 0,500) */

INSERT INTO `tblcaseillnesses` (`recn`, `caseRecn`, `illnessRecn`, `dateOfIllness`, `summary`, `treatmentRecn`, `dateOfTreatment`, `response`, `Withdrawal`) VALUES
  (1,4,1,'2017-06-10 12:00:00','Skin Lesions',1,'2017-06-10 00:00:00','Good',28),
  (5,3,1,'2009-08-11 00:00:00','Skin lesions',1,'2009-08-11 00:00:00','Good',28),
  (6,5,1,'2009-08-11 00:00:00','Bumpy',1,'2009-08-11 00:00:00','Good',28),
  (7,1,19,'2009-07-23 00:00:00','Bumpy skin',1,'2009-07-23 00:00:00','Good',28),
  (8,6,2,'2009-02-02 00:00:00','Lethargy, anaemia',8,'2009-02-02 00:00:00','Good. Recovered',40),
  (9,7,3,'2009-08-13 00:00:00','Opistotnus (Stifness)',9,'2009-02-02 00:00:00','Died.',28),
  (10,8,2,'2009-08-13 00:00:00','Oedema',8,'2009-09-04 00:00:00','Good.',40),
  (11,9,1,'2017-06-27 00:00:00','',1,'2017-06-28 12:00:00','',28),
  (12,9,1,'2009-08-27 00:00:00','',1,'2009-08-27 00:00:00','',28),
  (13,9,1,'2009-08-27 00:00:00','',1,'2009-08-27 00:00:00','',0),
  (14,9,1,'2009-08-27 00:00:00','',1,'2009-08-27 00:00:00','',28),
  (15,9,1,'2009-08-27 00:00:00','',1,'2009-08-27 00:00:00','',28),
  (16,0,5,'2010-01-20 00:00:00','',5,'2010-01-20 00:00:00','',0),
  (17,11,5,'2010-01-20 00:00:00','20cc of pen-strep',5,'2010-01-20 00:00:00','',0),
  (18,10,4,'2010-01-20 00:00:00','',5,'2010-01-20 00:00:00','',0),
  (19,12,6,'2010-01-29 00:00:00','The sow was in its early stage of pregnancy. piglets seem to be depleting her nutrient stores.',4,'2010-02-02 00:00:00','Aborted the fetus. Was also given Norocillin for any bacterial Infections.',0),
  (20,13,8,'2010-02-03 00:00:00','One of the halves was good. the other one was in unsatisfactory shape. Lactating penicillin ointment was inserted in the nipples and massaged. a follow up was done the next day. Kids seem active.',9,'2010-02-01 00:00:00','Good.',28),
  (21,14,9,'2010-02-03 00:00:00','Norocillin was given. retro bulbar block was given (lidocaine) to take out the eye.',1,NULL,'',0),
  (22,15,10,'2010-02-04 00:00:00','2cc Dexamethasone',1,'2010-02-04 00:00:00','',0),
  (23,16,1,'2010-03-16 00:00:00','60cc of la was given to two cows. 50cc of la was given to glewis20081',1,'2010-03-16 00:00:00','',28),
  (24,17,4,'2010-03-24 00:00:00','3CC PEN STREP. 1/2CC LA. Pessary',5,'2010-03-23 00:00:00','',0),
  (25,18,1,'2010-03-18 00:00:00','50ml LA. THE SAME FOR COW ID : RP20077',1,'2010-03-18 00:00:00','',0),
  (26,19,1,'2010-03-24 00:00:00','50ml LA',1,'2010-03-18 00:00:00','',0),
  (27,20,1,'2010-03-25 00:00:00','20cc of LA was given',1,'2010-03-25 00:00:00','',28),
  (28,21,10,'2010-03-26 00:00:00','4ml of combikel was used. 4ml of pentobarb was used.',5,'2010-03-25 00:00:00','',0),
  (29,22,11,'2010-03-26 00:00:00','pen strep and multivitamins were given.',5,'2010-03-25 00:00:00','',0),
  (30,24,1,'2010-04-15 00:00:00','',1,'2010-04-16 00:00:00','',28),
  (31,25,1,'2010-04-15 00:00:00','',1,'2010-04-16 00:00:00','',28),
  (32,26,1,'2010-04-20 00:00:00','',1,'2010-04-16 00:00:00','',28),
  (33,27,1,'2010-04-20 00:00:00','',1,'2010-04-16 00:00:00','',28),
  (34,9,1,'2010-04-20 00:00:00','',1,'2010-04-20 00:00:00','',28),
  (35,28,6,'2010-04-21 00:00:00','',4,'2010-04-21 00:00:00','',0),
  (36,29,1,'2010-05-11 00:00:00','Oxytetracycline was given to all five animals.',1,'2010-07-05 00:00:00','',0),
  (37,30,1,'2010-05-27 00:00:00','50cc of l.a',1,'2010-05-27 00:00:00','',28),
  (38,31,1,'2010-05-27 00:00:00','40cc.\r\n',1,'2010-05-27 00:00:00','',28),
  (39,32,1,'2010-06-11 00:00:00','50cc  j.cabey 20062 received 60cc ',1,'2010-06-11 00:00:00','',28),
  (40,33,1,'2010-06-14 00:00:00','30cc j.woodley 20044 was given 30cc',1,'2010-06-10 00:00:00','',28),
  (41,34,1,'2010-06-14 00:00:00','50cc',1,'2010-06-14 00:00:00','',28),
  (42,35,1,'2010-07-15 00:00:00','40mls LA',1,'2010-07-15 00:00:00','',28),
  (43,36,1,'2010-07-15 00:00:00','15mls LA',1,'2010-07-15 00:00:00','',28),
  (44,36,1,'2010-07-15 00:00:00','35MLS OF LA WAS GIVEN TO wenellwattley52009',1,'2010-07-15 00:00:00','',28),
  (45,0,1,'2017-05-31 00:00:00','',2,'2017-05-31 00:00:00','',0),
  (46,1,1,'2017-06-29 00:00:00','pulgas',1,'2017-06-29 12:00:00','positive',30),
  (47,1,2,'2017-07-16 00:00:00','malito',5,'2017-07-17 00:00:00','good',23),
  (48,36,19,'2019-04-30 00:00:00','',0,'2019-07-04 00:00:00','',0),
  (50,36,19,'2019-04-29 00:00:00','',1,'2019-04-30 00:00:00','',28),
  (51,41,19,'2019-04-30 00:00:00','',1,'2019-04-30 00:00:00','-',28),
  (53,42,19,'2019-04-29 00:00:00','',1,'2019-07-29 00:00:00','',28),
  (55,45,19,'2019-04-30 00:00:00','',10,'2019-04-30 00:00:00','',28),
  (56,45,19,'2019-04-30 00:00:00','',1,'2019-04-30 00:00:00','',28),
  (57,45,19,'2019-04-30 00:00:00','',1,'0000-00-00 00:00:00','',28),
  (58,45,19,'2019-04-30 00:00:00','',1,'2019-04-30 00:00:00','',28),
  (60,47,19,'2019-03-29 00:00:00','',10,'2019-03-29 00:00:00','',28),
  (61,47,19,'2019-03-29 00:00:00','',10,'2019-03-29 00:00:00','',28),
  (62,47,19,'2019-03-29 00:00:00','bumps of the skin',10,'2019-03-29 00:00:00','',28),
  (63,50,4,'2019-03-25 00:00:00','',11,'2019-03-25 00:00:00','',0),
  (64,1,19,'2019-03-29 00:00:00','',10,'2019-03-29 00:00:00','',28),
  (65,53,19,'2019-03-29 00:00:00','',10,'2019-03-29 00:00:00','',28),
  (67,54,19,'2019-03-28 00:00:00','',10,'2019-03-28 00:00:00','',28),
  (68,55,19,'2019-03-28 00:00:00','',10,'2019-03-28 00:00:00','',28),
  (69,57,19,'2019-03-27 00:00:00','',10,'2019-03-27 00:00:00','',28),
  (72,54,19,'2019-04-30 00:00:00','',1,'2019-04-30 00:00:00','',28),
  (73,60,19,'2019-04-30 00:00:00','',1,'2019-04-30 00:00:00','',28),
  (74,55,19,'2019-03-28 00:00:00','',10,'0000-00-00 00:00:00','',28),
  (77,64,19,'2019-03-29 00:00:00','',10,'2019-03-29 00:00:00','',0),
  (79,65,19,'2019-03-29 00:00:00','',10,'2019-03-29 00:00:00','',0),
  (80,65,19,'2019-03-29 00:00:00','',10,'2019-03-29 00:00:00','',28),
  (81,65,19,'2019-03-29 00:00:00','',10,'2019-03-29 00:00:00','',28),
  (83,68,4,'2019-03-25 00:00:00','',11,'2019-03-25 00:00:00','',0),
  (86,71,19,'2019-04-30 00:00:00','',10,'2019-04-30 00:00:00','',0),
  (87,71,19,'2019-04-30 00:00:00','',1,'2019-04-30 00:00:00','',28),
  (88,71,19,'2019-04-30 00:00:00','',1,'2019-04-30 00:00:00','',28),
  (89,71,19,'2019-04-30 00:00:00','',1,'2019-04-30 00:00:00','',28),
  (93,73,19,'2019-04-29 00:00:00','',1,'2019-04-29 00:00:00','',0),
  (95,74,19,'2019-07-09 00:00:00','',1,'2019-07-09 00:00:00','',28),
  (97,77,19,'2019-07-09 00:00:00','',1,'2019-07-09 00:00:00','',28),
  (98,76,19,'2019-07-09 00:00:00','',1,'2019-07-09 00:00:00','',28),
  (102,0,19,'2019-03-20 00:00:00','',10,'2019-03-20 00:00:00','',28),
  (104,0,19,'2019-03-28 00:00:00','',10,'2019-03-28 00:00:00','',28),
  (105,0,19,'2019-03-28 00:00:00','',10,'2019-03-28 00:00:00','',28),
  (106,1,19,'2019-05-30 00:00:00','',1,'2019-05-30 00:00:00','',28),
  (107,1,19,'2019-05-30 00:00:00','',1,'2019-05-30 00:00:00','',28),
  (108,84,19,'2019-05-30 00:00:00','',1,'2019-05-30 00:00:00','',28),
  (109,84,19,'2019-03-28 00:00:00','',10,'2019-03-28 00:00:00','',0),
  (110,1,19,'2019-05-01 00:00:00','',1,'2019-05-01 00:00:00','',28),
  (111,85,19,'2019-05-01 00:00:00','',1,'2019-05-01 00:00:00','',28),
  (112,85,19,'2019-04-18 00:00:00','',10,'2019-04-18 00:00:00','',28),
  (113,55,19,'2019-07-12 00:00:00','',1,'2019-07-12 00:00:00','',28),
  (114,55,19,'2019-07-12 00:00:00','',1,'2019-07-12 00:00:00','',28),
  (115,85,19,'2019-07-16 00:00:00','',10,'2019-07-16 00:00:00','',0),
  (116,55,19,'2019-07-12 00:00:00','',1,'2019-07-12 00:00:00','',28),
  (117,85,19,'2019-07-16 00:00:00','',10,'2019-07-16 00:00:00','',0),
  (118,86,19,'2019-07-16 00:00:00','',10,'2019-07-16 00:00:00','',0),
  (119,86,19,'2019-07-16 00:00:00','',10,'2019-07-16 00:00:00','',0),
  (120,86,19,'2019-07-16 00:00:00','',0,'2019-07-16 00:00:00','',0),
  (121,86,19,'2019-07-16 00:00:00','',10,'2019-07-16 00:00:00','',0),
  (122,86,19,'2019-07-16 00:00:00','',10,'2019-07-16 00:00:00','',0),
  (123,89,19,'2019-06-20 00:00:00','',1,'2019-06-20 00:00:00','',0),
  (124,89,19,'2019-06-20 00:00:00','',1,'2019-06-20 00:00:00','',0),
  (125,89,19,'2019-06-20 00:00:00','',1,'2019-06-20 00:00:00','',0),
  (126,90,19,'2019-06-20 00:00:00','',1,'2019-06-20 00:00:00','',0),
  (127,90,19,'2019-06-20 00:00:00','',1,'2019-06-20 00:00:00','',0),
  (128,90,19,'2019-06-20 00:00:00','',1,'2019-06-20 00:00:00','',0),
  (130,30,1,'2019-09-12 00:00:00','every thing is good',7,'2019-09-12 00:00:00','good',28),
  (131,96,2,'2019-09-13 00:00:00','loco',6,'2019-09-13 00:00:00','good',12);
COMMIT;

/* Data for the `tblcommodities` table  (LIMIT 0,500) */

INSERT INTO `tblcommodities` (`recn`, `name`) VALUES
  (1,'POULTRY MEAT'),
  (2,'PORCINE MEAT'),
  (3,'MUTTON'),
  (4,'BEEF'),
  (5,'Various Assorted'),
  (6,'Pork & Mutton'),
  (7,'Pork& Poultry meat'),
  (8,'beef & Pork'),
  (9,'Ovine');
COMMIT;

/* Data for the `tblcountries` table  (LIMIT 0,500) */

INSERT INTO `tblcountries` (`recn`, `name`, `type`) VALUES
  (1,'St. Kitts and Nevis',1),
  (2,'St. Lucia',2),
  (3,'Dominica',2),
  (4,'Barbados',2),
  (5,'Trinidad & Tobago',2),
  (6,'Jamaica',2),
  (7,'Grenada',2),
  (8,'St.Vincent & the Grenadines',2),
  (9,'Antigua',2),
  (10,'Anguilla',2),
  (11,'Bahamas',2),
  (12,'Martinique',2),
  (20,'Puerto Rico',2),
  (21,'Haiti',2),
  (22,'Dominican Republic',2),
  (23,'United States',2),
  (24,'United Kingdom',2),
  (25,'Australia',2),
  (26,'France',2),
  (27,'Germany',2),
  (28,'Denmark',2),
  (29,'Poland',2),
  (30,'Holland',2),
  (31,'Italy',2),
  (32,'Greece',2),
  (33,'Canada',2),
  (34,'Brazil',2),
  (35,'Venezuela',2),
  (36,'Guyana',2),
  (37,'Russia',2),
  (38,'Argentina',2),
  (39,'Chile',2),
  (40,'Botswana',2),
  (41,'Nigeria',2),
  (42,'Zimbabwe',2),
  (43,'Zambia',2),
  (44,'Belize',2),
  (45,'Ethiopia',2),
  (46,'Zaire',2),
  (47,'South Africa',2),
  (48,'Egypt',2),
  (49,'Romania',2),
  (50,'New Zealand',2);
COMMIT;

/* Data for the `tbldistricts` table  (LIMIT 0,500) */

INSERT INTO `tbldistricts` (`recn`, `name`, `region`) VALUES
  (1,'St. Peter''s','KN-11'),
  (2,'St. Anne','KN-02'),
  (3,'St. John','KN-06'),
  (4,'St. George','KN-03'),
  (8,'St. Paul','KN-09'),
  (9,'St. Thomas','KN-13'),
  (10,'St. Mary','KN-08'),
  (11,'Christchurch','KN-01'),
  (12,'Trinity','KN-15');
COMMIT;

/* Data for the `tblfarmers` table  (LIMIT 0,500) */

INSERT INTO `tblfarmers` (`recn`, `fName`, `lName`, `address1`, `address2`, `dateAdded`, `Phone`) VALUES
  (8,'Anita','Norford','Tabernacle','','2009-02-18 00:00:00','660-5230'),
  (9,'keith','Simmonds','Challengers','','2009-02-18 00:00:00','665-0437'),
  (10,'Tyra','Mills','Newton Ground',NULL,'2009-02-18 00:00:00','665-2763'),
  (11,'Robert','Webster','Middle Island',NULL,'2009-02-18 00:00:00','664-4409'),
  (13,'Elroy','Belle','Stapleton',NULL,'2009-02-18 00:00:00','667-7543'),
  (16,'Samuel','Davis','Cayon',NULL,'2009-02-18 00:00:00','668-0370'),
  (18,'Annette','France','Upper Monkey Hill',NULL,'2009-02-18 00:00:00','663-4604'),
  (20,'Rupert','Phipps','Tabernacle',NULL,'2009-02-18 00:00:00','669-6622'),
  (22,'William','Bloyce','St.Pauls',NULL,'2009-02-18 00:00:00','669-3532'),
  (26,'Don','Caines','St.Peters',NULL,'2009-07-24 00:00:00','662-2934'),
  (27,'Charles','Maynard','St.Peters',NULL,'2009-07-24 00:00:00','660-9610'),
  (29,'Austin','Richards','Conaree',NULL,'2009-08-11 00:00:00','764-4999'),
  (30,'St.Clair','Marsham','Godwin Ghaut',NULL,'2009-08-11 00:00:00','664-8655'),
  (32,'George','Spencer','Cayon',NULL,'2009-08-11 00:00:00','665-4875'),
  (33,'Clifton','Gordon','Stapleton',NULL,'2009-08-11 00:00:00','465-0000'),
  (34,'Joseph','Patrick','Tabernacle',NULL,'2009-08-11 00:00:00','765-3796'),
  (35,'Stacey','Hobson','Monkey Hill',NULL,'2009-08-11 00:00:00','465-0000'),
  (36,'Conrad','Lowry','Cayon',NULL,'2009-08-11 00:00:00','668-0370'),
  (37,'Victor','John','St.Pauls',NULL,'2009-08-11 00:00:00','663-4788'),
  (38,'Dennis','Carey','College Street Ghaut',NULL,'2009-08-13 00:00:00','663-0000'),
  (39,'Lloyd','Cranstoun','Challengers',NULL,'2009-08-27 00:00:00','465-6807'),
  (41,'Oliver','Huggins','Cayon',NULL,'2009-09-09 00:00:00','465-0000'),
  (42,'Joseph','Morson','Buckley''s Estate',NULL,'2009-09-09 00:00:00','661-0427'),
  (43,'Devon ','Williams','Stapleton',NULL,'2009-09-15 00:00:00','465-0000'),
  (44,'Macdonald','Hodge','Camps',NULL,'2009-09-15 00:00:00','663-3271'),
  (46,'Franklyn','Davis','Saddlers',NULL,'2009-09-15 00:00:00','664-5970'),
  (47,'Sheba','---','Lodge',NULL,'2009-09-15 00:00:00','667-8448'),
  (48,'James','Carey','Cuningham',NULL,'2010-01-18 00:00:00','665-1889'),
  (49,'otis','Stevens','central street',NULL,'2010-01-18 00:00:00','665-5323'),
  (50,'Mrs.','Williams','Taylors',NULL,'2010-01-18 00:00:00','466-1019'),
  (52,'Joseph','Phillip','Molinuex',NULL,'2010-01-18 00:00:00','663-9069'),
  (53,'George','Spencer','Cayon',NULL,'2010-01-18 00:00:00','665-4875'),
  (54,'Winston','Herbert','Sandy Point',NULL,'2010-01-18 00:00:00','465-4798'),
  (56,'George','Spencer','Cayon',NULL,'2010-01-18 00:00:00','665-4875'),
  (57,'Camron','Liburd','Village',NULL,'2010-01-18 00:00:00','668-0798'),
  (58,'Delores ','Steven','Keys',NULL,'2010-01-18 00:00:00','664-0399'),
  (59,'Karime','Carey','Tabernacle',NULL,'2010-01-20 00:00:00','667-8914'),
  (60,'Morris','Browne','Stapleton',NULL,'2010-01-20 00:00:00','465-4958'),
  (61,'Errol','Williams','Tabernacle',NULL,'2010-01-22 00:00:00','664-5642'),
  (62,'Charles','Williams','Lower Monkey Hill',NULL,'2010-01-22 00:00:00','664-7527'),
  (63,'Walter','Stephens','Stapleton',NULL,'2010-01-27 00:00:00','667-0000'),
  (65,'Romain','Tota','Monkey Hill',NULL,'2010-01-28 00:00:00','661-2690'),
  (66,'Valerie','Connor','Trinity',NULL,'2010-01-28 00:00:00','663-6171'),
  (67,'Stella','Lawrence','Saddlers',NULL,'2010-02-03 00:00:00','465-9097'),
  (69,'Catherine','Tweede','Saddlers',NULL,'2010-02-03 00:00:00','764-4502'),
  (70,'Orville','Phipps','Saddlers Village',NULL,'2010-02-05 00:00:00','663-4603'),
  (72,'LIONEL','HARRIS','SADDLERS VILLAGE',NULL,'2010-02-05 00:00:00','661-1780'),
  (73,'Garette','Lewis','Godwin Ghaut',NULL,'2010-03-17 00:00:00','667-4024'),
  (74,'Samuel','Thomas','Buckleys',NULL,'2010-03-24 00:00:00','667-0371'),
  (75,'Hanzel','Williams','Palmetto Point',NULL,'2010-03-26 00:00:00','668-7282'),
  (76,'Iona ','Koker','Station Road Old Road',NULL,'2010-03-26 00:00:00','465-5587'),
  (77,'Joseph','Hanley','Upper Monkey hill',NULL,'2010-03-26 00:00:00','661-4633'),
  (80,'George','Jeffery','Tabernacle',NULL,'2010-04-20 00:00:00','669-2546'),
  (81,'Cecil','Douglas','New Road',NULL,'2010-04-21 00:00:00','663-6587'),
  (82,'Ken','Herbert','New Road',NULL,'2010-04-21 00:00:00','663-2723'),
  (83,'Glenfield','Dorset','West farm',NULL,'2010-04-21 00:00:00','668-3750'),
  (85,'Clayton','Hanley','Shadwell Estate',NULL,'2010-05-11 00:00:00','4650000'),
  (86,'joseph','cabey','market street',NULL,'2010-06-14 00:00:00','4650000'),
  (87,'Gareth ','Lewis','Halfway Tree','','2010-06-14 00:00:00','4650000'),
  (88,'Lionel','Marsham','godwin ghaut','','2010-06-14 00:00:00','4650000'),
  (89,'Simes','Son','Hermitage',NULL,'2010-07-16 00:00:00','465-0000'),
  (90,'Wendell ','Wattley','Hermitage',NULL,'2010-07-16 00:00:00','465-0000'),
  (91,'Kendell','Challenger','Old Road',NULL,'2010-07-27 00:00:00','465-0000'),
  (92,'Walton','Jacobs','Mattingley Heights',NULL,'2010-07-27 00:00:00','465-0000'),
  (93,'L.','Berkley','West Farm',NULL,'2010-07-27 00:00:00','465-0000'),
  (94,'Alphonse','Clarke','West Farm',NULL,'2010-07-27 00:00:00','465-0000'),
  (95,'Clive','Hanley','West Farm',NULL,'2010-07-27 00:00:00','465-0000'),
  (96,'Franklyn','Dias','West Farm',NULL,'2010-07-27 00:00:00','465-0000'),
  (97,'Clive','Webster','Old Road',NULL,'2010-07-27 00:00:00','465-0000'),
  (98,'Dave','Simon','Monkey Hill',NULL,'2010-07-28 00:00:00','6664-3728'),
  (99,'Recaldo','Harvey','Monkey Hill',NULL,'2010-07-28 00:00:00','465-0000'),
  (105,'Ray T','R. Francis ','Olivees','','2019-07-04 00:00:00','6630000'),
  (107,'Ian','Maynard','Buckleys','','2019-07-04 00:00:00','-----'),
  (108,'Darrel','Thomas','Buckleys','','2019-07-04 00:00:00','7675923'),
  (109,'Elston','Thompson','Old Road','','2019-07-04 00:00:00','6600484'),
  (110,'Anna','Hull','Cayon','','2019-07-04 00:00:00','465-3477'),
  (111,'Willy Ezekiel','Archibalt','Cayon','','2019-07-04 00:00:00','663-8323'),
  (115,'Cedric','Vaughm','Lower Monkey Hill','','2019-07-04 00:00:00','760-0783'),
  (116,'Salomon','Morton','Cayon','','2019-07-04 00:00:00','765-6429'),
  (117,'Austin','Mason','Parson Ground','','2019-07-04 00:00:00','663 - 8899'),
  (119,'Ray T','Francis','Olivees','','2019-04-24 00:00:00','-'),
  (123,'Wendel','Dorset','West Farm','','2019-04-28 00:00:00','---'),
  (126,'Maurice','Browne','Parry Yard','','2019-03-28 00:00:00','-----'),
  (127,'Wendel','Dorset','West Farm','','2019-03-20 00:00:00','660-5901'),
  (128,'Amette','France','St. Peters','','2019-03-28 00:00:00','663-4604'),
  (129,'Clinton','Silillday','Verchibls','','2019-05-01 00:00:00','-----'),
  (130,'Annette','France','ST. Peters','','2019-03-28 00:00:00','663-4604'),
  (132,'Dinzel','Harris','----','','2019-07-12 00:00:00','662-3879'),
  (133,'Jared','Thomas','Shadwell','','2019-07-12 00:00:00','760-2125'),
  (137,'Billy ','Bass','----','','2019-06-20 00:00:00','----');
COMMIT;

/* Data for the `tblfarms` table  (LIMIT 0,500) */

INSERT INTO `tblfarms` (`recn`, `farmName`, `location`, `districtRecn`, `size`, `sizeUnits`, `farmerRecn`) VALUES
  (8,'Anita''s farm','Tabernacle',12,2,1,8),
  (9,'Keith''s farm','Challengers',1,1,1,9),
  (10,'Tyra''s farm','Newton Ground',8,0,1,10),
  (11,'Robert''s farm','Middle island',9,0,1,11),
  (13,'Elroy''s farm','Stapleton Estate',1,0,1,13),
  (15,'Samuel''s farm','Cayon',10,0,1,16),
  (17,'Annette''s','St. Peters',1,0,1,18),
  (19,'Rupert''s farm','Tabernacle',3,0,1,20),
  (21,'Bloyce''s farm','St.Pauls',8,0,1,22),
  (24,'Don Caines Farm',' Bayfords',1,1,1,26),
  (25,'charles maynard farm','St.Peters',1,1,1,27),
  (27,'Austin Richards'' Farm','Conaree',4,1,1,29),
  (28,'St.Clair Marsham''s Farm','Godwin Ghaut',9,1,1,30),
  (30,'George Spencer''s Farm','Cayon',10,1,1,32),
  (31,'Clifton Gordon''s Farm','Stapleton',1,1,1,33),
  (32,'Joseph Patrick''s Farm','Tabernacle',10,1,1,34),
  (33,'Stacey Hobson''s Farm','Monkey Hill',1,1,1,35),
  (34,'Conrad Lowry''s Farm','Cayon',10,1,1,36),
  (35,'Victor John''s Farm','St.Pauls',8,1,1,37),
  (36,'Dennis Carey''s Farm',' Frigate Bay',4,1,1,38),
  (37,'Lloyd Cranstoun''sfarm','Stone Fort',9,1,1,39),
  (39,'Oliverhuggins'' farm','Cayon',10,1,1,41),
  (40,'JosephMorson''s Farm','Buckleys Estate',4,1,1,42),
  (41,'Devon Williams'' Farm',' Stapleton',1,1,1,43),
  (42,'Macdonald Hodge''s Farm','Camps',4,1,1,44),
  (44,'FRANKLYN DAVIS''S FARM','Saddlers',3,1,1,46),
  (45,'Sheba''s Farm','Lodge',10,1,1,47),
  (46,'James Carey farm',' Cuningham',10,1,2,48),
  (47,'Otis steven''s Farm','Basseterre',4,1,2,49),
  (48,'Mrs. williams farm','Taylors',4,1,2,50),
  (50,'Joseph Phillip''s farm','Molinuex',11,1,2,52),
  (51,'George Spencer''s farm','Cayon',10,1,2,53),
  (52,'Winston Herbert''s farm','Sandy Point',2,1,2,54),
  (54,'George Spencer Farm','Cayon',10,1,2,56),
  (55,'Camron Farm','Village',4,1,2,57),
  (56,'Delores farm','keys',10,1,2,58),
  (57,'Karime Carey''s Farm',' Tabernacle',11,1,2,59),
  (58,'Morris Browne''s Farm',' Stapleton',1,1,2,60),
  (59,'Errol Williams'' farm',' Tabernacle',11,1,2,61),
  (60,'Charles Williams'' farm','lower monkey hill',1,1,2,62),
  (61,'Dabbo''s Farm',' Stapleton',1,1,2,63),
  (63,'Romain Tota''s Farm','Monkey Hill',1,1,2,65),
  (64,'Valerie Connor''s Farm','Trinity',9,1,2,66),
  (65,'Stella Lawrence''s Farm','Saddlers',11,1,2,67),
  (67,'Catherine Tweede''s Farm','Saddlers',11,1,2,69),
  (68,'Orville Phipps Farm',' Saddlers Village',3,1,1,70),
  (69,'LIONEL HARRIS FARM',' SADDLERS VILLAGE',3,1,1,72),
  (70,'Garette Lewis'' Farm',' Godwin Ghaut',9,1,1,73),
  (71,'Samuel Thomas''s Farm',' Buckleys',4,1,2,74),
  (72,'Hanzel Williams'' Farm','Palmetto Point',9,1,2,75),
  (73,'Iona Koker''s Farm',' Old Road',9,1,2,76),
  (74,'Joseph Hanley''s Farm','Upper Monkey hill',1,1,2,77),
  (77,'George Jeffery''s Farm',' Tabernacle',11,1,2,80),
  (78,'Cecil Douglas'' Farm',' St.Peters',1,1,2,81),
  (79,'Ken Herbert''s Farm','New Road',1,1,2,82),
  (80,'Glenfield Dorset''s Farm','West farm',9,1,2,83),
  (81,'Clayton Hanley''s',' Shadwell',1,1,1,85),
  (82,'joseph cabeys farm','canada estate',10,1,1,86),
  (83,'Gareth Lewis Farm','Halfway tree',12,2,1,87),
  (84,'Lionel Marsham  farm','godwin  ghaut',2,2,2,88),
  (85,'Simes Farm',' Hermitage',10,1,1,89),
  (86,'Wendell wattley farm','Hermitage',10,1,1,90),
  (87,'Kendel Challenger''s Farm','Old Road',9,1,2,91),
  (88,'Walton Jacob''s Farm','Mattingley Heights',4,1,2,92),
  (89,'L berkley''s Farm','West Farm',9,1,2,93),
  (90,'Alphonse Clarke''s Farm','West Farm',9,1,2,94),
  (91,'Clive Hanley''s Farm','West Farm',9,1,2,95),
  (92,'Franklyn Dias'' Farm','West Farm',9,1,2,96),
  (93,'Clive Webster''s Farm','Old Road',9,1,2,97),
  (94,'Dave Simon''s Farm',' Monkey Hill',1,1,2,98),
  (95,'Recaldo Harvey''s Farm','Monkey Hill',1,1,2,99),
  (101,'R.Francis','St.George',1,1,1,105),
  (103,'I.Maynard','----',1,1,1,107),
  (104,'D.Thomas','St. George',1,1,1,108),
  (105,'E.Thompson','ST Thomas',1,1,1,109),
  (106,'A.Hull','Cunnigham',1,1,1,110),
  (107,'W. Archibalt','-',1,1,1,111),
  (111,'C. Vaughm','Monkey Hill',1,1,1,115),
  (112,'S. Morton','Cayon',1,1,1,116),
  (113,'A . Mason','-',1,1,1,117),
  (115,'R. Francis','ST.George',1,1,1,119),
  (119,'W. Dorset','Trinity',1,1,1,123),
  (122,'M. Browne','-----',1,1,1,126),
  (123,'W. Dorset','----',1,1,1,127),
  (124,'A. France','-----',1,1,1,128),
  (125,'C. Silillday','ST. Thomas',1,1,1,129),
  (126,'A. France','----',1,1,1,130),
  (128,'D. Harris','ST. John',1,1,1,132),
  (129,'J.Thomas','ST.Peters',1,1,1,133),
  (133,'B. Bass','ST. Peters',1,1,1,137);
COMMIT;

/* Data for the `tblillnessnames` table  (LIMIT 0,500) */

INSERT INTO `tblillnessnames` (`recn`, `name`, `code`) VALUES
  (1,'Disteria','DT'),
  (2,'Tick Fever','T.F'),
  (3,'Tetanus','TT'),
  (4,'Dystocia','DYS'),
  (5,'Retained Placenta','retained Placenta'),
  (6,'Hypo-Calcemia','hypcal'),
  (7,'Weak','Weak'),
  (8,'Mastitis','Mast'),
  (9,'Damaged eye','Dam'),
  (10,'Castration','CAS'),
  (11,'Swollen abdomen','Swollen ab.'),
  (12,'Diarrea','DIA'),
  (18,'AAA','aa'),
  (19,'Derma','-');
COMMIT;

/* Data for the `tbllivestock` table  (LIMIT 0,500) */

INSERT INTO `tbllivestock` (`recn`, `IDNO`, `breedRecn`, `sex`, `dateOfBirth`, `localOrOverseas`, `arrivalDate`, `quarantinePeriod`, `quarantinePeriodUnits`, `countryOfOrigin`, `farmRecn`, `populationOnFarm`, `dateAdded`, `importRecn`, `exportRecn`, `Transferred`) VALUES
  (1,'SKN111',1,'M','2008-08-01 00:00:00',1,NULL,NULL,NULL,1,-99,0,'2008-09-25 00:00:00',0,0,1),
  (2,'SKN2222',1,'M','2008-07-01 00:00:00',1,NULL,NULL,NULL,1,-99,0,'2008-09-25 00:00:00',0,0,1),
  (3,'CMaynard 0107',3,'M','2007-10-17 00:00:00',1,NULL,NULL,NULL,1,25,0,'2009-07-24 00:00:00',0,0,0),
  (4,'JDolphin0101',3,'F','2001-10-10 00:00:00',1,NULL,NULL,NULL,1,26,0,'2009-08-11 00:00:00',0,0,0),
  (5,'JDolphin0902',3,'M','2009-04-10 00:00:00',1,NULL,NULL,NULL,1,26,0,'2009-08-11 00:00:00',0,0,0),
  (6,'SMarsham0701',3,'M','2007-10-18 00:00:00',1,NULL,NULL,NULL,1,28,0,'2009-08-11 00:00:00',0,0,0),
  (11,'Joseph Patrick199901',3,'F','1999-12-12 00:00:00',1,NULL,NULL,NULL,1,32,0,'2009-08-11 00:00:00',0,0,0),
  (12,'Joseph Patrick200502',3,'F','2005-11-10 00:00:00',1,NULL,NULL,NULL,1,32,0,'2009-08-11 00:00:00',0,0,0),
  (13,'Stacey Hobson200701',3,'F','2007-02-08 00:00:00',1,NULL,NULL,NULL,1,33,0,'2009-08-11 00:00:00',0,0,0),
  (14,'Stacey Hobson200702',3,'M','2007-02-22 00:00:00',1,NULL,NULL,NULL,1,33,0,'2009-08-11 00:00:00',0,0,0),
  (15,'Conrad Lowry200101',3,'M','2001-12-12 00:00:00',1,NULL,NULL,NULL,1,34,0,'2009-08-11 00:00:00',0,0,0),
  (16,'Victor John200601',3,'M','2006-11-23 00:00:00',1,NULL,NULL,NULL,1,35,0,'2009-08-11 00:00:00',0,0,0),
  (19,'AN88',5,'M','2017-07-02 00:00:00',0,'2017-07-15 00:00:00',45,3,8,17,0,'2017-07-15 00:00:00',0,0,0),
  (20,'CLiburd0802',7,'F','2008-10-07 00:00:00',1,'0000-00-00 00:00:00',0,NULL,1,7,0,'2009-08-13 00:00:00',0,0,0),
  (21,'DCarey0501',3,'M','2005-12-12 00:00:00',1,NULL,NULL,NULL,1,36,0,'2009-08-13 00:00:00',0,0,0),
  (22,'LCRANSTOUN012006',3,'F','2006-12-12 00:00:00',1,NULL,NULL,NULL,1,37,0,'2009-08-27 00:00:00',0,0,0),
  (23,'LCRANSTOUN022006',3,'F','2006-12-12 00:00:00',1,NULL,NULL,NULL,1,37,0,'2009-08-28 00:00:00',0,0,0),
  (24,'LCRANSTOUN032006',3,'F','2006-12-12 00:00:00',1,NULL,NULL,NULL,1,37,0,'2009-08-28 00:00:00',0,0,0),
  (25,'LCRANSTOUN042008',3,'M','2008-10-09 00:00:00',1,NULL,NULL,NULL,1,37,0,'2009-08-28 00:00:00',0,0,0),
  (26,'LCRANSTOUN052007',3,'M','2008-11-06 00:00:00',1,NULL,NULL,NULL,1,37,0,'2009-08-28 00:00:00',0,0,0),
  (27,'VMARDENBOROUGH200601',3,'M','2006-12-12 00:00:00',1,NULL,NULL,NULL,1,38,0,'2009-09-09 00:00:00',0,0,0),
  (28,'OHUGGINS200801',3,'M','2008-08-19 00:00:00',1,NULL,NULL,NULL,1,39,0,'2009-09-09 00:00:00',0,0,0),
  (29,'JMORSON200607',3,'M','2006-12-12 00:00:00',1,NULL,NULL,NULL,1,40,0,'2009-09-09 00:00:00',0,0,0),
  (30,'JMORSON',3,'F','2006-12-12 00:00:00',1,NULL,NULL,NULL,1,40,0,'2009-09-09 00:00:00',0,0,0),
  (31,'DWILLIAMS200601',9,'M','2006-12-12 00:00:00',1,NULL,NULL,NULL,1,41,0,'2009-09-15 00:00:00',0,0,0),
  (32,'MHODGE200601',12,'F','2006-12-12 00:00:00',1,NULL,NULL,NULL,1,42,0,'2009-09-15 00:00:00',0,0,0),
  (33,'PGRANT200201',7,'F','2002-12-12 00:00:00',1,NULL,NULL,NULL,1,43,0,'2009-09-15 00:00:00',0,0,0),
  (34,'FDAVIS200701',7,'M','2007-11-11 00:00:00',1,NULL,NULL,NULL,1,44,0,'2009-09-15 00:00:00',0,0,0),
  (35,'SHAEBA200801',13,'F','2008-10-10 00:00:00',1,NULL,NULL,NULL,1,45,0,'2009-09-15 00:00:00',0,0,0),
  (36,'jamescarey01010',7,'M','2010-01-04 00:00:00',1,NULL,NULL,NULL,1,46,0,'2010-01-18 00:00:00',0,0,0),
  (37,'otissteven022010',7,'M','2010-01-18 00:00:00',1,NULL,NULL,NULL,1,47,0,'2010-01-18 00:00:00',0,0,0),
  (38,'mrs.williams032010',7,'M','2010-01-21 00:00:00',1,NULL,NULL,NULL,1,48,0,'2010-01-18 00:00:00',0,0,0),
  (39,'calvinvanterpool052010',3,'M','2010-01-21 00:00:00',1,NULL,NULL,NULL,1,49,0,'2010-01-18 00:00:00',0,0,0),
  (40,'josephphilip062010',3,'M','2008-10-16 00:00:00',1,NULL,NULL,NULL,1,50,0,'2010-01-18 00:00:00',0,0,0),
  (41,'georgespencer072010',3,'F','2008-10-30 00:00:00',1,NULL,NULL,NULL,1,51,0,'2010-01-18 00:00:00',0,0,0),
  (42,'winstonherbert082010',12,'M','2008-10-22 00:00:00',1,NULL,NULL,NULL,1,52,0,'2010-01-18 00:00:00',0,0,0),
  (43,'sheba102010',12,'M','2008-10-23 00:00:00',1,NULL,NULL,NULL,1,53,0,'2010-01-18 00:00:00',0,0,0),
  (44,'georgespencer',7,'F','2008-10-01 00:00:00',1,NULL,NULL,NULL,1,54,0,'2010-01-18 00:00:00',0,0,0),
  (45,'camron142010',7,'F','2008-12-01 00:00:00',1,NULL,NULL,NULL,1,55,0,'2010-01-18 00:00:00',0,0,0),
  (46,'deloressteven152010',12,'F','2008-12-01 00:00:00',1,NULL,NULL,NULL,1,56,0,'2010-01-18 00:00:00',0,0,0),
  (47,'karimecarey222010',7,'F','2009-11-12 00:00:00',1,NULL,NULL,NULL,1,57,0,'2010-01-20 00:00:00',0,0,0),
  (48,'morrisbrowne202010',3,'M','2008-12-17 00:00:00',1,NULL,NULL,NULL,1,58,0,'2010-01-20 00:00:00',0,0,0),
  (49,'errolwilliams282010',3,'M','2008-12-24 00:00:00',1,NULL,NULL,NULL,1,59,0,'2010-01-22 00:00:00',0,0,0),
  (50,'charleswilliams272010',7,'M','2008-12-24 00:00:00',1,NULL,NULL,NULL,1,60,0,'2010-01-22 00:00:00',0,0,0),
  (51,'walterstephens01272010',3,'M','2004-12-12 00:00:00',1,NULL,NULL,NULL,1,61,0,'2010-01-27 00:00:00',0,0,0),
  (52,'janestephens332010',10,'F','2009-05-19 00:00:00',1,NULL,NULL,NULL,1,62,0,'2010-01-27 00:00:00',0,0,0),
  (53,'romaintota262010',3,'M','2009-06-26 00:00:00',1,NULL,NULL,NULL,1,63,0,'2010-01-28 00:00:00',0,0,0),
  (54,'valerieconnor312010',10,'A','2009-12-31 00:00:00',1,NULL,NULL,NULL,1,64,0,'2010-01-28 00:00:00',0,0,0),
  (55,'stellalawrence44292010',9,'F','2009-07-22 00:00:00',1,NULL,NULL,NULL,1,65,0,'2010-02-03 00:00:00',0,0,0),
  (56,'lloydcranstoun2320012010',3,'M','2007-12-12 00:00:00',1,NULL,NULL,NULL,1,37,0,'2010-02-03 00:00:00',0,0,0),
  (57,'thyramills4329012010',7,'F','2009-04-29 00:00:00',1,NULL,NULL,NULL,1,66,0,'2010-02-03 00:00:00',0,0,0),
  (58,'catherinetweede4629012010',12,'M','2009-07-23 00:00:00',1,NULL,NULL,NULL,1,67,0,'2010-02-03 00:00:00',0,0,0),
  (59,'ophipps20061',14,'F','2006-12-12 00:00:00',1,NULL,NULL,NULL,1,68,0,'2010-02-05 00:00:00',0,0,0),
  (60,'LHARRIS20071',9,'M','2007-12-12 00:00:00',1,NULL,NULL,NULL,1,69,0,'2010-02-05 00:00:00',0,0,0),
  (61,'glewis20061',3,'M','2006-12-12 00:00:00',1,NULL,NULL,NULL,1,70,0,'2010-03-17 00:00:00',0,0,0),
  (62,'glewis2006',3,'F','2006-12-12 00:00:00',1,NULL,NULL,NULL,1,70,0,'2010-03-17 00:00:00',0,0,0),
  (63,'glewis20083',3,'F','2006-12-12 00:00:00',1,NULL,NULL,NULL,1,70,0,'2010-03-17 00:00:00',0,0,0),
  (66,'ST20072',3,'F','2007-12-12 00:00:00',1,NULL,NULL,NULL,1,71,0,'2010-03-24 00:00:00',0,0,0),
  (67,'RP20055',3,'F','2005-12-12 00:00:00',1,NULL,NULL,NULL,1,11,0,'2010-03-24 00:00:00',0,0,0),
  (68,'RP20076',3,'F','2007-12-12 00:00:00',1,NULL,NULL,NULL,1,19,0,'2010-03-24 00:00:00',0,0,0),
  (69,'RW20071',3,'F','2007-09-08 00:00:00',1,'2017-07-06 00:00:00',9,4,1,115,0,'2010-03-24 00:00:00',0,0,0),
  (70,'HWILLIAMS20091',3,'M','2009-12-12 00:00:00',1,NULL,NULL,NULL,1,72,0,'2010-03-26 00:00:00',0,0,0),
  (71,'IKOKER20091',10,'M','2009-12-12 00:00:00',1,NULL,NULL,NULL,1,73,0,'2010-03-26 00:00:00',0,0,0),
  (72,'JHANLEY20091',7,'F','2009-12-12 00:00:00',1,NULL,NULL,NULL,1,74,0,'2010-03-26 00:00:00',0,0,0),
  (73,'wdorset200901',3,'M','2009-09-01 00:00:00',1,NULL,NULL,NULL,1,75,0,'2010-04-20 00:00:00',0,0,0),
  (74,'amatthew200801',3,'M','2008-12-12 00:00:00',1,NULL,NULL,NULL,1,76,0,'2010-04-20 00:00:00',0,0,0),
  (75,'gjeffery200801',3,'F','2008-04-16 00:00:00',1,NULL,NULL,NULL,1,77,0,'2010-04-20 00:00:00',0,0,0),
  (76,'gjeffery200902',3,'M','2009-11-26 00:00:00',1,NULL,NULL,NULL,1,77,0,'2010-04-20 00:00:00',0,0,0),
  (77,'cdouglas200801',3,'M','2008-12-12 00:00:00',1,NULL,NULL,NULL,1,78,0,'2010-04-21 00:00:00',0,0,0),
  (78,'cdouglas200802',3,'F','2008-12-12 00:00:00',1,NULL,NULL,NULL,1,78,0,'2010-04-21 00:00:00',0,0,0),
  (79,'kherbert200801',3,'F','2008-12-12 00:00:00',1,NULL,NULL,NULL,1,79,0,'2010-04-21 00:00:00',0,0,0),
  (80,'gdorset200901',3,'M','2009-10-23 00:00:00',1,NULL,NULL,NULL,1,80,0,'2010-04-21 00:00:00',0,0,0),
  (81,'gdorset200902',3,'M','2009-08-13 00:00:00',1,NULL,NULL,NULL,1,80,0,'2010-04-21 00:00:00',0,0,0),
  (82,'lcranstoun200607',3,'F','2006-12-12 00:00:00',1,NULL,NULL,NULL,1,37,0,'2010-04-21 00:00:00',0,0,0),
  (83,'lcranstoun200608',3,'F','2006-12-12 00:00:00',1,NULL,NULL,NULL,1,37,0,'2010-04-21 00:00:00',0,0,0),
  (84,'v.connor200964',9,'F','2009-12-12 00:00:00',1,NULL,NULL,NULL,1,64,0,'2010-04-21 00:00:00',0,0,0),
  (85,'CHANLEY12008',3,'F','2008-12-12 00:00:00',1,NULL,NULL,NULL,1,81,0,'2010-05-11 00:00:00',0,0,0),
  (86,'CHANLEY22007',3,'M','2007-12-12 00:00:00',1,NULL,NULL,NULL,1,81,0,'2010-05-11 00:00:00',0,0,0),
  (87,'CHANLEY32006',3,'F','2006-12-12 00:00:00',1,NULL,NULL,NULL,1,81,0,'2010-05-11 00:00:00',0,0,0),
  (88,'CHANLEY42006',3,'F','2006-12-12 00:00:00',1,NULL,NULL,NULL,1,81,0,'2010-05-11 00:00:00',0,0,0),
  (89,'CHANLEY52009',3,'F','2009-12-12 00:00:00',1,NULL,NULL,NULL,1,81,0,'2010-05-11 00:00:00',0,0,0),
  (90,'jcabey20071',3,'F','2007-12-12 00:00:00',1,NULL,NULL,NULL,1,82,0,'2010-06-14 00:00:00',0,0,0),
  (91,'jcabey22006 ',3,'M','2006-12-12 00:00:00',1,NULL,NULL,NULL,1,82,0,'2010-06-14 00:00:00',0,0,0),
  (92,'jwoodley20093',3,'F','2009-12-12 00:00:00',1,NULL,NULL,NULL,1,18,0,'2010-06-10 00:00:00',0,0,0),
  (93,'glewis20027',3,'F','2002-12-12 00:00:00',1,NULL,NULL,NULL,1,83,0,'2010-06-14 00:00:00',0,0,0),
  (94,'glewis20056',3,'F','2005-12-12 00:00:00',1,NULL,NULL,NULL,1,83,0,'2010-06-14 00:00:00',0,0,0),
  (95,'glewis20054',3,'F','2005-12-12 00:00:00',1,NULL,NULL,NULL,1,83,0,'2010-06-14 00:00:00',0,0,0),
  (96,'glewis20093',6,'F','2009-12-12 00:00:00',1,'0000-00-00 00:00:00',0,0,1,8,0,'2010-06-14 00:00:00',0,0,0),
  (97,'glewis20085',3,'F','2008-12-12 00:00:00',1,NULL,NULL,NULL,1,83,0,'2010-06-14 00:00:00',0,0,0),
  (98,'glewis20041',3,'F','2004-12-13 00:00:00',1,'0000-00-00 00:00:00',0,0,1,8,0,'2010-06-14 00:00:00',0,0,0),
  (99,'lmarsham20051',3,'F','2005-12-12 00:00:00',1,NULL,NULL,NULL,1,84,0,'2010-06-14 00:00:00',0,0,0),
  (100,'simesson22209',3,'M','2010-07-15 00:00:00',1,NULL,NULL,NULL,1,85,0,'2010-07-16 00:00:00',0,0,0),
  (101,'wendellwattley42010',3,'M','2010-07-15 00:00:00',1,NULL,NULL,NULL,1,86,0,'2010-07-16 00:00:00',0,0,0),
  (102,'wendellwattley52009',3,'M','2010-07-15 00:00:00',1,NULL,NULL,NULL,1,86,0,'2010-07-16 00:00:00',0,0,0),
  (103,'glewis20098',3,'M','2009-12-12 00:00:00',1,NULL,NULL,NULL,1,83,0,'2010-07-27 00:00:00',0,0,0),
  (104,'glewis20099',3,'M','2009-12-12 00:00:00',1,NULL,NULL,NULL,1,83,0,'2010-07-27 00:00:00',0,0,0),
  (105,'glewis200910',3,'M','2009-12-14 00:00:00',1,'0000-00-00 00:00:00',0,0,1,8,0,'2010-07-27 00:00:00',0,0,0),
  (106,'glewis200611',3,'M','2006-12-12 00:00:00',1,NULL,NULL,NULL,1,83,0,'2010-07-27 00:00:00',0,0,0),
  (107,'glewis200612',3,'M','2006-12-12 00:00:00',1,NULL,NULL,NULL,1,83,0,'2010-07-27 00:00:00',0,0,0),
  (108,'glewis200613',3,'M','2006-12-12 00:00:00',1,NULL,NULL,NULL,1,83,0,'2010-07-27 00:00:00',0,0,0),
  (110,'kchallenger20081',3,'M','2008-12-12 00:00:00',1,NULL,NULL,NULL,1,87,0,'2010-07-27 00:00:00',0,0,0),
  (111,'wjacobs20082',3,'M','2008-12-12 00:00:00',1,NULL,NULL,NULL,1,88,0,'2010-07-27 00:00:00',0,0,0),
  (112,'lberkley20031',3,'M','2003-12-12 00:00:00',1,NULL,NULL,NULL,1,89,0,'2010-07-27 00:00:00',0,0,0),
  (113,'aclarke20041',3,'M','2004-12-12 00:00:00',1,NULL,NULL,NULL,1,90,0,'2010-07-27 00:00:00',0,0,0),
  (114,'chanley20031',3,'M','2003-12-12 00:00:00',1,NULL,NULL,NULL,1,91,0,'2010-07-27 00:00:00',0,0,0),
  (115,'gdorset20053',3,'M','2005-12-12 00:00:00',1,NULL,NULL,NULL,1,80,0,'2010-07-27 00:00:00',0,0,0),
  (116,'fdias20071',3,'M','2007-12-12 00:00:00',1,NULL,NULL,NULL,1,92,0,'2010-07-27 00:00:00',0,0,0),
  (117,'fdias20082',3,'M','2008-12-12 00:00:00',1,NULL,NULL,NULL,1,92,0,'2010-07-27 00:00:00',0,0,0),
  (118,'cwebster20061',3,'M','2006-12-12 00:00:00',1,NULL,NULL,NULL,1,93,0,'2010-07-27 00:00:00',0,0,0),
  (119,'dsimon20062',3,'F','2006-12-12 00:00:00',1,NULL,NULL,NULL,1,5,0,'2010-07-28 00:00:00',0,0,0),
  (120,'dsimon20073',3,'M','2007-12-12 00:00:00',1,NULL,NULL,NULL,1,94,0,'2010-07-28 00:00:00',0,0,0),
  (121,'dsimon20074',3,'F','2007-12-12 00:00:00',1,NULL,NULL,NULL,1,94,0,'2010-07-28 00:00:00',0,0,0),
  (122,'dsimon20045',3,'F','2004-12-12 00:00:00',1,NULL,NULL,NULL,1,94,0,'2010-07-28 00:00:00',0,0,0),
  (123,'dsimon20096',3,'M','2009-12-12 00:00:00',1,NULL,NULL,NULL,1,94,0,'2010-07-28 00:00:00',0,0,0),
  (124,'dsimon20097',3,'F','2009-12-12 00:00:00',1,NULL,NULL,NULL,1,94,0,'2010-07-28 00:00:00',0,0,0),
  (125,'dsimon20058',3,'F','2005-12-12 00:00:00',1,NULL,NULL,NULL,1,94,0,'2010-07-28 00:00:00',0,0,0),
  (126,'dsimon20089',3,'F','2009-12-12 00:00:00',1,NULL,NULL,NULL,1,94,0,'2010-07-28 00:00:00',0,0,0),
  (127,'dsimon200910',3,'M','2009-12-12 00:00:00',1,NULL,NULL,NULL,1,94,0,'2010-07-28 00:00:00',0,0,0),
  (128,'dsimon200411',3,'F','2004-12-12 00:00:00',1,NULL,NULL,NULL,1,94,0,'2010-07-28 00:00:00',0,0,0),
  (129,'dsimon200812',3,'F','2008-12-12 00:00:00',1,NULL,NULL,NULL,1,94,0,'2010-07-28 00:00:00',0,0,0),
  (130,'dsimon200213',3,'F','2002-12-12 00:00:00',1,NULL,NULL,NULL,1,94,0,'2010-07-28 00:00:00',0,0,0),
  (131,'dsimon201014',3,'F','2010-01-01 00:00:00',1,NULL,NULL,NULL,1,94,0,'2010-07-28 00:00:00',0,0,0),
  (132,'dsimon201015',3,'F','2010-01-01 00:00:00',1,NULL,NULL,NULL,1,94,0,'2010-07-28 00:00:00',0,0,0),
  (133,'rharvey20041',3,'F','2004-12-12 00:00:00',1,NULL,NULL,NULL,1,95,0,'2010-07-28 00:00:00',0,0,0),
  (134,'FR88',1,'F','2017-06-05 00:00:00',0,'2017-06-05 00:00:00',1,4,1,11,0,'2017-07-02 00:00:00',0,0,0),
  (135,'DCF6789',5,'M','2017-07-03 00:00:00',0,'2017-07-02 00:00:00',12,0,9,24,0,'2017-07-02 00:00:00',0,0,0),
  (136,'',0,'','0000-00-00 00:00:00',0,'0000-00-00 00:00:00',12,NULL,0,0,0,'0000-00-00 00:00:00',0,0,0),
  (137,'131324',1,'M','2018-12-04 00:00:00',0,'0000-00-00 00:00:00',0,0,0,102,0,'2019-07-04 00:00:00',0,0,0),
  (139,'767',3,'F','0000-00-00 00:00:00',0,'0000-00-00 00:00:00',0,0,0,103,0,'0000-00-00 00:00:00',0,0,0),
  (140,'767',0,'','0000-00-00 00:00:00',0,'0000-00-00 00:00:00',0,0,0,103,0,'2019-07-04 00:00:00',0,0,0),
  (141,'767',1,'F','0000-00-00 00:00:00',0,'0000-00-00 00:00:00',0,0,0,103,0,'2019-07-04 00:00:00',0,0,0),
  (142,'767',14,'F','0000-00-00 00:00:00',0,'0000-00-00 00:00:00',0,0,0,103,0,'2019-07-04 00:00:00',0,0,0),
  (143,'767',1,'M','0000-00-00 00:00:00',0,'0000-00-00 00:00:00',0,0,0,103,0,'2019-07-04 00:00:00',0,0,0),
  (144,'767',3,'F','0000-00-00 00:00:00',0,'0000-00-00 00:00:00',0,0,0,103,0,'2019-07-04 00:00:00',0,0,0),
  (145,'767',14,'F','0000-00-00 00:00:00',0,'0000-00-00 00:00:00',0,0,0,103,0,'2019-07-04 00:00:00',0,0,0),
  (146,'767',3,'','0000-00-00 00:00:00',0,'0000-00-00 00:00:00',0,0,0,103,0,'2019-07-04 00:00:00',0,0,0),
  (147,'767',3,'F','0000-00-00 00:00:00',0,'0000-00-00 00:00:00',0,0,0,103,0,'0000-00-00 00:00:00',0,0,0),
  (148,'767',3,'M','0000-00-00 00:00:00',0,'0000-00-00 00:00:00',0,0,0,103,0,'0000-00-00 00:00:00',0,0,0),
  (149,'762',3,'F','2017-02-08 00:00:00',0,'0000-00-00 00:00:00',0,0,0,104,0,'2019-07-04 00:00:00',0,0,0),
  (150,'761',3,'F','2018-06-30 00:00:00',0,'0000-00-00 00:00:00',0,0,0,104,0,'2019-04-30 00:00:00',0,0,0),
  (152,'764',3,'M','2018-03-30 00:00:00',0,'0000-00-00 00:00:00',0,0,0,104,0,'0000-00-00 00:00:00',0,0,0),
  (153,'765',3,'M','2018-04-30 00:00:00',0,'0000-00-00 00:00:00',0,0,0,104,0,'0000-00-00 00:00:00',0,0,0),
  (154,'364',3,'M','2018-11-30 00:00:00',0,'0000-00-00 00:00:00',0,0,0,105,0,'2019-07-04 00:00:00',0,0,0),
  (155,'353',3,'F','0000-00-00 00:00:00',0,'0000-00-00 00:00:00',0,0,0,105,0,'2019-03-29 00:00:00',0,0,0),
  (156,'355',14,'F','0000-00-00 00:00:00',0,'0000-00-00 00:00:00',0,0,0,105,0,'0000-00-00 00:00:00',0,0,0),
  (157,'7215',7,'F','0000-00-00 00:00:00',0,'0000-00-00 00:00:00',0,0,0,106,0,'0000-00-00 00:00:00',0,0,0),
  (158,'374',13,'F','2018-03-25 00:00:00',0,'0000-00-00 00:00:00',0,0,0,107,0,'2019-03-29 00:00:00',0,0,0),
  (159,'',7,'F','2015-03-29 00:00:00',0,'0000-00-00 00:00:00',0,0,0,109,0,'2019-03-29 00:00:00',0,0,0),
  (160,'363',3,'F','0000-00-00 00:00:00',0,'0000-00-00 00:00:00',0,0,0,111,0,'2019-03-28 00:00:00',0,0,0),
  (161,'369',3,'F','0000-00-00 00:00:00',0,'0000-00-00 00:00:00',0,0,0,112,0,'2019-03-28 00:00:00',0,0,0),
  (162,'352',3,'F','0000-00-00 00:00:00',0,'0000-00-00 00:00:00',0,0,0,113,0,'2019-03-27 00:00:00',0,0,0),
  (163,'763',3,'M','0000-00-00 00:00:00',0,'0000-00-00 00:00:00',0,0,0,101,0,'2019-07-08 00:00:00',0,0,0),
  (164,'362',3,'F','0000-00-00 00:00:00',0,'0000-00-00 00:00:00',0,0,0,112,0,'2019-03-28 00:00:00',0,0,0),
  (165,'763',3,'M','0000-00-00 00:00:00',0,'0000-00-00 00:00:00',0,0,0,115,0,'2019-04-24 00:00:00',0,0,0),
  (166,'754',3,'F','0000-00-00 00:00:00',0,'0000-00-00 00:00:00',0,0,0,119,0,'2019-04-28 00:00:00',0,0,0),
  (167,'372',3,'F','0000-00-00 00:00:00',0,'0000-00-00 00:00:00',0,0,0,119,0,'2019-04-28 00:00:00',0,0,0),
  (168,'398',3,'F','2012-07-09 00:00:00',0,'0000-00-00 00:00:00',0,0,0,120,0,'2019-07-09 00:00:00',0,0,0),
  (169,'391',3,'F','0000-00-00 00:00:00',0,'0000-00-00 00:00:00',0,0,0,121,0,'2019-07-09 00:00:00',0,0,0),
  (171,'754',3,'F','2017-03-20 00:00:00',0,'0000-00-00 00:00:00',0,0,0,123,0,'2019-03-20 00:00:00',0,0,0),
  (176,'372',3,'F','0000-00-00 00:00:00',0,'0000-00-00 00:00:00',0,0,0,122,0,'2019-03-28 00:00:00',0,0,0),
  (177,'370',3,'F','0000-00-00 00:00:00',0,'0000-00-00 00:00:00',0,0,0,122,0,'2019-03-28 00:00:00',0,0,0),
  (178,'373',3,'M','0000-00-00 00:00:00',0,'0000-00-00 00:00:00',0,0,0,122,0,'0000-00-00 00:00:00',0,0,0),
  (179,'371',3,'A','0000-00-00 00:00:00',0,'0000-00-00 00:00:00',0,0,0,124,0,'2019-05-30 00:00:00',0,0,0),
  (180,'371',3,'F','2018-05-01 00:00:00',0,'0000-00-00 00:00:00',0,0,0,126,0,'2019-05-01 00:00:00',0,0,0),
  (181,'774',3,'F','2016-05-01 00:00:00',0,'0000-00-00 00:00:00',0,0,0,125,0,'2019-05-01 00:00:00',0,0,0),
  (182,'758',3,'F','2007-04-18 00:00:00',0,'0000-00-00 00:00:00',0,0,0,125,0,'2019-04-18 00:00:00',0,0,0),
  (183,'2824',12,'F','2019-07-12 00:00:00',0,'0000-00-00 00:00:00',0,0,0,129,0,'2019-07-12 00:00:00',0,0,0),
  (184,'2825',12,'F','0000-00-00 00:00:00',0,'0000-00-00 00:00:00',0,0,0,129,0,'2019-07-12 00:00:00',0,0,0),
  (185,'2823',12,'F','0000-00-00 00:00:00',0,'0000-00-00 00:00:00',0,0,0,129,0,'2019-07-12 00:00:00',0,0,0),
  (186,'2822',12,'M','0000-00-00 00:00:00',0,'0000-00-00 00:00:00',0,0,0,129,0,'2019-07-12 00:00:00',0,0,0),
  (187,'317',3,'M','2016-06-20 00:00:00',0,'0000-00-00 00:00:00',0,0,0,130,0,'2019-06-20 00:00:00',0,0,0),
  (188,'318',3,'M','0000-00-00 00:00:00',0,'0000-00-00 00:00:00',0,0,0,130,0,'2019-06-20 00:00:00',0,0,0),
  (189,'380',3,'M','2017-06-20 00:00:00',0,'0000-00-00 00:00:00',0,0,0,130,0,'0000-00-00 00:00:00',0,0,0),
  (190,'318',3,'M','2007-09-13 00:00:00',0,'0000-00-00 00:00:00',0,0,0,133,0,'2019-06-20 00:00:00',0,0,0),
  (191,'380',3,'M','1985-09-13 00:00:00',0,'0000-00-00 00:00:00',0,0,0,133,0,'2019-06-20 00:00:00',0,0,0),
  (192,'317',3,'M','2019-09-13 00:00:00',0,'0000-00-00 00:00:00',0,0,0,133,0,'2019-06-20 00:00:00',0,0,0),
  (193,'397',3,'M','0000-00-00 00:00:00',0,'0000-00-00 00:00:00',0,0,0,128,0,'2019-07-12 00:00:00',0,0,0),
  (194,'CAM-86',15,'F','2017-09-09 00:00:00',0,'0000-00-00 00:00:00',0,0,0,6,0,'2019-09-08 00:00:00',0,0,0);
COMMIT;

/* Data for the `tblowners` table  (LIMIT 0,500) */

INSERT INTO `tblowners` (`recn`, `name`) VALUES
  (1,'Mary Jones'),
  (2,'John Doe');
COMMIT;

/* Data for the `tblspecies` table  (LIMIT 0,500) */

INSERT INTO `tblspecies` (`recn`, `name`) VALUES
  (1,'BOVINE'),
  (2,'CAPRINE'),
  (3,'OVINE'),
  (4,'PORCINE'),
  (5,'FELINE'),
  (6,'CANINE'),
  (7,'EQUINE'),
  (8,'AVIAN');
COMMIT;

/* Data for the `tblspecimenpermit` table  (LIMIT 0,500) */

INSERT INTO `tblspecimenpermit` (`recn`, `name`, `sender`, `reciever`, `destination`, `weight`, `dateIssued`, `fee`) VALUES
  (2,'LOLO','Jhon Doe','Mary Doe',7,456.000,'2015-07-10',47.000),
  (3,'Cat','Luis','Peter',22,61.000,'2014-07-18',4567.000),
  (4,'Cat','Luis','Peter',20,60.000,'2006-11-23',4567.000),
  (6,'LOLO','Jhon Doe','Mary Doe',7,456.000,'2017-07-22',47.000),
  (7,'Cat','Luis','Peter',20,60.000,'2017-07-22',4567.000),
  (8,'Cat','Luis','Peter',20,60.000,'2017-07-22',4567.000),
  (9,'pituty','Mary Jane','John Currie',5,3.000,'2016-07-16',12.000),
  (10,'LOLO','Jhon Doe','Mary Doe',7,456.000,'2017-07-22',47.000),
  (11,'Cat','Luis','Peter',20,60.000,'2015-07-22',4567.000),
  (12,'Cat','Luis','Peter',20,60.000,'2009-07-22',4567.000),
  (13,'pituty','Mary Jane','John Currie',5,3.000,'2016-07-16',12.000),
  (14,'LOLO','Jhon Doe','Mary Doe',7,456.000,'2017-07-22',47.000),
  (15,'Cat','Luis','Peter',20,60.000,'2017-07-22',4567.000),
  (16,'Cat','Luis','Peter',20,60.000,'2017-07-22',4567.000),
  (17,'Cat','Luis','Peter',20,60.000,'2017-07-22',4567.000),
  (18,'pituty','Mary Jane','John Currie',5,3.000,'2016-07-16',12.000),
  (19,'LOLO','Jhon Doe','Mary Doe',7,456.000,'2017-07-22',47.000),
  (20,'Cat','Luis','Peter',20,60.000,'2015-07-22',4567.000),
  (21,'Cat','Luis','Peter',20,60.000,'2009-07-22',4567.000),
  (22,'pituty','Mary Jane','John Currie',5,3.000,'2016-07-16',12.000),
  (23,'LOLO','Jhon Doe','Mary Doe',7,456.000,'2017-07-22',47.000),
  (24,'Cat','Luis','Peter',20,60.000,'2017-07-22',4567.000),
  (25,'Cat','Luis','Peter',20,60.000,'2017-07-22',4567.000),
  (26,'Cat','Luis','Peter',20,60.000,'2017-07-22',4567.000),
  (27,'pituty','Mary Jane','John Currie',5,3.000,'2016-07-16',12.000),
  (28,'LOLO','Jhon Doe','Mary Doe',7,456.000,'2012-07-13',47.000),
  (29,'Cat','Luis','Peter',20,60.000,'2012-05-17',4567.000),
  (30,'Cat','Luis','Peter',20,60.000,'2009-07-22',4567.000),
  (31,'pituty','Mary Jane','John Currie',5,3.000,'2011-07-07',12.000),
  (32,'LOLO','Jhon Doe','Mary Doe',7,456.000,'2012-07-28',47.000),
  (33,'Cat','Luis','Peter',20,60.000,'2017-07-22',4567.000),
  (34,'Cat','Luis','Peter',20,60.000,'2017-07-22',4567.000),
  (35,'pituty','Mary Jane','John Currie',5,3.000,'2013-04-19',12.000),
  (36,'LOLO','Jhon Doe','Mary Doe',7,456.000,'2015-07-10',47.000),
  (37,'Cat','Luis','Peter',22,61.000,'2014-07-18',4567.000),
  (38,'Cat','Luis','Peter',20,60.000,'2006-11-23',4567.000),
  (39,'pituty','Mary Jane','John Currie',5,3.000,'2016-07-16',12.000),
  (40,'LOLO','Jhon Doe','Mary Doe',7,456.000,'2017-07-22',47.000),
  (41,'Cat','Luis','Peter',20,60.000,'2017-07-22',4567.000),
  (42,'Cat','Luis','Peter',20,60.000,'2017-07-22',4567.000),
  (43,'pituty','Mary Jane','John Currie',5,3.000,'2016-07-16',12.000),
  (44,'LOLO','Jhon Doe','Mary Doe',7,456.000,'2017-07-22',47.000),
  (45,'Cat','Luis','Peter',20,60.000,'2015-07-22',4567.000),
  (46,'Cat','Luis','Peter',20,60.000,'2009-07-22',4567.000),
  (47,'pituty','Mary Jane','John Currie',5,3.000,'2016-07-16',12.000),
  (48,'LOLO','Jhon Doe','Mary Doe',7,456.000,'2017-07-22',47.000),
  (49,'Cat','Luis','Peter',20,60.000,'2017-07-22',4567.000),
  (50,'Cat','Luis','Peter',20,60.000,'2017-07-22',4567.000),
  (51,'Cat','Luis','Peter',20,60.000,'2017-07-22',4567.000),
  (52,'pituty','Mary Jane','John Currie',5,3.000,'2016-07-16',12.000),
  (53,'LOLO','Jhon Doe','Mary Doe',7,456.000,'2017-07-22',47.000),
  (54,'Cat','Luis','Peter',20,60.000,'2015-07-22',4567.000),
  (55,'Cat','Luis','Peter',20,60.000,'2009-07-22',4567.000),
  (56,'pituty','Mary Jane','John Currie',5,3.000,'2016-07-16',12.000),
  (57,'LOLO','Jhon Doe','Mary Doe',7,456.000,'2017-07-22',47.000),
  (58,'Cat','Luis','Peter',20,60.000,'2017-07-22',4567.000),
  (59,'Cat','Luis','Peter',20,60.000,'2017-07-22',4567.000),
  (60,'Cat','Luis','Peter',20,60.000,'2017-07-22',4567.000),
  (61,'pituty','Mary Jane','John Currie',5,3.000,'2016-07-16',12.000),
  (62,'LOLO','Jhon Doe','Mary Doe',7,456.000,'2012-07-13',47.000),
  (63,'Cat','Luis','Peter',20,60.000,'2012-05-17',4567.000),
  (64,'Cat','Luis','Peter',20,60.000,'2009-07-22',4567.000),
  (65,'pituty','Mary Jane','John Currie',5,3.000,'2011-07-07',12.000),
  (66,'LOLO','Jhon Doe','Mary Doe',7,456.000,'2012-07-28',47.000),
  (67,'Cat','Luis','Peter',20,60.000,'2017-07-22',4567.000),
  (68,'Cat','Luis','Peter',20,60.000,'2017-07-22',4567.000),
  (69,'Cat','Luis','Peter',20,60.000,'2006-11-23',4567.000),
  (70,'Cat','Luis','Peter',20,60.000,'2006-11-23',4567.000),
  (71,'Cat','Luis','Peter',20,60.000,'2009-07-22',4567.000),
  (72,'Cat','Luis','Peter',20,60.000,'2009-07-22',4567.000),
  (73,'Cat','Luis','Peter',20,60.000,'2009-07-22',4567.000),
  (74,'Cat','Luis','Peter',20,60.000,'2009-07-22',4567.000),
  (75,'Cat','Luis','Peter',20,60.000,'2009-07-22',4567.000),
  (76,'Cat','Luis','Peter',20,60.000,'2009-07-22',4567.000),
  (77,'pituty','Mary Jane','John Currie',5,3.000,'2011-07-07',12.000),
  (78,'pituty','Mary Jane','John Currie',5,3.000,'2011-07-07',12.000),
  (79,'Cat','Luis','Peter',20,60.000,'2012-05-17',4567.000),
  (80,'Cat','Luis','Peter',20,60.000,'2012-05-17',4567.000),
  (81,'LOLO','Jhon Doe','Mary Doe',7,456.000,'2012-07-13',47.000),
  (82,'LOLO','Jhon Doe','Mary Doe',7,456.000,'2012-07-13',47.000),
  (83,'LOLO','Jhon Doe','Mary Doe',7,456.000,'2012-07-28',47.000),
  (84,'LOLO','Jhon Doe','Mary Doe',7,456.000,'2012-07-28',47.000),
  (85,'pituty','Mary Jane','John Currie',5,3.000,'2013-04-19',12.000),
  (86,'pituty','Mary Jane','John Currie',5,3.000,'2013-04-19',12.000),
  (87,'Cat','Luis','Peter',22,61.000,'2014-07-18',4567.000),
  (88,'Cat','Luis','Peter',22,61.000,'2014-07-18',4567.000),
  (89,'LOLO','Jhon Doe','Mary Doe',7,456.000,'2015-07-10',47.000),
  (90,'LOLO','Jhon Doe','Mary Doe',7,456.000,'2015-07-10',47.000),
  (91,'Cat','Luis','Peter',20,60.000,'2015-07-22',4567.000),
  (92,'Cat','Luis','Peter',20,60.000,'2015-07-22',4567.000),
  (93,'Cat','Luis','Peter',20,60.000,'2015-07-22',4567.000),
  (94,'Cat','Luis','Peter',20,60.000,'2015-07-22',4567.000),
  (95,'Cat','Luis','Peter',20,60.000,'2006-11-23',4567.000),
  (96,'Cat','Luis','Peter',20,60.000,'2006-11-23',4567.000),
  (97,'Cat','Luis','Peter',20,60.000,'2009-07-22',4567.000),
  (98,'Cat','Luis','Peter',20,60.000,'2009-07-22',4567.000),
  (99,'Cat','Luis','Peter',20,60.000,'2009-07-22',4567.000),
  (100,'Cat','Luis','Peter',20,60.000,'2009-07-22',4567.000),
  (101,'Cat','Luis','Peter',20,60.000,'2009-07-22',4567.000),
  (102,'Cat','Luis','Peter',20,60.000,'2009-07-22',4567.000),
  (103,'pituty','Mary Jane','John Currie',5,3.000,'2011-07-07',12.000),
  (104,'pituty','Mary Jane','John Currie',5,3.000,'2011-07-07',12.000),
  (105,'Cat','Luis','Peter',20,60.000,'2012-05-17',4567.000),
  (106,'Cat','Luis','Peter',20,60.000,'2012-05-17',4567.000),
  (107,'LOLO','Jhon Doe','Mary Doe',7,456.000,'2012-07-13',47.000),
  (108,'LOLO','Jhon Doe','Mary Doe',7,456.000,'2012-07-13',47.000),
  (109,'LOLO','Jhon Doe','Mary Doe',7,456.000,'2012-07-28',47.000),
  (110,'LOLO','Jhon Doe','Mary Doe',7,456.000,'2012-07-28',47.000),
  (111,'pituty','Mary Jane','John Currie',5,3.000,'2013-04-19',12.000),
  (112,'pituty','Mary Jane','John Currie',5,3.000,'2013-04-19',12.000),
  (113,'Cat','Luis','Peter',22,61.000,'2014-07-18',4567.000),
  (114,'Cat','Luis','Peter',22,61.000,'2014-07-18',4567.000),
  (115,'LOLO','Jhon Doe','Mary Doe',7,456.000,'2015-07-10',47.000),
  (116,'LOLO','Jhon Doe','Mary Doe',7,456.000,'2015-07-10',47.000),
  (117,'Cat','Luis','Peter',20,60.000,'2015-07-22',4567.000),
  (118,'Cat','Luis','Peter',20,60.000,'2015-07-22',4567.000),
  (119,'Cat','Luis','Peter',20,60.000,'2015-07-22',4567.000),
  (120,'Cat','Luis','Peter',20,60.000,'2015-07-22',4567.000),
  (121,'Cat','Luis','Peter',20,60.000,'2006-11-23',4567.000),
  (122,'Cat','Luis','Peter',20,60.000,'2006-11-23',4567.000),
  (123,'Cat','Luis','Peter',20,60.000,'2009-07-22',4567.000),
  (124,'Cat','Luis','Peter',20,60.000,'2009-07-22',4567.000),
  (125,'Cat','Luis','Peter',20,60.000,'2009-07-22',4567.000),
  (126,'Cat','Luis','Peter',20,60.000,'2009-07-22',4567.000),
  (127,'Cat','Luis','Peter',20,60.000,'2009-07-22',4567.000),
  (128,'Cat','Luis','Peter',20,60.000,'2009-07-22',4567.000),
  (129,'pituty','Mary Jane','John Currie',5,3.000,'2011-07-07',12.000),
  (130,'pituty','Mary Jane','John Currie',5,3.000,'2011-07-07',12.000),
  (131,'Cat','Luis','Peter',20,60.000,'2012-05-17',4567.000),
  (132,'Cat','Luis','Peter',20,60.000,'2012-05-17',4567.000),
  (133,'LOLO','Jhon Doe','Mary Doe',7,456.000,'2012-07-13',47.000),
  (134,'LOLO','Jhon Doe','Mary Doe',7,456.000,'2012-07-13',47.000),
  (135,'LOLO','Jhon Doe','Mary Doe',7,456.000,'2012-07-28',47.000),
  (136,'LOLO','Jhon Doe','Mary Doe',7,456.000,'2012-07-28',47.000),
  (137,'pituty','Mary Jane','John Currie',5,3.000,'2013-04-19',12.000),
  (138,'pituty','Mary Jane','John Currie',5,3.000,'2013-04-19',12.000),
  (139,'Cat','Luis','Peter',22,61.000,'2014-07-18',4567.000),
  (140,'Cat','Luis','Peter',22,61.000,'2014-07-18',4567.000),
  (141,'LOLO','Jhon Doe','Mary Doe',7,456.000,'2015-07-10',47.000),
  (142,'LOLO','Jhon Doe','Mary Doe',7,456.000,'2015-07-10',47.000),
  (143,'Cat','Luis','Peter',20,60.000,'2015-07-22',4567.000),
  (144,'Cat','Luis','Peter',20,60.000,'2015-07-22',4567.000),
  (145,'Cat','Luis','Peter',20,60.000,'2015-07-22',4567.000),
  (146,'Cat','Luis','Peter',20,60.000,'2015-07-22',4567.000);
COMMIT;

/* Data for the `tbltestnames` table  (LIMIT 0,500) */

INSERT INTO `tbltestnames` (`recn`, `name`) VALUES
  (1,'Bruzela'),
  (2,'Tuberculosis'),
  (4,'Papera');
COMMIT;

/* Data for the `tblsurveillance` table  (LIMIT 0,500) */

INSERT INTO `tblsurveillance` (`recn`, `farmRecn`, `testRecn`, `dateOfSurveillance`) VALUES
  (10,44,1,'2017-07-12'),
  (11,8,1,'2019-09-13');
COMMIT;

/* Data for the `tblsurveillancedetails` table  (LIMIT 0,500) */

INSERT INTO `tblsurveillancedetails` (`recn`, `livestockRecn`, `testResult`, `surveillanceRecn`) VALUES
  (18,34,'Positive',10),
  (22,19,'Negative',11);
COMMIT;

/* Data for the `tbltradeliveanimals` table  (LIMIT 0,500) */

INSERT INTO `tbltradeliveanimals` (`recn`, `tradeType`, `dateOfLicence`, `licenceNo`, `fee`, `farmRecn`) VALUES
  (11,1,'2017-03-28 00:00:00','3',30.0000,18),
  (12,1,'2017-03-31 00:00:00','4',400.0000,18),
  (14,2,'2017-04-20 00:00:00','20',2000.0000,20),
  (15,2,'2019-09-13 00:00:00','860118-en/2019',100.0000,20),
  (16,2,'2019-09-27 00:00:00','668692-110617',12.0000,19),
  (17,2,'2019-09-11 00:00:00','260187-mar',2345.0000,19),
  (18,2,'2019-10-31 00:00:00','6789012-ERO',12.0000,20);
COMMIT;

/* Data for the `tbltradeliveanimalsdetails` table  (LIMIT 0,500) */

INSERT INTO `tbltradeliveanimalsdetails` (`recn`, `tradeLiveAnimalRecn`, `dateOfTrade`, `breedRecn`, `quantity`, `country`, `quarantinePeriod`, `quarantinePeriodUnit`, `tradeStatus`, `comments`, `consignee_of_sender`, `consignee_of_receiver`) VALUES
  (22,12,'2017-03-31 00:00:00',6,2,5,2,3,0,'nuevo',NULL,NULL),
  (29,14,'2017-06-30 00:00:00',5,23,1,NULL,NULL,1,'export to stkitts','nito','lolo'),
  (34,12,'2017-03-31 00:00:00',6,2,5,2,3,0,'nuevo',NULL,NULL),
  (39,14,'2017-06-30 00:00:00',5,23,1,0,0,1,'export to stkitts','nito','lolo'),
  (44,12,'2017-03-31 00:00:00',6,2,5,2,3,0,'nuevo',NULL,NULL),
  (49,14,'2017-06-30 00:00:00',5,23,1,0,0,1,'export to stkitts','nito','lolo'),
  (51,14,'2019-09-30 00:00:00',12,12,1,NULL,NULL,1,'mierda ma paco','Vicente Jay','Luis Prez'),
  (52,15,'2019-09-29 00:00:00',8,12,4,NULL,NULL,1,'scsdsd','Luis','Zach'),
  (53,0,'2019-09-26 00:00:00',11,12,10,NULL,NULL,1,'sfds','d','d'),
  (54,18,'2019-10-31 00:00:00',10,23,2,NULL,NULL,1,'wrw','sfdfs','sfssfs');
COMMIT;

/* Data for the `tbltraders` table  (LIMIT 0,500) */

INSERT INTO `tbltraders` (`recn`, `name`, `type`) VALUES
  (1,'FRANK B. ARMSTRONG',1),
  (2,'SUPERFOODS-NEVIS',1),
  (3,'C&C SUPERFOODS',1),
  (4,'RAMS TRADING LTD.',1),
  (5,'Ocean Cold Storage',1),
  (6,'S.L. Horsfords & Co. LTD',1),
  (7,'Kittitian Fast Food',1),
  (8,'Wargil Food Distributors',1),
  (9,'Emmanuel Juicy Beef LTD',1),
  (10,'CEMACO',1),
  (11,'Kings Pavillion',1),
  (12,'O.D Brisbane & Sons LTD',1),
  (13,'St. Kitts Marriott Resort',1),
  (14,'Best Buy Groceries St Kitts',1),
  (15,'SK&SONS',1),
  (16,'ROYAL ST KITTS HOTEL CASINO',1),
  (17,'DAVID COURY AND CO LTD',1),
  (18,'Kittian Hill',1),
  (19,'Ocean Coffee Inc',2),
  (20,'Island Trading',2);
COMMIT;

/* Data for the `tbltradeproducts` table  (LIMIT 0,500) */

INSERT INTO `tbltradeproducts` (`recn`, `tradeType`, `dateOfLicence`, `licenceNo`, `fee`, `FarmRecn`) VALUES
  (1,2,'2008-08-22 00:00:00','4131-mpg192295',50.7000,19),
  (3,2,'2008-08-22 00:00:00','4132- 08/12/01194',50.0000,19),
  (5,1,'2008-08-22 00:00:00','4130-08/29/03868',50.0000,3),
  (6,1,'2008-08-22 00:00:00','4130- 08/29/03870',50.0000,3),
  (7,1,'2008-08-21 00:00:00','4129- 5249523',50.0000,4),
  (8,1,'2008-08-18 00:00:00','4124- 08/29/03873',50.0000,4),
  (9,1,'2008-08-18 00:00:00','4124- 08/29/03874',50.0000,4),
  (10,1,'2008-08-18 00:00:00','4124- 08/12/01195',50.0000,4),
  (11,1,'2008-07-01 00:00:00','3922-mpg-192086',50.0000,5),
  (12,1,'2008-07-01 00:00:00','3923-mpg-192085',50.0000,6),
  (13,1,'2008-07-01 00:00:00','3924-mpg-497866/798555/798553',50.0000,8),
  (14,1,'2008-09-01 00:00:00','3925- 726059',50.0000,9),
  (15,1,'2008-09-01 00:00:00','3925- 726059',50.0000,9),
  (16,1,'2008-10-01 00:00:00','3926',50.0000,2),
  (17,1,'2008-11-01 00:00:00','3927',50.0000,1),
  (18,1,'2008-11-01 00:00:00','3928',50.0000,1),
  (19,1,'2008-01-14 00:00:00','3929',50.0000,3),
  (20,1,'2008-01-15 00:00:00','3931-07/24/02671-07/12/04960-07/12/05002',50.0000,4),
  (21,1,'2008-01-16 00:00:00','3932',50.0000,5),
  (23,1,'2008-02-25 00:00:00','3934',50.0000,11),
  (24,1,'2008-01-21 00:00:00','3935-mpg-677140/854191',50.0000,1),
  (25,1,'2008-01-23 00:00:00','3937-mpg-768254/768255',50.0000,12),
  (26,1,'2008-01-23 00:00:00','3938-mpg-192109',50.0000,5),
  (27,1,'2008-01-23 00:00:00','3939',50.0000,6),
  (28,1,'2008-01-23 00:00:00','3940-mpg-831940',50.0000,4),
  (29,1,'2008-01-23 00:00:00','3941-mpg768256/768232/768242',50.0000,4),
  (30,1,'2008-01-24 00:00:00','3942-mpg-615533',50.0000,7),
  (31,1,'2008-01-28 00:00:00','3943-mpg-192133',50.0000,3),
  (32,1,'2008-01-29 00:00:00','3944-mpg-713542/567061/524693854340/854434',50.0000,11),
  (33,1,'2008-01-31 00:00:00','3945',50.0000,3),
  (34,1,'2008-04-02 00:00:00','3946',50.0000,4),
  (36,1,'2008-05-02 00:00:00','3947',50.0000,3),
  (37,1,'2008-05-02 00:00:00','3948-07/29/08648',50.0000,12),
  (39,1,'2008-05-02 00:00:00','3950-mpg-192148',50.0000,1),
  (40,1,'2008-06-02 00:00:00','3951',50.0000,5),
  (41,1,'2008-05-02 00:00:00','3952',50.0000,6),
  (42,1,'2008-07-02 00:00:00','3953-mpg-603634',50.0000,13),
  (43,1,'2008-07-02 00:00:00','3954-08/12/00115-08/29/00383',50.0000,2),
  (44,1,'2008-08-02 00:00:00','3955',50.0000,5),
  (45,1,'2008-08-02 00:00:00','3956',50.0000,4),
  (46,1,'2008-11-02 00:00:00','3957',50.0000,3),
  (47,1,'2008-11-02 00:00:00','3958-mpg-854629',50.0000,3),
  (48,1,'2008-11-02 00:00:00','3959-mpg-607863',50.0000,3),
  (49,1,'2008-02-14 00:00:00','3960-mpg-840955',50.0000,6),
  (50,1,'2008-02-14 00:00:00','3961',50.0000,5),
  (51,1,'2008-02-14 00:00:00','3962-mpg-231566',50.0000,10),
  (52,1,'2008-02-15 00:00:00','3963',50.0000,5),
  (53,1,'2008-02-15 00:00:00','3964',50.0000,4),
  (54,1,'2008-02-18 00:00:00','3965-mpg-774364',50.0000,9),
  (55,1,'2008-02-19 00:00:00','3966',50.0000,4),
  (56,1,'2008-02-19 00:00:00','3968',50.0000,8),
  (57,1,'2008-02-22 00:00:00','3969-mpg-851468-192200-192201',50.0000,3),
  (58,1,'2008-02-27 00:00:00','3970',50.0000,7),
  (59,1,'2008-02-27 00:00:00','3971',50.0000,5),
  (60,1,'2008-02-27 00:00:00','3972',50.0000,6),
  (61,1,'2008-02-29 00:00:00','3973',50.0000,9),
  (62,1,'2008-03-03 00:00:00','3974-mpg-192222',50.0000,1),
  (63,1,'2008-03-03 00:00:00','3975-mpg-612585',50.0000,1),
  (64,1,'2008-03-03 00:00:00','3976-mpg-774389-612585',50.0000,1),
  (66,1,'2008-05-03 00:00:00','3978-08/12/00281',50.0000,3),
  (67,1,'2008-04-03 00:00:00','3979-08/12/00280-08/29/849+865',50.0000,4),
  (68,1,'2008-04-03 00:00:00','3980-08/29/00868',50.0000,12),
  (69,1,'2008-05-03 00:00:00','3981',50.0000,5),
  (70,1,'2008-05-03 00:00:00','3982',50.0000,6),
  (71,1,'2008-03-28 00:00:00','3983-mpg-615674',50.0000,7),
  (72,1,'2008-06-03 00:00:00','3984-08/29/00864-08/12/00283',50.0000,2),
  (73,1,'2008-07-03 00:00:00','3985',50.0000,4),
  (74,1,'2008-07-03 00:00:00','3986-08/29/00866-08/12/00282-08/29/00848',50.0000,5),
  (75,1,'2008-12-03 00:00:00','3988-mpg-192248',50.0000,6),
  (76,1,'2008-12-03 00:00:00','3989-mpg-875284',50.0000,5),
  (77,1,'2008-12-03 00:00:00','3990',50.0000,4),
  (78,1,'2008-03-19 00:00:00','3991-01140/31/08-00139/31/08',50.0000,1),
  (79,1,'2008-03-26 00:00:00','3992',50.0000,1),
  (80,1,'2008-03-26 00:00:00','3993-mpg829249',50.0000,1),
  (81,1,'2008-03-26 00:00:00','3994-mpg-803352-922505',50.0000,1),
  (82,1,'2008-03-26 00:00:00','3995',50.0000,4),
  (83,1,'2008-01-04 00:00:00','3996-mpg-603997',50.0000,13),
  (85,1,'2008-02-04 00:00:00','3998-mpg-841078-880693',50.0000,6),
  (86,1,'2008-02-04 00:00:00','3999-mpg-880692',50.0000,5),
  (87,1,'2008-04-04 00:00:00','4000',50.0000,1),
  (89,1,'2008-05-23 00:00:00','4052-mph-004447',50.0000,1),
  (90,1,'2008-05-27 00:00:00','4053-mpg711635',50.0000,1),
  (91,1,'2008-05-27 00:00:00','4054-NZL 2008/oceanEX1/268',50.0000,5),
  (92,1,'2008-05-29 00:00:00','4055',50.0000,4),
  (93,1,'2008-05-29 00:00:00','4056',50.0000,3),
  (94,1,'2008-05-29 00:00:00','4057',50.0000,2),
  (95,1,'2008-05-30 00:00:00','4058-mpg-885423',50.0000,3),
  (96,1,'2008-05-30 00:00:00','4059-mpg-880907',50.0000,5),
  (97,1,'2008-05-30 00:00:00','4060-mpg-880909/841197/841195',50.0000,6),
  (98,1,'2008-03-06 00:00:00','4061-mpg-749584/775707/607029',50.0000,10),
  (99,1,'2008-03-06 00:00:00','4062-749570/566435/790295/567660/004533',50.0000,11),
  (100,1,'2008-03-06 00:00:00','4063-mpg-895195/880911',50.0000,4),
  (101,1,'2008-05-06 00:00:00','4064-mpg-679608',50.0000,7),
  (102,1,'2008-06-06 00:00:00','4065-01683/412/08---01687/412/08',50.0000,1),
  (103,1,'2008-09-06 00:00:00','4066--5211409',50.0000,3),
  (104,1,'2008-09-06 00:00:00','4067-mpg-2833693-567752-892922-892923',50.0000,4),
  (105,1,'2008-11-06 00:00:00','4068',50.0000,13),
  (106,1,'2008-11-06 00:00:00','4069',50.0000,13),
  (107,1,'2008-11-06 00:00:00','4070',50.0000,13),
  (108,1,'2008-11-06 00:00:00','4071-mpg-880958',50.0000,5),
  (109,1,'2008-11-06 00:00:00','4072-mpg-880957-880958',50.0000,6),
  (110,1,'2008-06-13 00:00:00','4073-mpg-712237-022833',50.0000,3),
  (111,1,'2008-06-13 00:00:00','4074-mpg-880971-922544-975747',50.0000,3),
  (112,1,'2008-06-13 00:00:00','4075-mpg-976864',50.0000,3),
  (113,1,'2008-06-17 00:00:00','4076-mpg-880992-841231',50.0000,6),
  (114,1,'2008-06-20 00:00:00','4077-mpg-880993',50.0000,5),
  (115,1,'2008-06-24 00:00:00','4078',50.0000,3),
  (116,1,'2008-06-26 00:00:00','4079',50.0000,12),
  (117,1,'2008-06-26 00:00:00','4080',50.0000,4),
  (118,1,'2008-06-27 00:00:00','4081',50.0000,2),
  (119,1,'2008-01-07 00:00:00','4082-mpg-881022',50.0000,3),
  (120,1,'2008-01-07 00:00:00','4083',50.0000,11),
  (121,1,'2008-03-07 00:00:00','4084',50.0000,5),
  (122,1,'2008-03-07 00:00:00','4085',50.0000,6),
  (123,1,'2008-03-07 00:00:00','4086',50.0000,7),
  (124,1,'2008-03-07 00:00:00','4087',50.0000,4),
  (125,1,'2008-08-07 00:00:00','4088',50.0000,10),
  (126,1,'2008-07-07 00:00:00','4089',50.0000,10),
  (127,1,'2008-08-07 00:00:00','4090',50.0000,5),
  (128,1,'2008-08-07 00:00:00','4091',50.0000,6),
  (129,1,'2008-09-07 00:00:00','4092',50.0000,4),
  (130,1,'2008-07-14 00:00:00','4093',50.0000,5),
  (131,1,'2008-07-14 00:00:00','4094-mpg-597783',50.0000,4),
  (132,1,'2008-07-14 00:00:00','4095-mpg-712314/ 023033',50.0000,1),
  (133,1,'2008-07-18 00:00:00','4096-mph-094044',50.0000,1),
  (134,1,'2008-07-18 00:00:00','4097-922673',50.0000,3),
  (135,1,'2008-07-22 00:00:00','4098',50.0000,8),
  (136,1,'2008-07-22 00:00:00','4099-08/29/03158-08/29/03156-0812/01021',50.0000,4),
  (137,1,'2008-07-22 00:00:00','4100-08/29/03152',50.0000,3),
  (138,1,'2008-04-04 00:00:00','4001',50.0000,4),
  (139,1,'2008-07-04 00:00:00','4002',50.0000,2),
  (140,1,'2008-08-04 00:00:00','4003- 08/29/01193',50.0000,12),
  (141,1,'2008-08-04 00:00:00','4004-mpg-733925-880706',50.0000,3),
  (142,1,'2008-08-04 00:00:00','4005-mpg-892369-892363',50.0000,4),
  (143,1,'2008-10-04 00:00:00','4006-mpg-879304-829065-717552',50.0000,1),
  (144,1,'2008-10-04 00:00:00','4007-08/29/00851-08/29/01190-08/12/00374',50.0000,5),
  (145,1,'2008-10-04 00:00:00','4008-mpg-880711',50.0000,5),
  (146,1,'2008-10-04 00:00:00','4009-mpg-841096-841092',50.0000,6),
  (147,1,'2008-10-04 00:00:00','4010-mpg-878434',50.0000,6),
  (148,1,'2008-04-14 00:00:00','4011-mpg-923733',50.0000,1),
  (149,1,'2008-04-17 00:00:00','4012- 833124',50.0000,10),
  (150,1,'2008-04-17 00:00:00','4013',50.0000,5),
  (151,1,'2008-04-17 00:00:00','4014-mpg-880751-841111',50.0000,6),
  (152,1,'2008-04-17 00:00:00','4015-892430-892436',50.0000,10),
  (153,1,'2008-04-17 00:00:00','4016-mpg-791679',50.0000,4),
  (154,1,'2008-04-21 00:00:00','4017-NZL 2008/ELN1262/54090',50.0000,5),
  (155,1,'2008-04-21 00:00:00','4018-mpg-892500',50.0000,1),
  (156,1,'2008-04-21 00:00:00','4019-mpg-892502',50.0000,1),
  (157,1,'2008-04-21 00:00:00','4020-mpg-880778-922010-971234',50.0000,8),
  (158,1,'2008-04-23 00:00:00','4021-892492-892481',50.0000,4),
  (159,1,'2008-04-23 00:00:00','4022-mkpg-791660',50.0000,4),
  (160,1,'2008-04-23 00:00:00','4023-mpg-749479-879395-790193-553594',50.0000,11),
  (161,1,'2008-04-28 00:00:00','4024-',50.0000,2),
  (162,1,'2008-04-29 00:00:00','4025-mpg-998043',50.0000,4),
  (163,1,'2008-04-29 00:00:00','4026- 08/29/01679',50.0000,4),
  (164,1,'2008-04-29 00:00:00','4027- 08/29/01672-08/29/00853',50.0000,12),
  (165,1,'2008-04-29 00:00:00','4028-mpg-892429-892435',50.0000,12),
  (166,1,'2008-04-30 00:00:00','4029-',50.0000,3),
  (167,1,'2008-01-05 00:00:00','4030-mpg-679507',50.0000,7),
  (168,1,'2008-01-05 00:00:00','4031-mpg-880794',50.0000,5),
  (169,1,'2008-01-05 00:00:00','4032-mpg-880793-841141',50.0000,6),
  (170,1,'2008-02-05 00:00:00','4033-mpg-923921',50.0000,1),
  (171,1,'2008-02-05 00:00:00','4034-mpg-717632',50.0000,1),
  (172,1,'2008-06-05 00:00:00','4035- 08/29/01675-08/29/01676',50.0000,6),
  (173,1,'2008-06-05 00:00:00','4036- mph-003978',50.0000,1),
  (174,1,'2008-06-05 00:00:00','4037-mpg-988959',50.0000,1),
  (175,1,'2008-06-05 00:00:00','4038-mpg-878465',50.0000,1),
  (176,1,'2008-07-05 00:00:00','4039-mpg-922019-880824-972623',50.0000,1),
  (177,1,'2008-08-05 00:00:00','4040-mpg-880827-841152',50.0000,6),
  (178,1,'2008-08-05 00:00:00','4041-mpg-880826',50.0000,5),
  (179,1,'2008-08-05 00:00:00','4042-mpg-880963',50.0000,1),
  (180,1,'2008-08-05 00:00:00','4043-mpg-789563',50.0000,4),
  (181,1,'2008-08-05 00:00:00','4044- 02035-7/2032/08',150.0000,4),
  (182,1,'2008-09-05 00:00:00','4045-mpg-712624- mpg-535080',50.0000,4),
  (183,1,'2008-09-05 00:00:00','4046-',50.0000,6),
  (184,1,'2008-05-21 00:00:00','4047-mpg-880875-mpg-841184-mpg-841180',50.0000,6),
  (185,1,'2008-05-15 00:00:00','4048-mpg-892714-mpg-892713',50.0000,10),
  (186,1,'2008-05-21 00:00:00','4049-mpg-880874',50.0000,5),
  (187,1,'2008-05-22 00:00:00','4050-mpg-935980',50.0000,9),
  (188,1,'2009-01-16 00:00:00','4240/5389086',50.0000,4),
  (189,1,'2009-01-15 00:00:00','4240-mpg-5389086',50.0000,4),
  (190,1,'2009-01-05 00:00:00','4221-mph-250341-4221-mph-227733',50.0000,1),
  (192,1,'2009-01-19 00:00:00','4222-mph-225032',50.0000,3),
  (193,1,'2009-01-05 00:00:00','4223-mpg-922900-4223-mph-320660',50.0000,1),
  (194,1,'2009-01-06 00:00:00','4224-mpg-776408',50.0000,4),
  (195,1,'2009-01-08 00:00:00','4226-mpg-897509-4226-mpg-897508',50.0000,4),
  (196,1,'2009-01-08 00:00:00','4227-08/2/01818-4227-08/2/05562-4227-08/2/05526',50.0000,4),
  (197,1,'2009-01-09 00:00:00','4228-mpg-897513-4228-mpg-897514-mph-215191',50.0000,12),
  (198,1,'2009-01-09 00:00:00','4229-mph-320674',50.0000,5),
  (199,1,'2009-01-09 00:00:00','4230-08494/928/08-4230-0895/928/08 etc.',50.0000,5),
  (200,1,'2009-01-09 00:00:00','4231-mpg-998958',50.0000,7),
  (201,1,'2009-01-09 00:00:00','4232-mph-227809',50.0000,1),
  (202,1,'2009-01-09 00:00:00','4233-08/2/02676',50.0000,12),
  (203,1,'2009-01-12 00:00:00','4234-08/2/05494-4234-08/2/05568',50.0000,3),
  (204,1,'2009-01-12 00:00:00','4235-08/2/05528-4235-08/2/05480-4235-08/2/055/64',50.0000,5),
  (205,1,'2009-01-14 00:00:00','4236-mpg-007740',50.0000,13),
  (206,1,'2009-01-15 00:00:00','4237-mph-320673-4237-mph-055422-4237-mph-055418',50.0000,6),
  (207,1,'2009-01-15 00:00:00','4238-mph-320690',50.0000,5),
  (208,1,'2009-01-15 00:00:00','4239-mph-055431-4239-mph-320692',50.0000,6),
  (211,1,'2009-01-27 00:00:00','4247-mph-704319-317039-276364',50.0000,11),
  (215,1,'2009-02-06 00:00:00','4250-mph-238702-mph-244960-mph-356377.',50.0000,4),
  (216,1,'2009-02-05 00:00:00','4254-09/2/00976-09/02/01323-09/2/01596',50.0000,4),
  (217,1,'2009-01-15 00:00:00','4241-04165/412/08',50.0000,1),
  (218,1,'2009-02-04 00:00:00','4251-09/2/01623, 09/2/00973, 09/2/00981',50.0000,1),
  (219,1,'2009-02-18 00:00:00','4260-mpg 941181-mph-320852',50.0000,1),
  (220,1,'2009-02-17 00:00:00','4261-mpg-957970',50.0000,4),
  (221,1,'2009-02-17 00:00:00','4262',50.0000,4),
  (222,1,'2009-02-20 00:00:00','4263-mph-320870',50.0000,3),
  (223,1,'2009-02-27 00:00:00','4264-mph-359654,394155',50.0000,3),
  (224,1,'2009-03-03 00:00:00','4272-mph-317098,362433, 276400, mpg-704720',50.0000,11),
  (225,1,'2009-03-02 00:00:00','4271-09/2/03124',50.0000,4),
  (226,1,'2009-03-06 00:00:00','4279-963637',50.0000,4),
  (227,1,'2009-03-09 00:00:00','4280-mpg-941197',50.0000,1),
  (228,1,'2009-03-12 00:00:00','4283-mph-306418',50.0000,3),
  (229,1,'2009-03-17 00:00:00','4285-mph-394243',50.0000,1),
  (230,1,'2009-03-17 00:00:00','4287-mph-291218,291226',50.0000,4),
  (231,1,'2009-03-16 00:00:00','4284-00454/2909/09',50.0000,5),
  (233,1,'2009-03-24 00:00:00','4288-mph-320954',50.0000,5),
  (234,1,'2009-03-24 00:00:00','4289-mph-395628',50.0000,4),
  (235,1,'2009-03-24 00:00:00','4291-mph-320955',50.0000,6),
  (236,1,'2009-03-24 00:00:00','4290-mpc-007722-mph-359871-mph-369114',50.0000,4),
  (237,1,'2009-03-31 00:00:00','4298-mph-320967',50.0000,5),
  (238,1,'2009-03-31 00:00:00','4299-mph-055563-mph-055556-mph-320968',50.0000,6),
  (239,1,'2009-04-03 00:00:00','4305-09/2/05230-09/2/05238-09/2/05812',50.0000,4),
  (240,1,'2009-04-06 00:00:00','4305-09/2/05812-09/2/05233',50.0000,4),
  (242,1,'2009-04-07 00:00:00','4309-mph-351298-350305-357377',50.0000,11),
  (243,1,'2009-04-01 00:00:00','4301-mph-320974',50.0000,1),
  (244,1,'2009-04-02 00:00:00','4303-mph-418236-mph-351248-mph-351247',50.0000,1),
  (245,1,'2009-04-07 00:00:00','4310-mph-320989',50.0000,5),
  (246,1,'2009-04-07 00:00:00','4311-mph-320988-348277-055572',50.0000,6),
  (247,1,'2009-04-15 00:00:00','4321-mph-321013',50.0000,5),
  (248,1,'2009-04-15 00:00:00','4313-mph-321012-348285-348288',50.0000,6),
  (249,1,'2009-04-15 00:00:00','4316-985426',50.0000,4),
  (250,1,'2009-04-16 00:00:00','4317-mph-291469-291470',50.0000,4),
  (251,1,'2009-04-23 00:00:00','4322-mph-321008',50.0000,4),
  (252,1,'2009-04-28 00:00:00','4323-mph321055',50.0000,5),
  (253,1,'2009-04-28 00:00:00','4324-mph-348307-348315-321059',50.0000,6),
  (254,1,'2009-04-29 00:00:00','4326-09207885-09207266',50.0000,4),
  (255,1,'2009-05-06 00:00:00','4332-mph-087162-291637',50.0000,3),
  (256,1,'2009-05-01 00:00:00','4327-09/2/05221',50.0000,3),
  (257,1,'2009-05-06 00:00:00','4330-mph-439323-350802',50.0000,1),
  (258,1,'2009-05-07 00:00:00','4333-5466183',50.0000,4),
  (259,1,'2009-05-06 00:00:00','4331-mph-321065-mpg-941255',50.0000,1),
  (260,1,'2009-04-29 00:00:00','4325-mph-338387',50.0000,4),
  (261,1,'2009-05-13 00:00:00','4336-mph-321096',50.0000,5),
  (262,1,'2009-05-13 00:00:00','4337-mph-321095-348336-348341',50.0000,6),
  (263,1,'2009-05-18 00:00:00','4342-mph-447512-350891-452256-317158',50.0000,11),
  (264,1,'2009-05-11 00:00:00','4335-no:01074/466/09',50.0000,1),
  (265,1,'2009-05-25 00:00:00','4344-mph402654-402671',50.0000,4),
  (266,1,'2009-05-25 00:00:00','4345-mph-291784',50.0000,4),
  (267,1,'2009-05-25 00:00:00','4352-mph-321121',50.0000,5),
  (268,1,'2009-05-28 00:00:00','4353-mph-321122-mph-348368',50.0000,6),
  (269,1,'2009-05-29 00:00:00','4357-01274/466/09',50.0000,1),
  (270,1,'2009-05-25 00:00:00','4346-09/2/09357',50.0000,12),
  (271,1,'2009-05-28 00:00:00','4354-09/2/07271-09/2/09906',50.0000,2),
  (272,1,'2009-06-03 00:00:00','4358-mph-321127',50.0000,5),
  (273,1,'2009-06-03 00:00:00','4359-mph-321128-mph-348381-mph-348320',50.0000,6),
  (274,1,'2009-05-27 00:00:00','4350-0/421/2909/09',50.0000,5),
  (275,1,'2009-05-27 00:00:00','4351-09/2/09346-09/2/09412',50.0000,5),
  (276,1,'2009-05-27 00:00:00','4349-mph-338460',50.0000,4),
  (277,1,'2009-05-22 00:00:00','4343-875532',50.0000,5),
  (278,1,'2009-06-08 00:00:00','4362-02376/928/09',50.0000,4),
  (279,1,'2009-06-10 00:00:00','4363-mph-321144',50.0000,5),
  (280,1,'2009-06-10 00:00:00','4364-mph-321143-348395-348391',50.0000,6),
  (281,1,'2009-06-08 00:00:00','4360-mph-447565-872654',50.0000,12),
  (282,1,'2009-06-08 00:00:00','4361-mph-478615-468508',50.0000,4),
  (283,1,'2009-06-15 00:00:00','4365-mph-488196-504361',50.0000,1),
  (284,1,'2009-06-15 00:00:00','4366-mph-321154',50.0000,1),
  (285,1,'2009-06-16 00:00:00','4367-mph-082712-082703',50.0000,4),
  (286,1,'2009-06-26 00:00:00','4348-mph-395294-395295-151467',50.0000,13),
  (287,1,'2009-06-30 00:00:00','4380-mph-321206',50.0000,5),
  (288,1,'2009-06-30 00:00:00','4379-mph-348430-348433-321207',50.0000,6),
  (289,1,'2009-06-30 00:00:00','4378-No:09/2/11400',50.0000,1),
  (290,1,'2009-06-30 00:00:00','4376-mph-532913-480930-132725',50.0000,1),
  (291,1,'2009-06-29 00:00:00','4375- No:09/2/12865-09/2/09340',50.0000,4),
  (292,1,'2009-06-07 00:00:00','4381-mph-321242-941303',50.0000,1),
  (293,1,'2009-07-06 00:00:00','4382-mph-082865-082864',50.0000,3),
  (294,1,'2009-07-07 00:00:00','4384-mph-507825-132859-362451',50.0000,11),
  (295,1,'2009-06-25 00:00:00','4371-mph-413803',50.0000,4),
  (296,1,'2009-07-10 00:00:00','4385-mph-497446-mph-151476',50.0000,4),
  (297,1,'2009-07-10 00:00:00','4386-mph-321240',50.0000,5),
  (298,1,'2009-07-10 00:00:00','4387-mph-348440-mph-348443-mph-321241',50.0000,6),
  (299,1,'2009-07-15 00:00:00','4392-mph-321252',50.0000,1),
  (300,1,'2009-07-15 00:00:00','4391-mph-533008',50.0000,1),
  (301,1,'2009-07-15 00:00:00','4389-mph-321255',50.0000,5),
  (302,1,'2009-07-15 00:00:00','4390-mph-321254-mph-348449-mph-348453',50.0000,6),
  (303,1,'2009-07-15 00:00:00','4393-mph-459213',50.0000,4),
  (304,1,'2009-07-22 00:00:00','4396-No:09/2/13654,09/2/13670,09/2/14211',50.0000,4),
  (305,1,'2009-07-28 00:00:00','4400-mph-321278',50.0000,5),
  (306,1,'2009-07-29 00:00:00','4401-mph-321279-348472',50.0000,6),
  (307,1,'2009-07-29 00:00:00','4402-mph-082988-082995',50.0000,4),
  (308,1,'2009-07-28 00:00:00','4398-mph-321271-mpg-941320',50.0000,1),
  (309,1,'2009-07-28 00:00:00','4399-mph-125513',50.0000,1),
  (310,1,'2009-07-23 00:00:00','4397-09/2/14075, 09/2/14205',50.0000,2),
  (311,1,'2009-08-11 00:00:00','4410-mph-447743-mph-522991-mph-522992',50.0000,11),
  (312,1,'2009-08-11 00:00:00','4411-mph-321318',50.0000,5),
  (313,1,'2009-08-11 00:00:00','4412-mph-321317-348509',50.0000,6),
  (314,1,'2009-07-29 00:00:00','4403-mph-481034',50.0000,9),
  (315,1,'2009-08-05 00:00:00','4404-mph-250764',50.0000,7),
  (316,1,'2009-08-07 00:00:00','4409-mph-361302',50.0000,4),
  (318,1,'2009-08-05 00:00:00','4407-mph-348488-321306-348492',50.0000,6),
  (319,1,'2009-08-18 00:00:00','4418-mph-083163-083180-083162',50.0000,4),
  (320,1,'2009-08-18 00:00:00','4415-mph-321340',50.0000,5),
  (321,1,'2009-08-18 00:00:00','4416-mph-321339',50.0000,6),
  (322,1,'2009-08-21 00:00:00','4422-No: 09/2/16294, 09/2/16334',50.0000,4),
  (323,1,'2009-08-18 00:00:00','4417-mph490359',50.0000,4),
  (324,1,'2009-08-20 00:00:00','4419-no.09/2/16337',50.0000,12),
  (325,1,'2009-08-20 00:00:00','4420-09/2/16318-09/216335-09/2/16773',50.0000,5),
  (326,1,'2009-08-21 00:00:00','4421-no.09/2/13626',50.0000,3),
  (327,1,'2009-08-21 00:00:00','4423-no.09/2/1633-09/2/16299-09/2/16768',50.0000,2),
  (328,1,'2009-08-25 00:00:00','4425-mph-397817',50.0000,3),
  (329,1,'2009-08-26 00:00:00','4427-mph-083226-083225',50.0000,12),
  (330,1,'2009-08-28 00:00:00','4428-mph-401679',50.0000,4),
  (331,1,'2009-09-02 00:00:00','4430-mph-32165',50.0000,5),
  (332,1,'2009-09-02 00:00:00','4431-mph-321364-348546',50.0000,6),
  (333,1,'2009-09-04 00:00:00','4447-no:02338/466/09',50.0000,1),
  (334,1,'2009-09-02 00:00:00','4432-mpg-151510-151511.',50.0000,13),
  (335,1,'2009-09-15 00:00:00','4438-mph-321419',50.0000,5),
  (336,1,'2009-09-15 00:00:00','4437-No:09/2/13656, 09/2/19076',50.0000,4),
  (337,1,'2009-09-21 00:00:00','4436-mph-447867',50.0000,11),
  (338,1,'2009-09-15 00:00:00','4435-No:09/2/18572',50.0000,1),
  (339,1,'2009-09-14 00:00:00','4434-mph250871',50.0000,7),
  (340,1,'2009-09-12 00:00:00','4433-mph-463046',50.0000,1),
  (341,1,'2009-09-01 00:00:00','4429-mpg-988878-557801-461876-461468-941349-321349',50.0000,1),
  (342,1,'2009-09-15 00:00:00','4440-mph-313182-mpg-151516-mph-560520',50.0000,4),
  (343,1,'2009-08-12 00:00:00','4413-mph-557718',50.0000,1),
  (344,1,'2009-07-12 00:00:00','4414-mph-321314-557718',50.0000,1),
  (345,1,'2009-08-24 00:00:00','4424-mph-557801',50.0000,1),
  (346,1,'2009-09-10 00:00:00','4450-mph-490424',50.0000,4),
  (347,1,'2009-09-15 00:00:00','4439-mph-321418-348572-348568',50.0000,6),
  (348,1,'2009-09-18 00:00:00','4441-no.09/2/19082-09/2/18694',50.0000,2),
  (349,1,'2009-09-22 00:00:00','4443-mph-083466-083465-083464',50.0000,4),
  (350,1,'2009-09-23 00:00:00','4446-mph-321424',50.0000,5),
  (351,1,'2009-09-22 00:00:00','4445-mph-321425-348587',50.0000,6),
  (352,1,'2009-08-25 00:00:00','4426-mph-321351-mpg-941350',50.0000,8),
  (353,1,'2009-09-10 00:00:00','4448-10136/6',50.0000,4),
  (354,1,'2009-09-10 00:00:00','4449-5489464',50.0000,4),
  (355,1,'2009-09-22 00:00:00','4444-mph-034911',50.0000,4),
  (357,1,'2009-09-30 00:00:00','4452-mph-321464',50.0000,5),
  (358,1,'2009-09-30 00:00:00','4453-mph-321451-mph-348598',50.0000,6),
  (359,1,'2009-10-06 00:00:00','4455-mph-591449-554150-447933',50.0000,11),
  (360,1,'2009-10-05 00:00:00','4454-no:08357/1793/09',50.0000,12),
  (361,1,'2009-09-22 00:00:00','4442-no:03876/2909/09-03877/2909/09',50.0000,5),
  (362,1,'2009-10-13 00:00:00','4458-mph-321492',50.0000,5),
  (363,1,'2009-10-13 00:00:00','4459-mph-321493-348624',50.0000,6),
  (364,1,'2009-10-14 00:00:00','4461-09/2/21355-09/2/21337-09/2/21514',50.0000,2),
  (365,1,'2009-10-14 00:00:00','4460-09/2/21269-09/2/21508-09/2/21332',50.0000,5),
  (366,1,'2009-09-29 00:00:00','4451-mph-321444-599515-988886',50.0000,1),
  (367,1,'2009-10-12 00:00:00','4456-09/2/21489-09/2/21279-09/2/21505',50.0000,3),
  (368,1,'2009-10-19 00:00:00','4462-mph-321466',50.0000,4),
  (369,1,'2009-10-19 00:00:00','4463',50.0000,4),
  (370,1,'2009-10-19 00:00:00','4464-mph-554010-607812-537590-313330-313304',50.0000,4),
  (371,1,'2009-10-20 00:00:00','4465-mph-321511',50.0000,5),
  (372,1,'2009-10-20 00:00:00','4466-mph-321510-mph-348636',50.0000,6),
  (373,1,'2009-10-21 00:00:00','4467-mpg-941403',50.0000,3),
  (374,1,'2009-10-23 00:00:00','4468-mph-250983',50.0000,7),
  (375,1,'2009-10-28 00:00:00','4469-mph-321528',50.0000,5),
  (376,1,'2009-10-28 00:00:00','4470-mph-321527-348646',50.0000,6),
  (377,1,'2009-10-28 00:00:00','4471-mph-083739-083740',50.0000,4),
  (378,1,'2009-10-30 00:00:00','4473-nzl2009/oceanex1/2955',50.0000,5),
  (379,1,'2009-11-04 00:00:00','4475-mph-536600-550728',50.0000,12),
  (380,1,'2009-11-09 00:00:00','4476-mph-573256-554238-636092',50.0000,11),
  (381,1,'2009-11-10 00:00:00','4479-mph-321545',50.0000,5),
  (382,1,'2009-11-11 00:00:00','4480-mph-348670-321546',50.0000,6),
  (383,1,'2009-11-11 00:00:00','4478-mph-292718-292711',50.0000,4),
  (384,1,'2009-11-18 00:00:00','4487-mph-321563',50.0000,5),
  (385,1,'2009-11-18 00:00:00','4488-mph-619538-321562',50.0000,6),
  (386,1,'2009-11-17 00:00:00','4485-mph-292811-292810',50.0000,12),
  (387,1,'2009-11-20 00:00:00','4490-mph-087820',50.0000,4),
  (388,1,'2009-11-24 00:00:00','4493-mph-321596',50.0000,5),
  (389,1,'2009-11-24 00:00:00','4494-mph-348677-321595',50.0000,6),
  (390,1,'2009-11-30 00:00:00','4498-mph-321617',50.0000,6),
  (391,1,'2009-11-30 00:00:00','4499-mph-321615',50.0000,5),
  (392,1,'2009-11-23 00:00:00','4489-13259/2427/09',50.0000,5),
  (393,1,'2009-12-04 00:00:00','4501-mph-292942',50.0000,4),
  (394,1,'2009-10-12 00:00:00','4457-06799/2032/09',50.0000,3),
  (395,1,'2009-11-11 00:00:00','4477-09/2/21273',50.0000,12),
  (396,1,'2009-11-11 00:00:00','4481-09/2/23224-09/2/24238',50.0000,3),
  (397,1,'2009-11-16 00:00:00','4482-09/2/24232',50.0000,5),
  (398,1,'2009-11-16 00:00:00','4483-mph-481322-',50.0000,9),
  (399,1,'2009-11-16 00:00:00','4483-mph-481322',50.0000,9),
  (400,1,'2009-11-17 00:00:00','4484-03218/466/09',50.0000,3),
  (401,1,'2009-11-23 00:00:00','4491-mph-573299',50.0000,1),
  (402,1,'2009-11-27 00:00:00','4496-mpg-988903-481352-292906',50.0000,1),
  (403,1,'2009-12-10 00:00:00','4507-09/2/23222',50.0000,4),
  (404,1,'2009-12-08 00:00:00','4506-mph-292990-292991',50.0000,4),
  (405,1,'2015-12-09 00:00:00','4516-mph-573351-683723-703607',50.0000,11),
  (406,1,'2009-12-10 00:00:00','4509-mph-321649',50.0000,5),
  (407,1,'2009-12-10 00:00:00','4510-mph-321650',50.0000,6),
  (408,1,'2009-12-11 00:00:00','4511-09/2/26697-09/2/18711',50.0000,2),
  (409,1,'2009-12-21 00:00:00','4517-mpg-886902',50.0000,4),
  (410,1,'2009-12-15 00:00:00','4518-mph-293036-293051',50.0000,4),
  (411,1,'2009-12-15 00:00:00','4515-mph-321675',50.0000,1),
  (412,1,'2009-12-15 00:00:00','4514-mph-321660-425817',50.0000,1),
  (413,1,'2009-12-14 00:00:00','4513-09/2/23229',50.0000,5),
  (414,1,'2009-12-10 00:00:00','4508-09/2/26963',50.0000,1),
  (415,1,'2009-11-02 00:00:00','4474-mph-083788-083777-553276',50.0000,1),
  (416,1,'2009-12-02 00:00:00','4497-mph-087894',50.0000,4),
  (417,1,'2009-12-07 00:00:00','4502-no-09/2/26904',50.0000,12),
  (418,1,'2009-12-03 00:00:00','4500-mph-384553',50.0000,7),
  (419,1,'2009-11-25 00:00:00','4492-mph-663519',50.0000,13),
  (420,1,'2009-12-08 00:00:00','4505-mph-663524-683801',50.0000,4),
  (421,1,'2009-12-07 00:00:00','4504-mph-321633',50.0000,1),
  (422,1,'2009-12-07 00:00:00','4503-mph-988903-321633-660247',50.0000,1),
  (423,1,'2010-01-04 00:00:00','4512-mph-696137-293235',50.0000,1),
  (424,1,'2009-12-17 00:00:00','4519-mph-321679',50.0000,5),
  (425,1,'2009-12-18 00:00:00','4520-mph-321680-348721',50.0000,6),
  (426,1,'2009-12-22 00:00:00','4521-mph-321706',50.0000,5),
  (427,1,'2010-01-07 00:00:00','4523-09/2/18563-09/2/29482',50.0000,12),
  (428,1,'2009-12-22 00:00:00','4522-mph-321708-348733',50.0000,6),
  (429,1,'2010-01-07 00:00:00','4524-',50.0000,5),
  (430,1,'2010-01-07 00:00:00','4525-mph-321755-348756',50.0000,6),
  (431,1,'2010-01-08 00:00:00','4526-no.09/2/29481-09/2/29032',50.0000,2),
  (432,1,'2010-01-08 00:00:00','4527-09/2/28098-09/2/29027',50.0000,4),
  (433,1,'2010-02-04 00:00:00','4528-09/2/29483-09/2/29012',50.0000,3),
  (434,1,'2010-01-08 00:00:00','4529-mph-129768',50.0000,4),
  (435,1,'2010-01-08 00:00:00','4530-01731/3403/09',50.0000,5),
  (436,1,'2010-01-08 00:00:00','4531-09/2/29016-09/2/29485',50.0000,5),
  (437,1,'2010-01-13 00:00:00','4532-mph-321773',50.0000,5),
  (438,1,'2010-01-13 00:00:00','4533-mph-321772-mph-348763',50.0000,6),
  (439,1,'2010-02-02 00:00:00','4551-mph-321856-564076',50.0000,6),
  (440,1,'2010-02-02 00:00:00','4552-mph-321855',50.0000,5),
  (441,1,'2010-02-04 00:00:00','4553-10/2/01378-10/2/01384-10/2/01956',50.0000,2),
  (442,1,'2010-02-05 00:00:00','4555-10/2/01358-10/2/01952',50.0000,5),
  (443,1,'2010-02-08 00:00:00','4556mph-592506/425888',50.0000,1),
  (444,1,'2010-02-09 00:00:00','4554mph-384740',50.0000,7),
  (445,1,'2010-02-09 00:00:00','4557-mph-321868-425889',50.0000,8),
  (446,1,'2010-01-13 00:00:00','4553-mph-321772-348763',50.0000,6),
  (447,1,'2010-01-13 00:00:00','4534-mph-729329',50.0000,4),
  (448,1,'2010-01-13 00:00:00','4535-SO-741839',50.0000,4),
  (449,1,'2010-01-13 00:00:00','4536-SO-747082',50.0000,4),
  (450,1,'2010-01-19 00:00:00','4537-MPH-670340',50.0000,4),
  (451,1,'2010-01-18 00:00:00','4538-MPH-321803-425861-988920',50.0000,1),
  (452,1,'2010-01-27 00:00:00','4541-MPH-683801-729346-718088',50.0000,4),
  (453,1,'2010-01-22 00:00:00','4540-mph-713993',50.0000,9),
  (454,1,'2010-01-27 00:00:00','4542-mph-538348-511034-574473',50.0000,12),
  (455,1,'2010-01-27 00:00:00','4543-mph-129790',50.0000,4),
  (456,1,'2010-01-27 00:00:00','4544-mph-321854-',50.0000,5),
  (457,1,'2010-01-27 00:00:00','4545-mph-321825',50.0000,6),
  (458,1,'2010-01-28 00:00:00','4546-mph-5632200',50.0000,1),
  (459,1,'2010-02-02 00:00:00','4547-10/2/01941',50.0000,1),
  (460,1,'2010-02-02 00:00:00','4548-mph-749697-715267',50.0000,1),
  (461,1,'2010-02-02 00:00:00','4549-mph-129794',50.0000,4),
  (462,1,'2010-02-02 00:00:00','4550-mph-10/2/01945-10/2/01343',50.0000,4),
  (463,1,'2010-02-09 00:00:00','4558-mph564095-321875',50.0000,6),
  (464,1,'2010-02-09 00:00:00','4559-321876',50.0000,5),
  (465,1,'2010-02-16 00:00:00','4560-mph-670644-670625',50.0000,12),
  (466,1,'2010-02-16 00:00:00','4561-321924',50.0000,5),
  (467,1,'2010-02-16 00:00:00','4562-670654-670656',50.0000,11),
  (468,1,'2010-02-16 00:00:00','4563-321925-564110',50.0000,6),
  (469,1,'2010-02-16 00:00:00','4564',50.0000,4),
  (470,1,'2010-02-22 00:00:00','4565-No.0019/2172/10',50.0000,12),
  (471,1,'2010-02-23 00:00:00','4566-mph820754',50.0000,4),
  (472,1,'2010-02-23 00:00:00','4567-No.00227/928/10',50.0000,5),
  (473,1,'2010-02-25 00:00:00','4568-5654785',50.0000,4),
  (476,1,'2010-03-01 00:00:00','4569-No. 00318/928/10',50.0000,1),
  (477,1,'2010-03-01 00:00:00','4570-MPH321968-MPH783784-MPH717604-MPH768117',50.0000,1),
  (478,1,'2010-03-02 00:00:00','4571-No.10/2//04692',50.0000,12),
  (479,1,'2010-03-02 00:00:00','4572-MPH587680,MPH657068',50.0000,4),
  (481,1,'2010-03-02 00:00:00','4573-MPH670750 MPH670735',50.0000,4),
  (482,1,'2010-03-02 00:00:00','4575-No. 10/2/04705',50.0000,5),
  (483,1,'2010-03-04 00:00:00','4576-ME118 ME87 PH71',50.0000,5),
  (485,1,'2010-03-05 00:00:00','4577 No.10/2/03584 No.10/2/03902 No.10/2/04144',50.0000,4),
  (486,1,'2010-03-08 00:00:00','4578-No.10/2/04715 No.10/2/04146 No.10/2/03904',50.0000,2),
  (487,1,'2010-03-10 00:00:00','4579-MPH322019',50.0000,5),
  (488,1,'2010-03-10 00:00:00','4580-MPH322020',50.0000,6),
  (489,1,'2010-03-12 00:00:00','4581-MPH711860',50.0000,4),
  (490,1,'2010-03-10 00:00:00','4582-No.01339/1793/10',50.0000,1),
  (491,1,'2010-03-12 00:00:00','4583-MPH714166',50.0000,9),
  (492,1,'2010-03-17 00:00:00','4584',50.0000,12),
  (493,1,'2010-03-22 00:00:00','4586',50.0000,4),
  (494,1,'2010-03-22 00:00:00','4587',50.0000,7),
  (495,1,'2010-03-22 00:00:00','4590',50.0000,11),
  (496,1,'2010-03-23 00:00:00','4591',50.0000,5),
  (497,1,'2010-03-23 00:00:00','4592',50.0000,6),
  (498,1,'2010-03-24 00:00:00','4593',50.0000,4),
  (499,1,'2010-03-22 00:00:00','4588-670973-803478',50.0000,3),
  (500,1,'2010-03-29 00:00:00','4589',50.0000,1),
  (501,1,'2010-03-29 00:00:00','4594-803960',50.0000,1),
  (502,1,'2010-03-29 00:00:00','4595-MPH553578',50.0000,1),
  (503,1,'2010-03-30 00:00:00','4596-10/2/01361',50.0000,1),
  (504,1,'2010-03-31 00:00:00','4597-10/2/06955-10/2/07495',50.0000,4),
  (505,1,'2010-03-31 00:00:00','4598 MPH711838',50.0000,4),
  (506,1,'2010-03-31 00:00:00','4599MPH322133',50.0000,5),
  (507,1,'2010-03-31 00:00:00','4600MPH564196MPH322132',50.0000,6),
  (508,1,'2010-04-12 00:00:00','4601-10/2/06640',50.0000,2),
  (509,1,'2010-03-31 00:00:00','4602MPH671056MPH671058',50.0000,11),
  (510,1,'2010-04-06 00:00:00','4603-10/2/07489',50.0000,5),
  (511,1,'2010-04-06 00:00:00','4606MPH322150',50.0000,5),
  (512,1,'2010-04-06 00:00:00','4607-0110292810',50.0000,5),
  (513,1,'2010-04-06 00:00:00','4608MPH322151MPH564210',50.0000,6),
  (514,1,'2010-04-07 00:00:00','4609MPH827815',50.0000,4),
  (515,1,'2010-04-09 00:00:00','4610-5695611',50.0000,4),
  (516,1,'2010-04-12 00:00:00','4611MPH804077MPH717623',50.0000,1),
  (517,1,'2010-04-12 00:00:00','4612MPH671171MPH671163',50.0000,3),
  (518,1,'2010-04-13 00:00:00','4613MPH662777',50.0000,4),
  (519,1,'2010-04-13 00:00:00','4614MPH671169',50.0000,4),
  (520,1,'2010-04-13 00:00:00','4615MPH827859',50.0000,4),
  (521,1,'2010-04-20 00:00:00','4616MPH711730',50.0000,4),
  (522,1,'2010-04-20 00:00:00','4617MPH671234MPH671287',50.0000,4);
COMMIT;

/* Data for the `tbltradeproducts` table  (LIMIT 500,500) */

INSERT INTO `tbltradeproducts` (`recn`, `tradeType`, `dateOfLicence`, `licenceNo`, `fee`, `FarmRecn`) VALUES
  (523,1,'2010-04-20 00:00:00','4618MPH322291',50.0000,5),
  (524,1,'2010-04-20 00:00:00','4619MPH322290MPH564236',50.0000,6),
  (525,1,'2010-04-26 00:00:00','4620MPH772103MPH804189',50.0000,1),
  (526,1,'2010-04-27 00:00:00','4621MPH690748',50.0000,11),
  (527,1,'2010-04-27 00:00:00','4622MPH752076',50.0000,4),
  (528,1,'2010-04-27 00:00:00','4623MPH711732',50.0000,4),
  (529,1,'2010-04-29 00:00:00','4624No02148/1793/10',50.0000,12),
  (530,1,'2010-04-29 00:00:00','4625No10/2/09585',50.0000,4),
  (531,1,'2010-04-30 00:00:00','4626No10/2/09432',50.0000,2),
  (532,1,'2010-04-30 00:00:00','4627No10/2/09427',50.0000,5),
  (533,1,'2010-05-04 00:00:00','4629No02530/1793/10',50.0000,3),
  (534,1,'2010-05-04 00:00:00','4630MPH425964',50.0000,8),
  (535,1,'2010-05-04 00:00:00','4631MPH322350',50.0000,5),
  (536,1,'2010-05-04 00:00:00','4632MPH322349',50.0000,6),
  (537,1,'2010-05-10 00:00:00','4633MPG988868MPH772153',50.0000,1),
  (538,1,'2010-05-10 00:00:00','4634MPH752229',50.0000,4),
  (539,1,'2010-05-11 00:00:00','4635MPH711745',50.0000,4),
  (540,1,'2010-05-11 00:00:00','4636MPH322373',50.0000,5),
  (541,1,'2010-05-11 00:00:00','4637NZL2010/OCEANEX1/3039',50.0000,5),
  (542,1,'2010-05-11 00:00:00','4638MPH564277MPH322372',50.0000,6),
  (543,1,'2010-05-17 00:00:00','4640MPH520096',50.0000,1),
  (544,1,'2010-05-18 00:00:00','4641MPH671571MPH671556',50.0000,4),
  (545,1,'2010-05-18 00:00:00','4642MPH513848',50.0000,5),
  (546,1,'2010-05-18 00:00:00','4643MPH564289MPH513849',50.0000,6),
  (547,1,'2010-05-19 00:00:00','4644MPH846398MPH322396',50.0000,1),
  (548,1,'2010-05-17 00:00:00','4639MPH528915',50.0000,7),
  (549,1,'2010-05-25 00:00:00','4645MPH513869',50.0000,5),
  (550,1,'2010-05-25 00:00:00','4646MPH513870MPH611004',50.0000,6),
  (551,1,'2010-05-26 00:00:00','4647-10/2/12075-10/2/11930',50.0000,4),
  (552,1,'2010-05-26 00:00:00','4648MPH758997',50.0000,4),
  (553,1,'2010-05-26 00:00:00','4649MPH790031',50.0000,4),
  (554,1,'2010-05-27 00:00:00','4650-10/2/11723-10/2/11935',50.0000,2),
  (555,1,'2010-05-31 00:00:00','4651MPH671676MPH671670',50.0000,3),
  (556,1,'2010-06-02 00:00:00','4652MPH694352MPH100474MPH888687',50.0000,11),
  (557,1,'2010-06-03 00:00:00','4653MPH662803',50.0000,4),
  (558,1,'2010-06-28 00:00:00','4654-mph-513891',50.0000,5),
  (559,1,'2010-06-09 00:00:00','4655-61028/513890',50.0000,6),
  (560,1,'2010-06-28 00:00:00','4656-no0046/725/10',50.0000,3),
  (561,1,'2010-06-15 00:00:00','4657-mph-513926',50.0000,5),
  (562,1,'2010-06-15 00:00:00','4658-mph-611039-513927',50.0000,6),
  (563,1,'2010-06-28 00:00:00','4659-mph-671840-671842',50.0000,12),
  (564,1,'2010-06-28 00:00:00','4660-529031',50.0000,7),
  (565,1,'2010-06-17 00:00:00','4661',50.0000,4),
  (566,1,'2010-06-28 00:00:00','4662-mph-662819',50.0000,4),
  (567,1,'2010-06-21 00:00:00','4663no;10/2/11761-10/2/14636',50.0000,3),
  (568,1,'2010-06-22 00:00:00','4664-mph-662827',50.0000,4),
  (569,1,'2010-06-14 00:00:00','4665-no10/2/14089-10/2/11721-10/2/14641-10/2/14304',50.0000,4),
  (570,1,'2010-06-22 00:00:00','4666-no:00138/3404/10',50.0000,5),
  (571,1,'2010-06-22 00:00:00','4667-no:10/2/11766-10/2/4645',50.0000,12),
  (572,1,'2010-06-23 00:00:00','4668-mph-513945-611051-611655',50.0000,6),
  (573,1,'2010-06-23 00:00:00','4669-mpn-513949',50.0000,5),
  (574,1,'2010-06-24 00:00:00','4670-no:10/2/14101',50.0000,2),
  (575,1,'2010-06-11 00:00:00','mph-10/2/11726',50.0000,5),
  (576,1,'2010-06-28 00:00:00','4671-10/2/14097-10/2/11720',50.0000,5),
  (577,1,'2010-06-30 00:00:00','4672-mph-513976',50.0000,5),
  (578,1,'2010-06-30 00:00:00','4673-mph-513987-611062',50.0000,6),
  (579,1,'2010-06-30 00:00:00','4674-mph-662841',50.0000,4),
  (580,1,'2010-06-30 00:00:00','4675-mph-129993',50.0000,4),
  (581,1,'2010-06-30 00:00:00','4676-mph-780699',50.0000,4),
  (582,1,'2010-07-02 00:00:00','4677-00170/3404/10',50.0000,5),
  (583,1,'2010-07-05 00:00:00','4678-mph-636391',50.0000,1),
  (584,1,'2010-07-05 00:00:00','4679-mph-845402-100474-8911659',50.0000,11),
  (585,1,'2010-07-08 00:00:00','4680-mph-672063/672054',50.0000,4),
  (586,1,'2010-07-08 00:00:00','4681-662846',50.0000,4),
  (587,1,'2010-07-12 00:00:00','4682-662852',50.0000,4),
  (588,1,'2010-07-12 00:00:00','4683-mph-514007',50.0000,1),
  (589,1,'2010-07-13 00:00:00','4685-514022',50.0000,5),
  (590,1,'2010-07-13 00:00:00','4686-mph-611084-514023',50.0000,6),
  (591,1,'2010-07-20 00:00:00','4688-891709-870625',50.0000,4),
  (592,1,'2010-07-20 00:00:00','4689-10/2/16809-10/2/17278/10/2/16799',50.0000,4),
  (593,1,'2010-07-21 00:00:00','4690-mph-10/2/16818',50.0000,5),
  (594,1,'2010-07-21 00:00:00','4691-mph-514089',50.0000,5),
  (595,1,'2010-07-21 00:00:00','4692-mph-611097-514088',50.0000,5),
  (596,1,'2010-07-21 00:00:00','4693-708270',50.0000,4),
  (597,1,'2010-07-26 00:00:00','4694-mph-529152',50.0000,7),
  (598,1,'2010-07-27 00:00:00','4695mph-662877',50.0000,4),
  (599,1,'2010-07-27 00:00:00','4696-mph-515912',50.0000,5),
  (600,1,'2010-07-28 00:00:00','4697mph-611109',50.0000,6),
  (601,1,'2010-08-04 00:00:00','4698-mph-939342/876033',50.0000,1),
  (602,1,'2010-07-29 00:00:00','4699-mph-708306',50.0000,4),
  (603,1,'2010-08-04 00:00:00','4700-mph-563694',50.0000,11),
  (604,1,'2010-08-05 00:00:00','5401-noo4934/1793/0',50.0000,4),
  (605,1,'2010-08-05 00:00:00','5402-mph-664081',50.0000,4),
  (606,1,'2010-08-05 00:00:00','5403',50.0000,5),
  (607,1,'2010-08-05 00:00:00','5404-mph-515935-611124',50.0000,6),
  (608,1,'2010-08-09 00:00:00','5405-515938',50.0000,1),
  (609,1,'2010-08-11 00:00:00','5406-887437-672391',50.0000,3),
  (610,1,'2010-09-14 00:00:00','5426-mph-963056',50.0000,4),
  (611,1,'2010-09-14 00:00:00','5427-no06403/1793/10',50.0000,4),
  (612,1,'2010-09-14 00:00:00','5427-no06403/1793/10',50.0000,4),
  (613,1,'2010-09-17 00:00:00','5430-10/2/23438',50.0000,12),
  (614,1,'2010-09-17 00:00:00','no:10/2/22726/10/2/23275-10/2/23431',50.0000,4),
  (615,1,'2010-09-17 00:00:00','5432-mph-023996',50.0000,1),
  (616,1,'2010-09-17 00:00:00','5431-no.10/2/22726',50.0000,4),
  (617,1,'2010-09-21 00:00:00','5433-10/2/23428-10/2/22739',50.0000,5),
  (618,1,'2010-09-03 00:00:00','5434-10/2/19522-10/2/23272-10/2/23434',50.0000,2),
  (619,1,'2010-09-22 00:00:00','5435',50.0000,4),
  (620,1,'2010-09-22 00:00:00','5436-963156',50.0000,4),
  (621,1,'2010-09-29 00:00:00','5437-mph-674-671/674-664',50.0000,4),
  (622,1,'2010-10-04 00:00:00','5440-no:01126/1194/10',50.0000,12),
  (623,1,'2010-09-30 00:00:00','5439-516107',50.0000,6),
  (624,1,'2010-09-30 00:00:00','5438-mph-516106',50.0000,12),
  (625,1,'2010-10-05 00:00:00','5441-mph-845708-803281-',50.0000,11),
  (626,1,'2010-10-05 00:00:00','5442-mph-943830-mpi-024035-mph-563807',50.0000,12),
  (627,1,'2010-10-06 00:00:00','mph-636425',50.0000,1),
  (628,1,'2010-10-07 00:00:00','mph-516122-611244',50.0000,6),
  (629,1,'2010-10-07 00:00:00','5445-mph-516123',50.0000,5),
  (630,1,'2010-10-12 00:00:00','5446-667106',50.0000,4),
  (631,1,'2010-10-13 00:00:00','5448-516160',50.0000,5),
  (632,1,'2010-10-13 00:00:00','54489-516159/619558',50.0000,6),
  (633,1,'2010-10-15 00:00:00','5354/10/2/26675',50.0000,3),
  (634,1,'2010-10-15 00:00:00','5353-10/2/19510-10/2/25952',50.0000,2),
  (635,1,'2010-10-15 00:00:00','5352-mph-426095',50.0000,8),
  (636,1,'2010-10-14 00:00:00','5351-mph-025462',50.0000,1),
  (637,1,'2010-10-14 00:00:00','5450-mph-516133',50.0000,11),
  (638,1,'2010-10-19 00:00:00','5355-mph-674878-674866',50.0000,12),
  (639,1,'2010-10-19 00:00:00','5356-10/2/2614/19528/27043',50.0000,4),
  (640,1,'2010-10-20 00:00:00','5358-07169/1793/10',50.0000,12),
  (641,1,'2010-10-20 00:00:00','5357-10/2/26676/25944',50.0000,5),
  (642,1,'2010-10-21 00:00:00','5359-mph-845768-997232',50.0000,11),
  (643,1,'2010-10-25 00:00:00','5360-mph-674911-674924-674918',50.0000,4),
  (644,1,'2010-10-25 00:00:00','5361-mph-692733',50.0000,9),
  (645,1,'2010-10-26 00:00:00','mph-037022',50.0000,4),
  (646,1,'2010-10-21 00:00:00','5359-mph-845768/997232',50.0000,11),
  (647,1,'2010-10-25 00:00:00','5360-mph-674924/674991//674918',50.0000,4),
  (648,1,'2010-10-26 00:00:00','5362-mph037022',50.0000,4),
  (649,1,'2010-11-01 00:00:00','5363-mph949499',50.0000,4),
  (650,1,'2010-11-01 00:00:00','5364-mph-516222',50.0000,5),
  (651,1,'2010-11-01 00:00:00','5365-mph-516222/619590',50.0000,6),
  (652,1,'2010-11-04 00:00:00','5366-no/nr05879/31/10',50.0000,4),
  (653,1,'2010-11-04 00:00:00','5367-mph-516232',50.0000,6),
  (654,1,'2010-11-04 00:00:00','5368-516231',50.0000,12),
  (655,1,'2010-11-08 00:00:00','5369-085163',50.0000,3),
  (656,1,'2010-11-05 00:00:00','5370-mph-997260',50.0000,4),
  (657,1,'2010-11-09 00:00:00','5371-mph-673451/673455',50.0000,4),
  (658,1,'2010-11-09 00:00:00','5372-no.00164/216/10',50.0000,3),
  (659,1,'2010-11-12 00:00:00','5373-no0169/3855/10',50.0000,5),
  (660,1,'2010-11-12 00:00:00','5374mph513115',50.0000,5),
  (661,1,'2010-11-12 00:00:00','5375-mph-514116/619619/619623',50.0000,6),
  (662,1,'2010-11-15 00:00:00','5376-10/2/29111',50.0000,4),
  (663,1,'2010-11-15 00:00:00','5377-690499',50.0000,4),
  (664,1,'2010-11-17 00:00:00','5378-619635-514143',50.0000,6),
  (665,1,'2010-11-17 00:00:00','5379-mph-514142',50.0000,5),
  (666,1,'2010-11-18 00:00:00','5380-024724/988650',50.0000,11),
  (667,1,'2010-11-19 00:00:00','5382-816185',50.0000,7),
  (668,1,'2010-11-22 00:00:00','5383-10/2/29060',50.0000,5),
  (669,1,'2010-11-24 00:00:00','5386-mph514176',50.0000,5),
  (670,1,'2010-11-24 00:00:00','5387-mph514173',50.0000,6),
  (671,1,'2010-11-24 00:00:00','5385-mph-052290',50.0000,4),
  (672,1,'2010-11-24 00:00:00','5384-mph-069506',50.0000,4),
  (673,1,'2010-12-01 00:00:00','5388-mph-069629',50.0000,4),
  (674,1,'2010-12-01 00:00:00','5389-mph-673706-673656-673673',50.0000,4),
  (675,1,'2010-12-08 00:00:00','5392-mpi-053062',50.0000,4),
  (676,1,'2010-12-08 00:00:00','5393-mph-514217',50.0000,5),
  (677,1,'2010-12-08 00:00:00','5394-mph-514216-619680',50.0000,6),
  (678,1,'2010-12-10 00:00:00','5395-10/2/33731-10/2/19507',50.0000,12),
  (679,1,'2010-10-19 00:00:00','5381-10/2/29584/10/2/29079',50.0000,2),
  (680,1,'2010-11-19 00:00:00','5382-mph-816185',50.0000,7),
  (681,1,'2010-11-22 00:00:00','5383-10/2/29060',50.0000,12),
  (682,1,'2010-11-24 00:00:00','5384-mph069506',50.0000,4),
  (683,1,'2010-11-01 00:00:00','5390-514200',50.0000,5),
  (684,1,'2010-12-13 00:00:00','5391-mph-619674',50.0000,6),
  (685,1,'2010-12-13 00:00:00','5396-10/2/32761/10/2/33121',50.0000,2),
  (686,1,'2010-12-15 00:00:00','5397-mph-514277',50.0000,5),
  (687,1,'2010-12-15 00:00:00','5398-mph514292',50.0000,5),
  (688,1,'2010-12-15 00:00:00','5399-mph-514276',50.0000,4),
  (689,1,'2010-12-15 00:00:00','5400-mph514291/619693',50.0000,4),
  (690,1,'2010-12-15 00:00:00','4701-mph919004',50.0000,4),
  (691,1,'2010-12-15 00:00:00','4702-10/2/32778/10/2/33744',50.0000,4),
  (692,1,'2010-12-16 00:00:00','4703-673845/673826',50.0000,4),
  (693,1,'2010-12-22 00:00:00','4704-mph-673906-mph-673898-mpi-051037-mph-761306',50.0000,4),
  (694,1,'2010-12-29 00:00:00','4705-mpi-126558',50.0000,3),
  (695,1,'2010-12-30 00:00:00','4706-mph-514448',50.0000,5),
  (696,1,'2010-12-30 00:00:00','4707-mph-619729-514449',50.0000,6),
  (697,1,'2011-01-05 00:00:00','4708-10/2/36047',50.0000,5),
  (698,1,'2011-01-06 00:00:00','4709-mpi-053276',50.0000,4),
  (699,1,'2010-12-06 00:00:00','4710-mph-816432',50.0000,7),
  (700,1,'2011-01-10 00:00:00','4711-10/2/33998',50.0000,3),
  (701,1,'2011-01-10 00:00:00','4712-10/2/34008-10/2/34001',50.0000,2),
  (702,1,'2011-01-11 00:00:00','4716-0304340910',50.0000,1),
  (703,1,'2011-01-11 00:00:00','4713-mpi009078',50.0000,4),
  (704,1,'2011-01-12 00:00:00','4718-mph-514545',50.0000,5),
  (705,1,'2011-01-11 00:00:00','4714-no.10/2/34000',50.0000,4),
  (706,1,'2011-01-11 00:00:00','4715-07075/31/10',50.0000,5),
  (707,1,'2011-01-14 00:00:00','4719-no.09441/1793/10',50.0000,3),
  (708,1,'2011-01-17 00:00:00','4720-mpi-039150',50.0000,4),
  (709,1,'2011-01-17 00:00:00','4721-mpi-053387',50.0000,4),
  (710,1,'2011-01-18 00:00:00','4722-mpi-136826-089710-089712',50.0000,12),
  (711,1,'2011-01-18 00:00:00','4723-mph-514584',50.0000,5),
  (712,1,'2011-01-18 00:00:00','4724-mph-514553',50.0000,6),
  (713,1,'2011-01-18 00:00:00','4725-no.09241/1793/10',50.0000,4),
  (714,1,'2011-01-24 00:00:00','4726-nzl2010/oceanex13186',50.0000,5),
  (715,1,'2011-01-26 00:00:00','4727-mph-674124',50.0000,4),
  (716,1,'2011-01-26 00:00:00','4728-mph-155920',50.0000,4),
  (717,1,'2011-02-02 00:00:00','4732-mph-514693',50.0000,5),
  (718,1,'2011-02-02 00:00:00','4733-mph-514651-798403-798413',50.0000,6),
  (719,1,'2011-01-31 00:00:00','4729-693078',50.0000,9),
  (720,1,'2011-02-01 00:00:00','4730-no.11/2/01406',50.0000,12),
  (721,1,'2011-02-01 00:00:00','4731-674299/674268',50.0000,12),
  (722,1,'2011-02-03 00:00:00','4734-no.10/2/34009',50.0000,5),
  (723,1,'2011-02-03 00:00:00','4735mph-988344/009046/674252',50.0000,4),
  (724,1,'2011-02-04 00:00:00','4736-no.11/2/01411',50.0000,5),
  (725,1,'2011-02-04 00:00:00','4737/no.10/2/34010/11/2/01409',50.0000,2),
  (726,1,'2011-02-08 00:00:00','4738-mph-514729',50.0000,5),
  (727,1,'2011-02-08 00:00:00','4739-mph-514728',50.0000,6),
  (728,1,'2011-02-10 00:00:00','4740-mph-514734',50.0000,8),
  (729,1,'2011-02-11 00:00:00','4742-mpi-088727',50.0000,4),
  (730,1,'2011-02-15 00:00:00','4743-no:00038/409/11',50.0000,12),
  (731,1,'2011-02-15 00:00:00','4744-282634/051118',50.0000,4),
  (732,1,'2011-02-22 00:00:00','4745-mpi-282742-098966-105379',50.0000,11),
  (733,1,'2011-02-23 00:00:00','4749-mph-971024',50.0000,7),
  (734,1,'2011-02-22 00:00:00','4746/mph-514804',50.0000,5),
  (735,1,'2011-02-22 00:00:00','4747-nr2468/2172/10',50.0000,12),
  (736,1,'2011-02-22 00:00:00','4748-514803/798461',50.0000,6),
  (737,1,'2011-03-01 00:00:00','4750-mpi-251722',50.0000,4),
  (738,1,'2011-03-07 00:00:00','0000-11/2/01415-11/2/04507',50.0000,2),
  (739,1,'2011-03-08 00:00:00','4303-mpi-174925',50.0000,4),
  (740,1,'2011-03-08 00:00:00','4304-11/2/05702',50.0000,4),
  (741,1,'2011-03-09 00:00:00','4305-mph-674564',50.0000,4),
  (742,1,'2011-02-08 00:00:00','4306-11/2/04503',50.0000,5),
  (743,1,'2011-03-08 00:00:00','4307-mph-514890',50.0000,5),
  (744,1,'2011-03-09 00:00:00','4308-mph-514891-798495',50.0000,6),
  (745,1,'2011-03-08 00:00:00','4303-no.11/2/05702',50.0000,5),
  (746,1,'2011-03-08 00:00:00','4304-11/2/05702/11/2/04538',50.0000,5),
  (747,1,'2011-03-10 00:00:00','4309-mph-971031',50.0000,7),
  (748,1,'2011-03-14 00:00:00','4310-5915124',50.0000,4),
  (749,1,'2011-03-17 00:00:00','4351-266243',50.0000,9),
  (750,1,'2011-03-15 00:00:00','4311-mph514953',50.0000,5),
  (751,1,'2011-03-15 00:00:00','4312-mph-514952',50.0000,6),
  (752,1,'2011-03-15 00:00:00','4313-mpi-260501',50.0000,4),
  (753,1,'2011-03-15 00:00:00','4314-mph675036',50.0000,4),
  (754,1,'2011-03-31 00:00:00','4321no.11/2/07959',50.0000,4),
  (755,1,'2011-03-31 00:00:00','4322-mpi260594',50.0000,4),
  (756,1,'2011-03-31 00:00:00','4323-mpi266130',50.0000,4),
  (757,1,'2011-04-01 00:00:00','4342-11/2/07629',50.0000,5),
  (758,1,'2011-03-31 00:00:00','4320-11/2/07627-11/2/07628',50.0000,2),
  (759,1,'2011-04-01 00:00:00','4315-mph-170533',50.0000,11),
  (760,1,'2011-03-29 00:00:00','4316-mph-42694-mpi-166334',50.0000,3),
  (761,1,'2011-04-05 00:00:00','4325-no:11/2/07717/112/04494',50.0000,12),
  (762,1,'2011-04-07 00:00:00','4326-mpi251722',50.0000,4),
  (763,1,'2011-04-11 00:00:00','4352-mpi-352659-313806-170644',50.0000,12),
  (764,1,'2011-04-13 00:00:00','4327-mpi-266133',50.0000,4),
  (765,1,'2011-04-13 00:00:00','4329-mph-675223',50.0000,4),
  (766,1,'2011-04-13 00:00:00','4330-mpi-255700',50.0000,4),
  (767,1,'2011-04-13 00:00:00','4331-515025',50.0000,5),
  (768,1,'2011-04-13 00:00:00','4332-mph-515027-798580',50.0000,6),
  (769,1,'2011-04-19 00:00:00','4353-mph-281947',50.0000,4),
  (770,1,'2011-04-19 00:00:00','4354-mph675372',50.0000,4),
  (771,1,'2011-04-19 00:00:00','4355-mph-515065',50.0000,5),
  (772,1,'2011-04-19 00:00:00','4356-mph-515064',50.0000,6),
  (773,1,'2011-04-26 00:00:00','4333-515095',50.0000,5),
  (774,1,'2011-05-03 00:00:00','4334-mph-515091',50.0000,6),
  (775,1,'2011-05-03 00:00:00','4335-mph-675405',50.0000,12),
  (776,1,'2011-05-03 00:00:00','4336-11/2/10796-11/2/10846-11/2/11243',50.0000,2),
  (777,1,'2011-05-03 00:00:00','4337/no11/2/0829',50.0000,5),
  (778,1,'2011-05-10 00:00:00','4338-mph-515145',50.0000,5),
  (779,1,'2011-05-10 00:00:00','4339-mph-515144',50.0000,6),
  (780,1,'2011-05-11 00:00:00','4340-mph-675510',50.0000,4),
  (781,1,'2011-05-11 00:00:00','4341-mpi-276268',50.0000,5),
  (782,1,'2011-05-11 00:00:00','4341-mpi-276268',50.0000,4),
  (783,1,'2011-05-16 00:00:00','4342-mpi-386726',50.0000,5),
  (784,1,'2011-05-17 00:00:00','4343-mph-426347',50.0000,2),
  (785,1,'2011-05-24 00:00:00','4345-515242/798696',50.0000,6),
  (786,1,'2011-05-24 00:00:00','4346mph-515220',50.0000,5),
  (790,1,'2011-05-26 00:00:00','4347-no.11/2/13776/11/2/14308',50.0000,4),
  (791,1,'2011-05-26 00:00:00','4348-11/2/13556/11/2/13551',50.0000,2),
  (792,1,'2011-05-27 00:00:00','4349-11/2/07632',50.0000,12),
  (793,1,'2011-05-30 00:00:00','4357-mph-515261',50.0000,6),
  (794,1,'2011-05-30 00:00:00','4357-mph-515260',50.0000,5),
  (795,1,'2011-05-31 00:00:00','4359-no.11/2/13550',50.0000,5),
  (796,1,'2011-06-09 00:00:00','4361/mph-515309',50.0000,5),
  (797,1,'2011-06-14 00:00:00','4362-mph-515307',50.0000,6),
  (798,1,'2011-06-20 00:00:00','4363-mph-515355',50.0000,6),
  (799,1,'2011-06-20 00:00:00','4364-mph515356',50.0000,5),
  (800,1,'2011-06-22 00:00:00','mpi-325411',50.0000,4),
  (801,1,'2011-06-22 00:00:00','11/2/16782-11/2/17174',50.0000,4),
  (802,1,'2011-06-27 00:00:00','4368-11/2/16771-17425',50.0000,5),
  (803,1,'2011-06-29 00:00:00','4370-mph-761319-761325',50.0000,4),
  (804,1,'2011-06-29 00:00:00','4371-mpi-413850',50.0000,4),
  (805,1,'2011-06-27 00:00:00','4368-no.11/2/16771/11/2/17425',50.0000,5),
  (806,1,'2011-06-28 00:00:00','4369-mpi-325540',50.0000,12),
  (808,1,'2011-07-06 00:00:00','4372-mph-515426',50.0000,5),
  (809,1,'2011-07-07 00:00:00','4373-mph515427',50.0000,6),
  (810,1,'2011-07-11 00:00:00','4374-00213/3404/11',50.0000,12),
  (811,1,'2011-07-19 00:00:00','4377-3254642',50.0000,4),
  (812,1,'2011-07-19 00:00:00','4375-mph-515506',50.0000,6),
  (813,1,'2011-07-19 00:00:00','4376-mph-515505',50.0000,12),
  (814,1,'2011-07-21 00:00:00','4378-11/2/20076',50.0000,2),
  (815,1,'2011-07-22 00:00:00','4380-no.00248/72511',50.0000,12),
  (816,1,'2011-07-22 00:00:00','4381-11/2/10832',50.0000,12),
  (817,1,'2011-07-22 00:00:00','4380-no.00248/725/11',50.0000,12),
  (818,1,'2011-07-22 00:00:00','4381-no.11/2/10832',50.0000,12),
  (819,1,'2011-07-26 00:00:00','4382-mpi325694',50.0000,4),
  (820,1,'2011-07-26 00:00:00','4383-no.11/2/20139',50.0000,4),
  (821,1,'2011-08-16 00:00:00','4384-mpi-325873',50.0000,4),
  (822,1,'2011-08-16 00:00:00','4385-no.1/2/24206',50.0000,4),
  (823,1,'2011-08-16 00:00:00','4386-no.11/2/20054',50.0000,12),
  (824,1,'2011-08-23 00:00:00','4390-mph-643488',50.0000,4),
  (825,1,'2011-08-18 00:00:00','4388',50.0000,5),
  (826,1,'2011-08-19 00:00:00','4389',50.0000,2),
  (827,1,'2011-08-23 00:00:00','4391-mpi-446619',50.0000,9),
  (829,1,'2011-09-06 00:00:00','4394-mpi-326103',50.0000,4),
  (830,1,'2011-09-02 00:00:00','4392-mph-515763',50.0000,5),
  (831,1,'2011-09-13 00:00:00','4393-mph-',50.0000,6),
  (832,1,'2011-09-13 00:00:00','4395-no.11/2/28566',50.0000,12),
  (833,1,'2011-09-13 00:00:00','4395-mph-515-827',50.0000,5),
  (834,1,'2011-09-13 00:00:00','4397-mph-515826',50.0000,4),
  (835,1,'2011-09-15 00:00:00','4398-MPI-416954',50.0000,11),
  (836,1,'2011-09-15 00:00:00','4399-mpi-283466',50.0000,4),
  (837,1,'2011-09-15 00:00:00','4400-no.11/2/27525',50.0000,4),
  (838,1,'2011-09-22 00:00:00','4401-mph-643639',50.0000,4),
  (839,1,'2011-09-22 00:00:00','4402-no.0443/928/11',50.0000,4),
  (840,1,'2011-07-22 00:00:00','4403-no.11/2/28949/27676',50.0000,2),
  (841,1,'2011-09-23 00:00:00','4404-mpi-326199',50.0000,12),
  (842,1,'2011-09-26 00:00:00','4405-no.00093/4017/11',50.0000,4),
  (843,1,'2011-09-26 00:00:00','4405-no.00093/4017/11',50.0000,12),
  (844,1,'2011-09-27 00:00:00','4406-mpi-464085',50.0000,5),
  (845,1,'2011-09-27 00:00:00','4406-mpi-464085',50.0000,6),
  (846,1,'2011-09-28 00:00:00','4408-mph-538453',50.0000,12),
  (848,1,'2011-10-11 00:00:00','mpi-464155',50.0000,5),
  (849,1,'2011-10-11 00:00:00','mpi-464154',50.0000,6),
  (851,1,'2011-10-13 00:00:00','4411-mpi-326420',50.0000,4),
  (852,1,'2011-10-05 00:00:00','no.11/2/31063',50.0000,2),
  (853,1,'2011-10-14 00:00:00','4413no.11/2/31092/11/31090',50.0000,4),
  (854,1,'2011-10-14 00:00:00','4414-mph-643731',50.0000,4),
  (855,1,'2011-10-14 00:00:00','4414-mph-643731',50.0000,5),
  (856,1,'2011-09-18 00:00:00','4415-mpi-464196',50.0000,5),
  (857,1,'2011-10-18 00:00:00','4416-mpi-464195',50.0000,6),
  (858,1,'2011-10-31 00:00:00','4417-mpi464255',50.0000,5),
  (859,1,'2011-10-31 00:00:00','4418-mpi-464254',50.0000,6),
  (860,1,'2011-11-09 00:00:00','MPI-481415',50.0000,4),
  (861,1,'2011-11-10 00:00:00','NO.11/2/36196',50.0000,4),
  (862,1,'2011-11-10 00:00:00','4421-NO.11/2/31068',50.0000,3),
  (863,1,'2011-11-14 00:00:00','4422-no:11/2/36160',50.0000,12),
  (864,1,'2011-11-14 00:00:00','4423-no:04318/1055/11',50.0000,7),
  (865,1,'2011-09-14 00:00:00','4424-MPH-926966',50.0000,6),
  (866,1,'2011-11-17 00:00:00','4425-MPI-464355',50.0000,12),
  (867,1,'2011-11-17 00:00:00','4426-mpi-549014',50.0000,4),
  (868,1,'2011-11-23 00:00:00','4427-mpi-464415',50.0000,6),
  (869,1,'2011-11-23 00:00:00','4428-mpi-464416',50.0000,5),
  (870,1,'2011-11-28 00:00:00','4429',50.0000,4),
  (871,1,'2011-11-30 00:00:00','4430-927002',50.0000,6),
  (872,1,'2011-11-30 00:00:00','4431-464456',50.0000,5),
  (874,1,'2011-12-01 00:00:00','4432-mpi-008773',50.0000,4),
  (875,1,'2011-12-02 00:00:00','4433-mpi-585162',50.0000,4),
  (876,1,'2011-12-07 00:00:00','4434-11/2/39825/11/2/38604',50.0000,4),
  (877,1,'2011-12-07 00:00:00','4435-mpi-481484',50.0000,4),
  (878,1,'2011-12-08 00:00:00','4436-no.11/2/3852839817/39339',50.0000,2),
  (879,1,'2011-12-12 00:00:00','4437-mpi-554420',50.0000,4),
  (880,1,'2011-12-14 00:00:00','4438-mpi598194',50.0000,4),
  (881,1,'2011-12-14 00:00:00','4439-mpi481503',50.0000,4),
  (882,1,'2012-01-10 00:00:00','4440-11/2/43350/43022/42174',50.0000,4),
  (883,1,'2012-01-10 00:00:00','4441--6143965',50.0000,4),
  (884,1,'2012-01-11 00:00:00','4442',50.0000,2),
  (885,1,'2012-01-11 00:00:00','4443-481578/481566/480455',50.0000,4),
  (886,1,'2012-01-18 00:00:00','4444-mpi-602047',50.0000,5),
  (887,1,'2012-01-20 00:00:00','4445-mpi-607763',50.0000,9),
  (888,1,'2012-01-24 00:00:00','4446-mpi-464782',50.0000,12),
  (889,1,'2012-01-27 00:00:00','4448-mpi-44771',50.0000,3),
  (890,1,'2012-01-24 00:00:00','4447-mpi-464701',50.0000,4),
  (891,1,'2012-01-27 00:00:00','4448-mpi447771',50.0000,3),
  (892,1,'2012-01-27 00:00:00','4449',50.0000,3),
  (893,1,'2012-01-27 00:00:00','4450-mpi-464807',50.0000,5),
  (894,1,'2012-01-27 00:00:00','5251-mpi-464805',50.0000,4),
  (895,1,'2012-02-01 00:00:00','5252-no.12/2/01186/42171/01646/02124',50.0000,4),
  (896,1,'2012-02-01 00:00:00','5253-mpi-484958',50.0000,4),
  (897,1,'2012-02-01 00:00:00','5254-mpi-480591-481615/480529/481620',50.0000,4),
  (898,1,'2012-02-02 00:00:00','5255-no:12/2/02123/02208',50.0000,3),
  (899,1,'2012-02-08 00:00:00','5256-mpi-464838',50.0000,5),
  (900,1,'2012-02-08 00:00:00','5257-mpi-464839',50.0000,6),
  (901,1,'2012-02-08 00:00:00','5258-moi-652252',50.0000,12),
  (902,1,'2012-02-08 00:00:00','5260-mpi-485017',50.0000,4),
  (903,1,'2012-02-08 00:00:00','5261-mpi008785',50.0000,4),
  (904,1,'2012-02-09 00:00:00','5259-mpi-637318',50.0000,11),
  (905,1,'2012-02-09 00:00:00','5262-mpi-426191',50.0000,11),
  (906,1,'2012-02-16 00:00:00','5263-mpi481654',50.0000,4),
  (907,1,'2012-02-20 00:00:00','5264-mpi-464923',50.0000,12),
  (908,1,'2012-02-20 00:00:00','5265mpi-464924',50.0000,6),
  (909,1,'2012-02-20 00:00:00','5264-mpi-464923',50.0000,12),
  (910,1,'2012-02-20 00:00:00','5265-mpi-464924',50.0000,6),
  (911,1,'2012-02-22 00:00:00','5266-no.00240/928/12',50.0000,4),
  (912,1,'2012-02-22 00:00:00','5266/no.00240/928/12',50.0000,4),
  (913,1,'2012-02-28 00:00:00','5267-mpi-639085',50.0000,1),
  (914,1,'2012-02-29 00:00:00','5268-no.00690/2032/12',50.0000,3),
  (915,1,'2012-02-29 00:00:00','5269-mpi-672644/598588',50.0000,4),
  (916,1,'2012-03-01 00:00:00','5270--no.12/2/01220/01225',50.0000,13),
  (917,1,'2012-03-01 00:00:00','5272-no:12/2/4115/05305',50.0000,4),
  (918,1,'2012-03-05 00:00:00','5273-no:12/2/01232',50.0000,5),
  (919,1,'2012-03-06 00:00:00','5271-mpi-532016',50.0000,5),
  (920,1,'2012-03-06 00:00:00','5274-mpi-532015',50.0000,6),
  (921,1,'2012-03-06 00:00:00','5275-no.12/2/040212',50.0000,5),
  (922,1,'2012-03-08 00:00:00','5276-no:001894430/12',50.0000,4),
  (923,1,'2012-03-08 00:00:00','5277-mpi-414922',50.0000,4),
  (924,1,'2012-03-08 00:00:00','5277-mpi-480874/610406',50.0000,12),
  (925,1,'2012-03-09 00:00:00','mpi-699273',50.0000,4),
  (926,1,'2012-03-12 00:00:00','5280-nzl2012oceanx/3401',50.0000,5),
  (927,1,'2012-03-12 00:00:00','5281--mpi-532082',50.0000,12),
  (928,1,'2012-03-12 00:00:00','5282-mpi-532073',50.0000,6),
  (929,1,'2012-03-13 00:00:00','5283mpi-414935',50.0000,4),
  (930,1,'2012-03-13 00:00:00','5284-mpi-598643',50.0000,4),
  (931,1,'2012-03-13 00:00:00','5285mpi-587876/715421',50.0000,11),
  (932,1,'2012-04-04 00:00:00','5286-no.12/2/07396',50.0000,5),
  (933,1,'2012-03-21 00:00:00','5287-mpi-532105',50.0000,12),
  (934,1,'2012-04-21 00:00:00','5288-mpi532106',50.0000,6),
  (935,1,'2012-03-28 00:00:00','5289-mpi699387',50.0000,4),
  (936,1,'2012-03-28 00:00:00','5290-mpi481024',50.0000,4),
  (937,1,'2012-03-28 00:00:00','5291-mpi-610473',50.0000,4),
  (938,1,'2012-03-28 00:00:00','5292-mpi-715499/715387',50.0000,4),
  (939,1,'2012-03-28 00:00:00','52993-no.12/2/07276/12/2/04117/12/2/05194',50.0000,4),
  (940,1,'2012-03-28 00:00:00','5294-mpi-532154',50.0000,5),
  (941,1,'2012-03-28 00:00:00','5295-mpi532155',50.0000,6),
  (943,1,'2012-04-02 00:00:00','5297-mpi-701288/538476/712440',50.0000,12),
  (944,1,'2012-04-03 00:00:00','5298-No:12/2/07395',50.0000,3),
  (945,1,'2012-04-03 00:00:00','5299-mpi-715613',50.0000,4),
  (946,1,'2012-04-10 00:00:00','5300-mpi-55016/587946',50.0000,11),
  (947,1,'2012-04-12 00:00:00','4751-mpi-532236',50.0000,5),
  (948,1,'2012-04-12 00:00:00','4752-mpi-532237/785217',50.0000,6),
  (949,1,'2012-04-18 00:00:00','4753-mpi-532264',50.0000,5),
  (950,1,'2012-04-18 00:00:00','4754-mpi-532263',50.0000,6),
  (951,1,'2012-04-19 00:00:00','4756-mpi-761739/761743/621752',50.0000,4),
  (952,1,'2012-04-24 00:00:00','4757-mpi679684',50.0000,4),
  (953,1,'2012-04-24 00:00:00','4758-no:12/2/10885/12/2/100629/09649',50.0000,4),
  (954,1,'2012-04-25 00:00:00','4759-no.00005/145/12',50.0000,12),
  (955,1,'2012-04-25 00:00:00','4760-mpi-532296',50.0000,6),
  (956,1,'2012-04-25 00:00:00','4761-mpi-532295',50.0000,12),
  (957,1,'2012-05-02 00:00:00','4762-677747/677768/703123',50.0000,12),
  (958,1,'2012-05-01 00:00:00','4763-mpi532354/532320',50.0000,6),
  (959,1,'2012-05-01 00:00:00','4764-mpi-532321',50.0000,5),
  (960,1,'2012-05-01 00:00:00','4765-no:12/2/0895/12/2/09916',50.0000,5),
  (961,1,'2012-05-04 00:00:00','4767-no.00009/1451/12',50.0000,12),
  (962,1,'2012-05-04 00:00:00','4768-736948-702917-657351-701529',50.0000,11),
  (963,1,'2012-05-08 00:00:00','mpi-736939',50.0000,4),
  (964,1,'2012-05-09 00:00:00','4770-mpi-532384',50.0000,5),
  (965,1,'2012-05-09 00:00:00','7771-mpi307304',50.0000,6),
  (966,1,'2012-05-09 00:00:00','4772-509567',50.0000,4),
  (967,1,'2012-05-15 00:00:00','4773-mpi-677782/677779/782312',50.0000,4),
  (970,1,'2012-05-22 00:00:00','4774:mpi_532434',50.0000,5),
  (971,1,'2012-05-22 00:00:00','4775:mpi_532435:mpi307330',50.0000,6),
  (972,1,'2012-05-23 00:00:00','4776-12/2/13852/12/2/09940/12/2/09918',50.0000,2),
  (974,1,'2012-05-24 00:00:00','4778-12/2/12981-12/2/13751-12/2/12986',50.0000,4),
  (975,1,'2012-05-29 00:00:00','4779',50.0000,11),
  (976,1,'2012-05-30 00:00:00','4780-mpi532469',50.0000,5),
  (977,1,'2012-05-30 00:00:00','4781-532470',50.0000,6),
  (978,1,'2012-05-31 00:00:00','4782-12/2/12980-12/2/13850',50.0000,5),
  (979,1,'2012-06-06 00:00:00','4783-mpi-532492',50.0000,5),
  (980,1,'2012-06-06 00:00:00','4784-mpi-307361-532491',50.0000,6),
  (981,1,'2012-06-13 00:00:00','4785-mpi-865351',50.0000,4),
  (982,1,'2012-06-12 00:00:00','4786-mpi-812203/677814/677821',50.0000,4),
  (983,1,'2012-06-13 00:00:00','4788-mpi-532530',50.0000,6),
  (984,1,'2012-06-13 00:00:00','4787-mpi-532524',50.0000,5),
  (985,1,'2012-06-14 00:00:00','4789-859087',50.0000,14),
  (986,1,'2012-06-14 00:00:00','4790-no.00013/1451/12',50.0000,5),
  (987,1,'2012-05-14 00:00:00','4791-683004',50.0000,4),
  (988,1,'2012-06-15 00:00:00','4792-no.00043/401/12',50.0000,12),
  (989,1,'2012-04-19 00:00:00','4793-mpi-695352/702917/682315',50.0000,11),
  (990,1,'2012-06-19 00:00:00','4794-72649',50.0000,4),
  (991,1,'2012-06-19 00:00:00','4795-865457',50.0000,4),
  (992,1,'2012-06-20 00:00:00','4796-no.01977/928/12',50.0000,4),
  (993,1,'2012-06-20 00:00:00','4797-532557-884645',50.0000,6),
  (994,1,'2012-06-20 00:00:00','4798-532556',50.0000,5),
  (995,1,'2012-06-20 00:00:00','4799-no.12/2/16213/12/2/1512',50.0000,4),
  (996,1,'2012-06-25 00:00:00','4800-no.12/2/15761-12/2/16698',50.0000,3),
  (997,1,'2012-06-26 00:00:00','4801-mpi532574',50.0000,5),
  (998,1,'2012-06-26 00:00:00','4802-mpi532573',50.0000,6),
  (999,1,'2012-07-02 00:00:00','4804mpi-865602',50.0000,4),
  (1000,1,'2012-07-02 00:00:00','4805-mpi-682392',50.0000,4),
  (1001,1,'2012-07-03 00:00:00','4806-mpi-872746',50.0000,3),
  (1002,1,'2012-07-03 00:00:00','4807-mpi-677863/812287/677864',50.0000,7),
  (1003,1,'2012-07-06 00:00:00','4808-mpi-638819',50.0000,7),
  (1004,1,'2012-07-12 00:00:00','4809-mpi-909673',50.0000,6),
  (1005,1,'2012-07-16 00:00:00','4810-mpi-127583',50.0000,3),
  (1006,1,'2012-07-17 00:00:00','4811-695458',50.0000,11),
  (1007,1,'2012-07-19 00:00:00','4812-mpi532639',50.0000,4),
  (1008,1,'2012-07-17 00:00:00','4813-mpi532625',50.0000,12),
  (1009,1,'2012-07-19 00:00:00','4814-no.12/2/15708/18572',50.0000,2),
  (1010,1,'2012-07-19 00:00:00','4815-no.12/2/1563',50.0000,5),
  (1011,1,'2012-07-23 00:00:00','4817-no.12/2/18958//19663',50.0000,4),
  (1012,1,'2012-07-24 00:00:00','4818-mpi-748894/952816',50.0000,3),
  (1013,1,'2012-07-24 00:00:00','4819-mpi677912/812453',50.0000,12),
  (1014,1,'2012-07-25 00:00:00','4820-mpi812453/677912/812444',50.0000,4),
  (1015,1,'2012-07-25 00:00:00','4821-mpi748854',50.0000,4),
  (1016,1,'2012-07-26 00:00:00','4822-nzl2012/frmm01/6680',50.0000,5),
  (1017,1,'2012-07-26 00:00:00','4823-mpi909922',50.0000,6),
  (1018,1,'2012-07-30 00:00:00','4824-mpi812078',50.0000,3),
  (1019,1,'2012-08-01 00:00:00','4825-mpi626967',50.0000,4),
  (1020,1,'2012-08-02 00:00:00','4826-mpi-532689',50.0000,5),
  (1021,1,'2012-08-02 00:00:00','4827-mpi-532690',50.0000,6),
  (1022,1,'2012-08-03 00:00:00','4828-mpi899200',50.0000,4),
  (1023,1,'2012-08-03 00:00:00','4829-n0.nr01954/31/12',50.0000,5),
  (1024,1,'2012-08-08 00:00:00','4830-mpi-899175',50.0000,4),
  (1025,1,'2012-08-08 00:00:00','4831-532721',50.0000,4),
  (1026,1,'2012-08-08 00:00:00','4832-mpi-532737',50.0000,5),
  (1027,1,'2012-08-14 00:00:00','4833mpi-532744',50.0000,6),
  (1028,1,'2012-08-14 00:00:00','4834-532745',50.0000,5),
  (1029,1,'2012-08-14 00:00:00','4835-899268/890255',50.0000,3),
  (1030,1,'2012-08-15 00:00:00','4836-717085-702917-568992',50.0000,11),
  (1031,1,'2012-08-15 00:00:00','4837-mpi899263',50.0000,4),
  (1032,1,'2012-08-15 00:00:00','4838-no.12/2/22918/22190/15624',100.0000,4),
  (1033,1,'2012-08-16 00:00:00','4839-no:12/2/22220-22233-22951',50.0000,2),
  (1034,1,'2012-08-16 00:00:00','4840-mpi-706251',50.0000,4);
COMMIT;

/* Data for the `tbltradeproducts` table  (LIMIT 1000,500) */

INSERT INTO `tbltradeproducts` (`recn`, `tradeType`, `dateOfLicence`, `licenceNo`, `fee`, `FarmRecn`) VALUES
  (1035,1,'2012-08-20 00:00:00','4841-MPIno:00096/3921/12',50.0000,12),
  (1036,1,'2012-08-20 00:00:00','4842-no;12/2/22958',50.0000,5),
  (1037,1,'2012-08-20 00:00:00','p_4843_mpi_792567',50.0000,4),
  (1039,1,'2012-08-21 00:00:00','p:4844_no:12/2/22217',50.0000,3),
  (1040,1,'2012-08-21 00:00:00','4845_mpi_532797',50.0000,5),
  (1041,1,'2012-08-21 00:00:00','4846_mpi_532796',50.0000,6),
  (1043,1,'2012-08-21 00:00:00','4847_mpi_866013',50.0000,4),
  (1044,1,'2012-08-28 00:00:00','4848_mpi:695583',50.0000,11),
  (1045,1,'2012-08-28 00:00:00','4849:mpi_645659',50.0000,4),
  (1046,1,'2012-08-08 00:00:00','4850:mpi_899377',50.0000,4),
  (1047,1,'2012-08-29 00:00:00','4451:mpi_963460',50.0000,6),
  (1048,1,'2012-09-10 00:00:00','4452-mpi857853',50.0000,3),
  (1049,1,'2012-09-10 00:00:00','4453-mpi-532859',50.0000,5),
  (1050,1,'2012-09-10 00:00:00','4454-532858-59',50.0000,6),
  (1051,1,'2012-09-11 00:00:00','4455-mpi-870034',50.0000,5),
  (1052,1,'2012-09-11 00:00:00','4456-mpi954889',50.0000,4),
  (1053,1,'2012-09-13 00:00:00','4457-mpi-865870/866223',50.0000,4),
  (1054,1,'2012-09-13 00:00:00','4458-no:12/2/27391',50.0000,4),
  (1055,1,'2012-09-13 00:00:00','4459-12/227388/26028/22230',50.0000,2),
  (1056,1,'2012-09-18 00:00:00','4460-mpi-992125/305578-954594',50.0000,11),
  (1057,1,'2012-09-20 00:00:00','4461-mpi-645771',50.0000,4),
  (1058,1,'2012-09-20 00:00:00','4462-mpi-532927',50.0000,5),
  (1059,1,'2012-09-20 00:00:00','4463-mpi532928/307563',50.0000,4),
  (1060,1,'2012-09-21 00:00:00','4465-mpi-865889',50.0000,12),
  (1061,1,'2012-09-21 00:00:00','4467-mpi427293-92/9921226-992124',50.0000,12),
  (1062,1,'2012-09-24 00:00:00','4467-127433mpj-002062',50.0000,3),
  (1063,1,'2012-09-24 00:00:00','4468-mpi-994641',50.0000,3),
  (1064,1,'2012-09-24 00:00:00','4469-857888',50.0000,3),
  (1065,1,'2012-09-24 00:00:00','4470/no.00531/730/12',50.0000,5),
  (1066,1,'2012-09-27 00:00:00','4471-no./nr02654/31/12/2653/31/12/02655/31/12',50.0000,4),
  (1067,1,'2012-09-27 00:00:00','4472/mpj-027307',50.0000,4),
  (1068,1,'2012-10-02 00:00:00','4473-mpi992209/743018',50.0000,11),
  (1069,1,'2012-10-02 00:00:00','4474/mpi-127438',50.0000,13),
  (1070,1,'2012-10-02 00:00:00','4475-mpi127430',50.0000,13),
  (1071,1,'2012-10-02 00:00:00','4476-mpi-127446',50.0000,13),
  (1072,1,'2012-10-02 00:00:00','4477-532986',50.0000,5),
  (1073,1,'2012-10-02 00:00:00','4478-mpi-532987-988/307596',50.0000,6),
  (1074,1,'2012-10-05 00:00:00','4473/no.6345000',50.0000,4),
  (1075,1,'2012-10-10 00:00:00','4480-no.12/2/29825/3131287',50.0000,12),
  (1076,1,'2012-10-10 00:00:00','4481-mpi-533016',50.0000,5),
  (1077,1,'2012-10-10 00:00:00','4482-mpi5330137/307611',50.0000,6),
  (1078,1,'2012-10-11 00:00:00','4483-mpi-742931',50.0000,4),
  (1079,1,'2012-10-11 00:00:00','4484-no12/2/29581/31182/29579',50.0000,4),
  (1080,1,'2012-10-12 00:00:00','4485-no.12/2/31298/29818/29816',50.0000,2),
  (1081,1,'2012-10-17 00:00:00','4497-mpi742931',50.0000,4),
  (1082,1,'2012-10-18 00:00:00','4488-12/2/29819/31296',50.0000,5),
  (1083,1,'2012-10-18 00:00:00','4489-mpi-533065',50.0000,5),
  (1084,1,'2012-10-18 00:00:00','4490-mpi307623/533064',50.0000,6),
  (1085,1,'2012-10-22 00:00:00','mpi-887020/865949/mpj-027567',50.0000,4),
  (1086,1,'2012-10-23 00:00:00','4492-mpi582462/952396/702917',50.0000,11),
  (1087,1,'2012-10-23 00:00:00','4493-mpj-',50.0000,13),
  (1088,1,'2012-10-24 00:00:00','4494-mpi533124',50.0000,12),
  (1089,1,'2012-10-24 00:00:00','4495-mpi533123',50.0000,6),
  (1090,1,'2012-10-24 00:00:00','4496mpi932614',50.0000,4),
  (1091,1,'2012-10-24 00:00:00','4497-no.03931/1055/12',50.0000,4),
  (1092,1,'2012-10-26 00:00:00','mpj-023623',50.0000,13),
  (1093,1,'2012-10-30 00:00:00','4499-mpj-053815-mpi865967',50.0000,4),
  (1094,1,'2012-11-02 00:00:00','4500-no.12/2/34554/-32867-32865',50.0000,13),
  (1095,1,'2012-11-05 00:00:00','4851-mpj-026333',50.0000,13),
  (1096,1,'2012-11-05 00:00:00','4852-mpj-026341',50.0000,13),
  (1097,1,'2012-11-06 00:00:00','4853-mpi776986',50.0000,4),
  (1098,1,'2012-11-06 00:00:00','4854no.12/2/34545',50.0000,4),
  (1099,1,'2012-11-06 00:00:00','4855-no.12/2/34704',50.0000,5),
  (1100,1,'2012-11-07 00:00:00','4856-mpi-282564',50.0000,4),
  (1101,1,'2012-11-09 00:00:00','4857-mpj-045800',50.0000,4),
  (1102,1,'2012-11-09 00:00:00','4858-mpi-533237',50.0000,5),
  (1103,1,'2012-11-09 00:00:00','50.00',50.0000,6),
  (1104,1,'2012-11-13 00:00:00','4860-mpi992544/918967/021408/702917',50.0000,11),
  (1105,1,'2012-11-16 00:00:00','4861-mpi-533276',50.0000,6),
  (1106,1,'2012-11-16 00:00:00','4862-533273',50.0000,5),
  (1107,1,'2012-11-20 00:00:00','4863-mpi993653-mpj-076428',50.0000,12),
  (1108,1,'2012-11-21 00:00:00','4864-mpi-533328',50.0000,5),
  (1109,1,'2012-11-21 00:00:00','4865-mpi-533329',50.0000,6),
  (1110,1,'2012-11-22 00:00:00','4866-mpj-076429-mpi993651',50.0000,4),
  (1111,1,'2012-11-27 00:00:00','4867_mpi:971680',50.0000,11),
  (1112,1,'2012-11-27 00:00:00','4868-mpi851696',50.0000,7),
  (1113,1,'2012-11-27 00:00:00','4869-mpj-055788-89',50.0000,7),
  (1114,1,'2012-11-29 00:00:00','4870-12/2/38014-36991-36971-36682',50.0000,2),
  (1115,1,'2012-11-29 00:00:00','4871-mpj-046038',50.0000,4),
  (1116,1,'2012-11-29 00:00:00','4872-mpj-076505',50.0000,4),
  (1117,1,'2012-11-29 00:00:00','4873-no.12/2/32922/36388/37994/37782',50.0000,4),
  (1118,1,'2012-12-04 00:00:00','4876:no:12/2/36964',50.0000,5),
  (1119,1,'2012-11-29 00:00:00','4874:mpi:533390',50.0000,6),
  (1120,1,'2012-11-29 00:00:00','4875:no:04493/1055/12',50.0000,5),
  (1121,1,'2012-12-04 00:00:00','4877-mpj-026375',50.0000,13),
  (1122,1,'2012-12-06 00:00:00','no.12/2/29822/31293',50.0000,3),
  (1123,1,'2012-12-06 00:00:00','4878-no.29822/31293',50.0000,3),
  (1124,1,'2012-12-06 00:00:00','4879mpj993686/mpi076543',50.0000,4),
  (1125,1,'2012-12-06 00:00:00','4880-mpi-058688',50.0000,4),
  (1126,1,'2012-12-13 00:00:00','4882-mpj-054441021611-mpi971747',50.0000,11),
  (1127,1,'2012-12-13 00:00:00','4883-mpj-101023',50.0000,4),
  (1128,1,'2012-12-13 00:00:00','4884mpj-057259-918631',50.0000,4),
  (1129,1,'2012-12-13 00:00:00','4885-mpi-533487',50.0000,5),
  (1130,1,'2012-12-13 00:00:00','4886-mpi-533486',50.0000,6),
  (1131,1,'2012-12-13 00:00:00','4887-mpi-282567/571',50.0000,4),
  (1132,1,'2012-12-13 00:00:00','4881-mpi533415',50.0000,5),
  (1133,1,'2012-12-13 00:00:00','4888mpi-533414',50.0000,6),
  (1134,1,'2012-12-14 00:00:00','4889-mpi-055891',50.0000,7),
  (1135,1,'2012-12-18 00:00:00','4890-mpj-021611/mpi971765',50.0000,11),
  (1136,1,'2012-12-20 00:00:00','4891:mpi_533541:mpi_533530',50.0000,6),
  (1137,1,'2012-12-20 00:00:00','4892:mpi_533542:mpi_533527',50.0000,5),
  (1138,1,'2012-12-28 00:00:00','4893:mpi-993736',50.0000,4),
  (1139,1,'2012-12-28 00:00:00','4894-MPJ-026391',50.0000,13),
  (1140,1,'2013-01-03 00:00:00','4895-mpj-054697',50.0000,11),
  (1141,1,'2013-01-04 00:00:00','4896-mpj-003064-918990-013835',50.0000,3),
  (1142,1,'2013-01-04 00:00:00','4897-mpj-056022',50.0000,7),
  (1143,1,'2013-01-07 00:00:00','4898-no.03790/31/12',50.0000,5),
  (1144,1,'2013-01-08 00:00:00','4899-mpj-101274mpi365932',50.0000,4),
  (1145,1,'2012-12-07 00:00:00','4900-mpi176043-059117',50.0000,4),
  (1146,1,'2013-01-07 00:00:00','4901-no.12/21/41721-425549-36389-40560',50.0000,4),
  (1147,1,'2013-01-08 00:00:00','4902-mpj-026400',50.0000,13),
  (1148,1,'2013-01-08 00:00:00','4903-mpj026406',50.0000,13),
  (1149,1,'2013-01-09 00:00:00','4904-mpi-533616',50.0000,6),
  (1150,1,'2013-01-09 00:00:00','4905-mpi-533615',50.0000,5),
  (1151,1,'2013-01-09 00:00:00','4906-no.12/2/41436',50.0000,5),
  (1152,1,'2013-01-14 00:00:00','4907-mpj-002147',50.0000,3),
  (1153,1,'2013-01-14 00:00:00','4908-mpj-101329',50.0000,4),
  (1154,1,'2013-01-14 00:00:00','4909-mpj-076853/mpi-993765',50.0000,4),
  (1155,1,'2013-01-14 00:00:00','4910-no04012-13/31/12/04',50.0000,4),
  (1156,1,'2013-01-15 00:00:00','mpj-057468',50.0000,4),
  (1157,1,'2013-01-16 00:00:00','4912-mpi-533671',50.0000,5),
  (1158,1,'2013-01-16 00:00:00','4913-mpi-533672',50.0000,6),
  (1159,1,'2013-01-22 00:00:00','4914-mpj=196169-036949-021611-971766',50.0000,11),
  (1160,1,'2013-01-22 00:00:00','4915-mpj=026420',50.0000,13),
  (1161,1,'2013-01-22 00:00:00','4916-mpj-059545-mpi-887051',50.0000,4),
  (1162,1,'2013-01-22 00:00:00','4917-no.13/2/00984-36390-40561',50.0000,4),
  (1163,1,'2013-01-22 00:00:00','4918-mpj059455',50.0000,4),
  (1164,1,'2013-01-28 00:00:00','4919-mpj-204968',50.0000,13),
  (1165,1,'2013-01-28 00:00:00','4920-mpj204959',50.0000,13),
  (1166,1,'2013-01-29 00:00:00','4921-mpj-101460',50.0000,4),
  (1167,1,'2013-01-29 00:00:00','4922mpj-533746',50.0000,4),
  (1168,1,'2013-01-29 00:00:00','4923-mpj155557',50.0000,4),
  (1169,1,'2013-01-29 00:00:00','4925-mpj089277-993439',50.0000,12),
  (1170,1,'2013-01-29 00:00:00','4926-no.12/2/41536-36391',50.0000,2),
  (1171,1,'2013-01-30 00:00:00','4927-mpi-533777',50.0000,5),
  (1172,1,'2013-01-30 00:00:00','4928-mpi-533776',50.0000,6),
  (1173,1,'2013-01-31 00:00:00','4929-no.12/2/3692/01364',50.0000,3),
  (1174,1,'2013-01-31 00:00:00','4927-no.04366-67-68/811/12',50.0000,4),
  (1175,1,'2013-02-06 00:00:00','4930-mpi-533815',50.0000,6),
  (1176,1,'2013-02-06 00:00:00','4931-mpi533814',80.0000,5),
  (1177,1,'2013-02-08 00:00:00','mpj-058812',50.0000,4),
  (1178,1,'2013-02-11 00:00:00','4933-mpj>196509',50.0000,11),
  (1179,1,'2013-02-12 00:00:00','4934-mpi-533867',50.0000,6),
  (1180,1,'2013-02-12 00:00:00','4935-mpi533868',50.0000,5),
  (1181,1,'2013-02-13 00:00:00','4936-mpj-176106',50.0000,4),
  (1182,1,'2013-02-18 00:00:00','4501_mpj-056388',50.0000,7),
  (1183,1,'2013-02-19 00:00:00','4937-204989',50.0000,13),
  (1184,1,'2013-02-21 00:00:00','4938-993482/mpj212919',50.0000,5),
  (1185,1,'2013-02-08 00:00:00','4939-no:12/2/36393',50.0000,4),
  (1186,1,'2013-02-25 00:00:00','4940-no;12/2/36394/40562',50.0000,2),
  (1187,1,'2013-02-25 00:00:00','4941-mpj-076482-mpi-971766/365937-mpj-172861',50.0000,11),
  (1188,1,'2013-03-01 00:00:00','4942-no:00132/32/13',50.0000,5),
  (1189,1,'2013-03-01 00:00:00','4943-mpj-154751',50.0000,6),
  (1190,1,'2013-03-05 00:00:00','4944-mpj-154782',50.0000,4),
  (1191,1,'2013-03-05 00:00:00','4945-mpj-993507/213104',50.0000,4),
  (1192,1,'2013-03-05 00:00:00','4946-mpj-215957',50.0000,4),
  (1193,1,'2013-03-05 00:00:00','4946-mpj-205015',50.0000,13),
  (1194,1,'2013-03-05 00:00:00','no:00706/1055/13',50.0000,12),
  (1195,1,'2013-03-07 00:00:00','4949-mpi-533952',50.0000,5),
  (1196,1,'2013-03-07 00:00:00','4950-mpi533953-534762',50.0000,6),
  (1197,1,'2013-02-18 00:00:00','4501-056388',50.0000,7),
  (1198,1,'2013-03-14 00:00:00','4502-6465211',50.0000,4),
  (1199,1,'2013-03-15 00:00:00','4503-mpi-533997-/534773',50.0000,5),
  (1200,1,'2013-03-15 00:00:00','4504-533996/534772',50.0000,6),
  (1201,1,'2013-03-20 00:00:00','4505-mpj-176564/130186/918817/037200',50.0000,11),
  (1202,1,'2013-03-19 00:00:00','4506mpi-534781',50.0000,6),
  (1203,1,'2013-03-19 00:00:00','4507-mpi-534780',50.0000,5),
  (1204,1,'2013-03-19 00:00:00','4508-mpj-205039',50.0000,13),
  (1205,1,'2013-03-20 00:00:00','4509-mpi-993540//mpj-213213',50.0000,12),
  (1206,1,'2013-03-20 00:00:00','4510-mpi-993539/mpj213212',50.0000,4),
  (1207,1,'2013-03-20 00:00:00','4511-no.13/2/08345/08315/07153',50.0000,4),
  (1208,1,'2013-03-20 00:00:00','4512-no.13/2/08344',50.0000,5),
  (1209,1,'2013-03-22 00:00:00','4513-no:13/2/08346',50.0000,2),
  (1210,1,'2013-03-25 00:00:00','4514-no.13/2/06016',50.0000,3),
  (1211,1,'2013-03-27 00:00:00','4515-mpi534790',50.0000,12),
  (1212,1,'2013-03-27 00:00:00','4516-mpi-534789/757119',50.0000,6),
  (1213,1,'2013-04-02 00:00:00','4517-mpj-117131',50.0000,11),
  (1214,1,'2013-04-02 00:00:00','4518-mpj-205060-205075',50.0000,13),
  (1215,1,'2013-04-08 00:00:00','4520-mpi-534804',50.0000,5),
  (1216,1,'2013-04-08 00:00:00','4521-534798-757134',50.0000,6),
  (1217,1,'2013-04-10 00:00:00','4522-mpi-534813',50.0000,6),
  (1218,1,'2013-04-10 00:00:00','4523-mpi-534811',50.0000,5),
  (1219,1,'2013-04-11 00:00:00','4524-mpj-216242',50.0000,4),
  (1220,1,'2013-04-15 00:00:00','4525-mpj-117236/213397//1301186',50.0000,11),
  (1221,1,'2013-04-15 00:00:00','4526-13/2/11058',50.0000,12),
  (1222,1,'2013-04-16 00:00:00','4527-mpj-205089',50.0000,13),
  (1223,1,'2013-04-17 00:00:00','4528-mpi-993592/mpj-213492',50.0000,4),
  (1224,1,'2013-04-17 00:00:00','4529-no.13/2/08347',50.0000,4),
  (1225,1,'2013-04-18 00:00:00','4530-mpj-286164',50.0000,7),
  (1226,1,'2013-04-19 00:00:00','4531--no.13/2/11056',50.0000,2),
  (1227,1,'2013-04-22 00:00:00','4532-mpi-534817',50.0000,5),
  (1228,1,'2013-04-22 00:00:00','4533-mpi-757166/534818-91',50.0000,6),
  (1229,1,'2013-04-23 00:00:00','4534-mpj-216336',50.0000,4),
  (1230,1,'2013-04-23 00:00:00','4535-mpj293822',50.0000,13),
  (1231,1,'2013-04-23 00:00:00','4536-mpj293811',50.0000,13),
  (1232,1,'2013-04-29 00:00:00','4537-mpi-534826',50.0000,5),
  (1233,1,'2013-04-24 00:00:00','4537-mpi-534847',50.0000,6),
  (1234,1,'2013-04-30 00:00:00','4539-mpj-301869',50.0000,6),
  (1235,1,'2013-04-30 00:00:00','4540/mpi534845',50.0000,6),
  (1236,1,'2013-04-30 00:00:00','4541-mpi-534844',50.0000,5),
  (1237,1,'2013-05-01 00:00:00','4542/mpi216403/105247',50.0000,4),
  (1238,1,'2013-05-01 00:00:00','4543/mpj-220284',50.0000,4),
  (1239,1,'2013-05-01 00:00:00','4544-no.01447/928/13',50.0000,4),
  (1240,1,'2013-05-07 00:00:00','mpj-117315/17358130504',50.0000,11),
  (1241,1,'2013-05-07 00:00:00','mpj-173318',50.0000,4),
  (1242,1,'2013-05-07 00:00:00','4547-mpj-293829',50.0000,13),
  (1243,1,'2013-05-07 00:00:00','4548-mpj-293842',50.0000,13),
  (1244,1,'2013-05-08 00:00:00','4549/534856',50.0000,5),
  (1245,1,'2013-05-08 00:00:00','4550/534855',50.0000,6),
  (1246,1,'2013-05-10 00:00:00','4551-no.13/2/07155-11059',50.0000,4),
  (1247,1,'2013-05-13 00:00:00','4552/13/2/11060',50.0000,5),
  (1248,1,'2013-05-15 00:00:00','4553-mpi-993641/105380',50.0000,4),
  (1249,1,'2013-05-21 00:00:00','4554-mpj-293860',50.0000,13),
  (1250,1,'2013-05-21 00:00:00','4555-mpj-293853',50.0000,13),
  (1251,1,'2013-05-21 00:00:00','4556-mpj-213-397/117365/315/213397',50.0000,11),
  (1252,1,'2013-05-23 00:00:00','4557-mpi-534361',50.0000,4),
  (1253,1,'2013-05-28 00:00:00','MPJ-127321/MPJ-126855',50.0000,3),
  (1254,1,'2013-05-27 00:00:00','MPJ-105409/MPI-993643',50.0000,12),
  (1255,1,'2013-05-31 00:00:00','4560-mpi-534874/757255',50.0000,6),
  (1256,1,'2013-05-31 00:00:00','4561-mpi-534873',50.0000,5),
  (1257,1,'2013-06-05 00:00:00','4562-no:13/2/12',50.0000,4),
  (1258,1,'2013-06-05 00:00:00','4563-mpj-089325/370083-97',50.0000,4),
  (1259,1,'2013-06-10 00:00:00','4565-13/2/07751/11064/17486',50.0000,2),
  (1260,1,'2013-06-10 00:00:00','4566-mpj-117474/173508/130629',50.0000,11),
  (1261,1,'2013-06-12 00:00:00','no.00046/1084/13',50.0000,5),
  (1262,1,'2013-06-19 00:00:00','4568-no.00425/797/15',50.0000,4),
  (1263,1,'2013-06-19 00:00:00','mpi-534902',50.0000,5),
  (1264,1,'2013-06-19 00:00:00','4570mpi-757299/534901',50.0000,6),
  (1265,1,'2013-06-24 00:00:00','MPJ-117524',50.0000,11),
  (1266,1,'2013-06-24 00:00:00','MPJ-293901',50.0000,13),
  (1267,1,'2013-06-25 00:00:00','4573-mpi-534914',50.0000,5),
  (1268,1,'2013-06-25 00:00:00','4574-mpi-534915-534915',50.0000,6),
  (1269,1,'2013-06-26 00:00:00','MPJ-370296',50.0000,4),
  (1270,1,'2013-06-26 00:00:00','MPJ-404532',50.0000,4),
  (1271,1,'2013-07-03 00:00:00','MPI-534919',50.0000,6),
  (1272,1,'2013-07-02 00:00:00','MPI-534918',50.0000,5),
  (1273,1,'2013-07-03 00:00:00','MPJ-127381',50.0000,3),
  (1274,1,'2013-07-03 00:00:00','mpj-089370-mpj-370420',50.0000,4),
  (1275,1,'2013-07-03 00:00:00','13/2/11065',50.0000,4),
  (1276,1,'2013-07-05 00:00:00','4581-13/2/16247',50.0000,2),
  (1277,1,'2013-07-09 00:00:00','No:13/2/16256',50.0000,5),
  (1278,1,'2013-07-09 00:00:00','mpi-534928-534927-404807',50.0000,6),
  (1279,1,'2013-07-09 00:00:00','MPJ-293914',50.0000,13),
  (1280,1,'2013-07-09 00:00:00','MPJ-293914',50.0000,13),
  (1281,1,'2013-07-15 00:00:00','4585-mpj-370475',50.0000,4),
  (1282,1,'2013-07-16 00:00:00','4586-mpi-534933',50.0000,6),
  (1283,1,'2013-07-16 00:00:00','4587-mpi-534934',50.0000,5),
  (1284,1,'2013-07-17 00:00:00','4598-mpj-293922',50.0000,13),
  (1285,1,'2013-07-19 00:00:00','4590-no.6581767',50.0000,4),
  (1286,1,'2013-07-23 00:00:00','4591-/no.03264/1055/13',50.0000,12),
  (1287,1,'2013-07-23 00:00:00','4592-534937',50.0000,5),
  (1288,1,'2013-07-23 00:00:00','4593-mpi-534939/mpi-757376',50.0000,6),
  (1289,1,'2013-07-23 00:00:00','4594-mpj-401980',50.0000,13),
  (1290,1,'2013-07-25 00:00:00','4595-no.00061/4232/13',50.0000,5),
  (1291,1,'2013-07-30 00:00:00','4596-mpj--117585/117197-351893',50.0000,11),
  (1292,1,'2013-07-30 00:00:00','4597-mpi-534952-757390',50.0000,6),
  (1293,1,'2013-07-30 00:00:00','4598-mpi-534551',50.0000,5),
  (1294,1,'2013-07-30 00:00:00','4599-mpj-372189-315535-388758-131027-351870',50.0000,12),
  (1295,1,'2013-07-31 00:00:00','4600-mpj-405250',50.0000,4),
  (1296,1,'2013-07-31 00:00:00','4601-mpj-089415-370704-370707',50.0000,4),
  (1297,1,'2013-07-31 00:00:00','4602/mpj-405305',50.0000,6),
  (1298,1,'2013-08-07 00:00:00','4603-13/2/24289/16258/24289',50.0000,2),
  (1299,1,'2013-08-07 00:00:00','4604-no.13/2/7260',50.0000,5),
  (1300,1,'2013-08-07 00:00:00','4605-mpi534958/757404',50.0000,6),
  (1301,1,'2013-08-12 00:00:00','4606-no.00033/1451/13',50.0000,4),
  (1302,1,'2013-08-12 00:00:00','4607-mpj-359333/388758',50.0000,11),
  (1303,1,'2013-08-13 00:00:00','4608-mpi-534969',50.0000,5),
  (1304,1,'2013-08-13 00:00:00','4609-no.2657/811/13',50.0000,5),
  (1305,1,'2013-08-13 00:00:00','4610-mpi-757417/534970',50.0000,6),
  (1306,1,'2013-08-13 00:00:00','4611-no.02656/811/13',50.0000,6),
  (1307,1,'2013-08-13 00:00:00','4612-mpi402011',50.0000,6),
  (1308,1,'2013-08-20 00:00:00','4613-mpi-534976',50.0000,5),
  (1309,1,'2013-08-20 00:00:00','4614-mpi-534977-757430',50.0000,6),
  (1310,1,'2013-08-20 00:00:00','4615-mpj-450629',50.0000,4),
  (1311,1,'2013-08-20 00:00:00','4616-mpj-089447-370887',50.0000,4),
  (1312,1,'2013-08-26 00:00:00','4671:MJP359372',50.0000,11),
  (1313,1,'2013-08-29 00:00:00','4618',50.0000,4),
  (1314,1,'2013-09-02 00:00:00','4619:13/2/16262',50.0000,2),
  (1315,1,'2013-09-02 00:00:00','4620:mpj_089473',50.0000,4),
  (1316,1,'2013-09-04 00:00:00','4621:mpi_534993',50.0000,5),
  (1317,1,'2013-09-04 00:00:00','4622:mpi_534979',50.0000,5),
  (1318,1,'2013-09-04 00:00:00','4623:no:13/2/16263',50.0000,5),
  (1319,1,'2013-09-04 00:00:00','4624:mpi-534980',50.0000,6),
  (1320,1,'2013-09-04 00:00:00','4625:mpi-534992',50.0000,6),
  (1321,1,'2013-09-09 00:00:00','4626-mpj-371101/089488',50.0000,12),
  (1322,1,'2013-09-10 00:00:00','4627-mpi757474',50.0000,6),
  (1323,1,'2013-09-10 00:00:00','4628*mpi-534499',50.0000,5),
  (1324,1,'2013-09-17 00:00:00','4630:359412',50.0000,11),
  (1325,1,'2013-09-18 00:00:00','4629-mpj-371168',50.0000,4),
  (1326,1,'2013-09-18 00:00:00','4631-mpj-519703',50.0000,4),
  (1327,1,'2013-09-25 00:00:00','4632:mpj-443245',50.0000,4),
  (1328,1,'2013-09-26 00:00:00','4633-mpi-535018',50.0000,5),
  (1329,1,'2013-09-26 00:00:00','4634-mpi757506',50.0000,6),
  (1330,1,'2013-09-30 00:00:00','-4635-3651',50.0000,5),
  (1331,1,'2013-10-01 00:00:00','4636-131192/359443/443420',50.0000,11),
  (1332,1,'2013-10-02 00:00:00','4637/no.13/2/26803',50.0000,12),
  (1333,1,'2013-10-02 00:00:00','4638-no.13/2/26834',50.0000,4),
  (1334,1,'2013-10-02 00:00:00','4639-no.01479/21/13',30.0000,4),
  (1335,1,'2013-10-02 00:00:00','4640-mpj-462907',50.0000,4),
  (1336,1,'2013-10-02 00:00:00','4641-mpj-089521-462925-089518',50.0000,4),
  (1337,1,'2013-10-03 00:00:00','4642-no.00687/4202/13',50.0000,5),
  (1338,1,'2013-10-03 00:00:00','4643-13/2/26805',50.0000,5),
  (1339,1,'2013-10-08 00:00:00','4644/mpj462992/089521',50.0000,12),
  (1340,1,'2013-10-09 00:00:00','4645-mpi-520176',50.0000,6),
  (1341,1,'2013-10-09 00:00:00','4646-mpi-535032',50.0000,5),
  (1342,1,'2013-10-09 00:00:00','4647-535031/757534',50.0000,6),
  (1343,1,'2013-10-11 00:00:00','4648-no.:00772/4202/13',50.0000,12),
  (1344,1,'2013-10-16 00:00:00','4649-mpi-535043',50.0000,5),
  (1345,1,'2013-10-16 00:00:00','4650-535042',50.0000,6),
  (1346,1,'2013-10-17 00:00:00','4251-mpj-462989',50.0000,4),
  (1347,1,'2013-10-22 00:00:00','4252-mpj-359526-132065-516414-489931',50.0000,11),
  (1348,1,'2013-10-25 00:00:00','4253-no.13/2/34993-35888',50.0000,2),
  (1349,1,'2013-10-29 00:00:00','4254-mpi-535062-757564',50.0000,6),
  (1350,1,'2013-10-29 00:00:00','4255-535056',50.0000,5),
  (1351,1,'2013-10-29 00:00:00','4256-no.13/2/34992',50.0000,4),
  (1352,1,'2013-10-29 00:00:00','4257-mpj-089567-463182-482691',50.0000,4),
  (1353,1,'2013-11-04 00:00:00','4258-no.13/2/34991',50.0000,5),
  (1354,1,'2013-11-04 00:00:00','4259-mpi-535067',50.0000,6),
  (1355,1,'2013-11-05 00:00:00','4260-mpj-359543/516052',50.0000,11),
  (1356,1,'2013-11-06 00:00:00','4261-mpi-535079',50.0000,12),
  (1357,1,'2013-11-06 00:00:00','4262-mpi-535080/047997',50.0000,6),
  (1358,1,'2013-11-07 00:00:00','4263-no.01676/2172/13',50.0000,4),
  (1359,1,'2013-11-18 00:00:00','4264-no.6682454',50.0000,4),
  (1360,1,'2013-11-18 00:00:00','mpi648018',50.0000,4),
  (1361,1,'2013-11-18 00:00:00','4266-mpj-401637',50.0000,7),
  (1362,1,'2013-11-18 00:00:00','4267/mpj-132171/359580/512374',50.0000,11),
  (1363,1,'2013-11-19 00:00:00','4268-mpi-535093',50.0000,5),
  (1364,1,'2013-11-19 00:00:00','4269-mpi-535094',50.0000,6),
  (1365,1,'2013-11-20 00:00:00','4270-mpj-504/634//132170/512376',50.0000,12),
  (1366,1,'2013-11-25 00:00:00','42714-mpi-048038-535104',50.0000,6),
  (1367,1,'2013-11-25 00:00:00','4272-no.13/2/34995',50.0000,5),
  (1368,1,'2013-11-25 00:00:00','4273-n0.04331/811/13',50.0000,5),
  (1369,1,'2013-11-25 00:00:00','4274-mpi-535105',50.0000,5),
  (1370,1,'2013-11-25 00:00:00','4275-04317-20/811/13',50.0000,4),
  (1371,1,'2013-11-26 00:00:00','4276-13/2/34996/40043',50.0000,4),
  (1372,1,'2013-11-27 00:00:00','4277-mpj-387311',50.0000,4),
  (1373,1,'2013-11-27 00:00:00','4278-089614/560614',50.0000,4),
  (1374,1,'2013-12-05 00:00:00','4279-mpj-048066',50.0000,6),
  (1375,1,'2013-12-05 00:00:00','4281-535136',50.0000,5),
  (1376,1,'2013-12-05 00:00:00','4280-535135',50.0000,6),
  (1377,1,'2013-12-05 00:00:00','4282-560714-089629',50.0000,4),
  (1378,1,'2013-12-05 00:00:00','4283-mpj401669',50.0000,4),
  (1379,1,'2013-12-10 00:00:00','4284mpj-359655/586666',50.0000,11),
  (1380,1,'2013-12-10 00:00:00','4285-04585/811/13',50.0000,12),
  (1381,1,'2013-12-10 00:00:00','4286-mpj-089640/560778',50.0000,12),
  (1382,1,'2013-12-12 00:00:00','4287-535131',50.0000,5),
  (1383,1,'2013-12-12 00:00:00','4288-535156',50.0000,5),
  (1384,1,'2013-12-12 00:00:00','4289-535157',50.0000,5),
  (1385,1,'2013-12-16 00:00:00','4290mpj-560728',50.0000,4),
  (1386,1,'2013-12-19 00:00:00','4292no.13/2/42446/26835/',50.0000,2),
  (1387,1,'2013-12-19 00:00:00','4293-mpj-560863-089659',50.0000,3),
  (1388,1,'2014-01-08 00:00:00','4294-mpi-535173',50.0000,5),
  (1389,1,'2014-01-08 00:00:00','4295-mpi-048094',50.0000,6),
  (1390,1,'2013-12-19 00:00:00','4296-535172',50.0000,6),
  (1391,1,'2013-12-24 00:00:00','4297-359676',50.0000,11),
  (1392,1,'2013-12-27 00:00:00','4298-no.13/2/34999',50.0000,12),
  (1393,1,'2014-01-03 00:00:00','4299-mpi-535206',50.0000,5),
  (1394,1,'2013-12-03 00:00:00','4300-mpi-535207',50.0000,6),
  (1395,1,'2014-01-08 00:00:00','4651-mpj-359742',50.0000,11),
  (1396,1,'2014-01-08 00:00:00','4652-535198',50.0000,6),
  (1397,1,'2014-01-08 00:00:00','4653-mpi535211',50.0000,6),
  (1398,1,'2014-01-08 00:00:00','4654-535212',50.0000,5),
  (1399,1,'2014-01-08 00:00:00','4655-no.13/2/34998',50.0000,5),
  (1400,1,'2014-01-14 00:00:00','4656-mpi-535233',50.0000,5),
  (1401,1,'2014-01-20 00:00:00','4657-mpi-535232',50.0000,6),
  (1402,1,'2014-01-20 00:00:00','4658-no.13/2/42689-44602',50.0000,4),
  (1403,1,'2014-01-20 00:00:00','4659-13/2/26836',50.0000,4),
  (1404,1,'2014-01-22 00:00:00','4660-132701/359783/132702',50.0000,11),
  (1405,1,'2014-01-23 00:00:00','4661-mpi089707/561163',50.0000,4),
  (1406,1,'2014-01-27 00:00:00','4662-no.07447/1055/13',50.0000,5),
  (1407,1,'2014-01-27 00:00:00','4663-535247',50.0000,6),
  (1408,1,'2014-01-28 00:00:00','4664-mpj-561257/089723',50.0000,12),
  (1409,1,'2014-01-29 00:00:00','4665-mpj-643672/585710-585804',50.0000,4),
  (1410,1,'2014-01-29 00:00:00','4666-mpj585711',50.0000,4),
  (1411,1,'2014-01-29 00:00:00','4667-no.5338/811/13-05337/811/13',50.0000,4),
  (1412,1,'2014-01-31 00:00:00','4668-mpi535257',50.0000,5),
  (1413,1,'2014-01-31 00:00:00','4669-mpi-535258',50.0000,6),
  (1414,1,'2014-02-04 00:00:00','mpi-535276-mpj-048198',50.0000,6),
  (1415,1,'2014-02-04 00:00:00','4671-mpi-535277',50.0000,5),
  (1416,1,'2014-02-10 00:00:00','4672-mpj359817/552409/134202-201',50.0000,11),
  (1417,1,'2014-02-11 00:00:00','4673-mpi-535290',50.0000,5),
  (1418,1,'2014-02-11 00:00:00','4674-535291',50.0000,6),
  (1419,1,'2014-02-11 00:00:00','4675-mpj-724785',50.0000,4),
  (1420,1,'2014-02-11 00:00:00','4676mph648367',50.0000,4),
  (1421,1,'2014-02-17 00:00:00','4677-13/2/42702/26837',50.0000,2),
  (1422,1,'2014-02-18 00:00:00','mpi-535299',50.0000,6),
  (1423,1,'2014-02-18 00:00:00','no.00043/4202/14',50.0000,5),
  (1424,1,'2014-02-18 00:00:00','nzl2014/frmm01/10962',50.0000,5),
  (1425,1,'2014-02-18 00:00:00','no.00186/811/14',50.0000,4),
  (1426,1,'2014-02-18 00:00:00','no.14/2/0377',50.0000,4),
  (1427,1,'2014-02-18 00:00:00','4683-mpj089259',50.0000,4),
  (1428,1,'2014-02-21 00:00:00','4684-no.13/2/454470',50.0000,5),
  (1429,1,'2014-02-25 00:00:00','4685-mpj-725442',50.0000,4),
  (1430,1,'2014-02-25 00:00:00','4686-mpj-359846/134243',50.0000,11),
  (1431,1,'2014-02-26 00:00:00','4687mpi-535311',50.0000,5),
  (1432,1,'2014-02-26 00:00:00','4688-mpi-535310',50.0000,6),
  (1433,1,'2014-02-26 00:00:00','4689-mpi-135755',50.0000,4),
  (1434,1,'2014-03-03 00:00:00','m4690ph-848422',50.0000,4),
  (1435,1,'2014-03-04 00:00:00','4691-mpi535322',50.0000,6),
  (1436,1,'2014-03-04 00:00:00','4692-mpi-535323',50.0000,5),
  (1437,1,'2014-03-14 00:00:00','4693-mpi-535328',50.0000,6),
  (1438,1,'2014-03-14 00:00:00','4694-535329',50.0000,5),
  (1439,1,'2014-03-14 00:00:00','4695-648461',50.0000,4),
  (1440,1,'2014-03-18 00:00:00','4696-no.14/2/06902',50.0000,5),
  (1442,1,'2014-03-18 00:00:00','4697/mpj-359879-mpj132702/mpj724925/mpi-365966',50.0000,11),
  (1443,1,'2014-03-18 00:00:00','4698-no14/2/06964-14/2/07736',50.0000,2),
  (1444,1,'2014-03-21 00:00:00','4699-mpj-089804',50.0000,4),
  (1445,1,'2014-03-25 00:00:00','no.00846/811/14',50.0000,4),
  (1446,1,'2014-03-25 00:00:00','4701-mpi535341',50.0000,5),
  (1447,1,'2014-03-25 00:00:00','4702-mpj-138-173',50.0000,6),
  (1448,1,'2014-03-25 00:00:00','4703-mpi-535340',50.0000,6),
  (1449,1,'2014-03-25 00:00:00','4704-mpi-535350',50.0000,5),
  (1450,1,'2014-03-25 00:00:00','4705-535350',50.0000,6),
  (1451,1,'2014-03-26 00:00:00','4706-no.6808675',50.0000,4),
  (1452,1,'2014-03-28 00:00:00','4707-no.00790/811/14',50.0000,12),
  (1453,1,'2014-02-28 00:00:00','4708-mpj-089818',50.0000,12),
  (1454,1,'2014-03-28 00:00:00','4709-mpj-725296-134336-709549-365966',50.0000,12),
  (1455,1,'2014-04-01 00:00:00','4710-mpj-359915-723522-234384-552409',50.0000,11),
  (1456,1,'2014-04-01 00:00:00','4711-no.01537/811/14',50.0000,5),
  (1457,1,'2014-04-01 00:00:00','mpi-535366',50.0000,6),
  (1458,1,'2014-04-02 00:00:00','4713-mpj089835/561896',50.0000,4),
  (1459,1,'2014-04-07 00:00:00','4714mpi535365',50.0000,5),
  (1460,1,'2014-04-07 00:00:00','4715-mpj-089849',50.0000,4),
  (1461,1,'2014-04-07 00:00:00','4716-no.14/2/10925-06908',50.0000,4),
  (1462,1,'2014-04-07 00:00:00','no:14/2/10925',50.0000,4),
  (1463,1,'2014-04-10 00:00:00','mpi-535377',50.0000,5),
  (1464,1,'2014-04-09 00:00:00','4718-mpi535376',50.0000,4),
  (1465,1,'2014-04-10 00:00:00','4719-no:14/2/06910',50.0000,5),
  (1466,1,'2014-04-15 00:00:00','4720-no.14/2/11297',50.0000,2),
  (1467,1,'2014-04-15 00:00:00','4721-no;14/2/06912',50.0000,12),
  (1468,1,'2014-04-15 00:00:00','4722mph-648575',50.0000,4),
  (1469,1,'2014-04-15 00:00:00','4723-no.00360/2172/14',50.0000,4),
  (1470,1,'2014-04-23 00:00:00','4726-no;14/2/06912',50.0000,11),
  (1471,1,'2014-04-29 00:00:00','4727-no.00488/21/14',50.0000,4),
  (1472,1,'2014-04-30 00:00:00','4728/mpi-535393',50.0000,5),
  (1473,1,'2014-04-30 00:00:00','4729-mpi-535394/mpj-048353',50.0000,6),
  (1474,1,'2014-04-30 00:00:00','4730-mpj795450',50.0000,6),
  (1475,1,'2014-04-30 00:00:00','4731-mpi-535405',50.0000,5),
  (1476,1,'2014-04-30 00:00:00','4732-mpi-535407/mpj048368',50.0000,6),
  (1477,1,'2014-05-08 00:00:00','4733-mpi-535411',50.0000,5),
  (1478,1,'2014-05-08 00:00:00','4734-535410',50.0000,6),
  (1479,1,'2014-05-13 00:00:00','4735-mpj-360011/810921-435334',50.0000,11),
  (1480,1,'2014-05-13 00:00:00','4736-mpj562326-680284',50.0000,4),
  (1481,1,'2014-05-13 00:00:00','4767-no.14/2/06913-6965',50.0000,4),
  (1482,1,'2014-05-13 00:00:00','4738- mpi-535432',50.0000,6),
  (1483,1,'2014-05-13 00:00:00','4739-mpi-535423',50.0000,5),
  (1484,1,'2014-05-15 00:00:00','4740-no.14/2/13698',50.0000,5),
  (1485,1,'2014-05-22 00:00:00','4742-mpi-535441',50.0000,5),
  (1486,1,'2014-05-23 00:00:00','4743-mpi-535434',50.0000,6),
  (1487,1,'2014-05-26 00:00:00','4744-mpj-680302-/562432',50.0000,4),
  (1488,1,'2014-05-28 00:00:00','4745-mpi-535444',50.0000,5),
  (1489,1,'2014-05-28 00:00:00','4746-no.01233/811/14',50.0000,5),
  (1490,1,'2014-05-28 00:00:00','4747-mpi535445-mpj-048423',50.0000,6),
  (1491,1,'2014-06-03 00:00:00','4748-535451',50.0000,6),
  (1492,1,'2014-06-03 00:00:00','4749-535452',50.0000,5),
  (1493,1,'2014-06-06 00:00:00','4750--no.14/2/13699-18302',50.0000,4),
  (1494,1,'2014-06-10 00:00:00','5051-no.14/2/06966-13700',50.0000,2),
  (1495,1,'2014-06-10 00:00:00','5053-mpi-535462',50.0000,6),
  (1496,1,'2014-06-12 00:00:00','5054-mpi535463-465',50.0000,5),
  (1497,1,'2014-06-12 00:00:00','5055-mpj-048449/535464',50.0000,6),
  (1498,1,'2014-06-17 00:00:00','5056-mpj824046',50.0000,4),
  (1499,1,'2014-06-17 00:00:00','5057-no.02945-49/811/14',50.0000,4),
  (1500,1,'2014-06-17 00:00:00','5058-mpj-56575/680336',50.0000,4),
  (1501,1,'2014-06-23 00:00:00','5059-mpi-535472',50.0000,5),
  (1502,1,'2014-06-24 00:00:00','5060mpi-535471',50.0000,6),
  (1503,1,'2014-07-03 00:00:00','5061-mpj825532',50.0000,4),
  (1504,1,'2014-07-03 00:00:00','5062-no.14/2/21415-13703',50.0000,4),
  (1505,1,'2014-07-04 00:00:00','5063-no.14/2/06/967-13704',50.0000,2),
  (1506,1,'2014-07-08 00:00:00','5065-mpj-292954',50.0000,6),
  (1507,1,'2014-07-08 00:00:00','5066-no:14/2/13702',50.0000,5),
  (1508,1,'2014-07-08 00:00:00','5067-mpi-535479',50.0000,6),
  (1509,1,'2014-07-08 00:00:00','5068-no;00480/4202/14',50.0000,5),
  (1510,1,'2014-07-09 00:00:00','5069-mpj-562753',50.0000,4),
  (1511,1,'2014-07-21 00:00:00','5070-mpj-750825',50.0000,4),
  (1512,1,'2014-07-21 00:00:00','5071-mpj-764591',50.0000,11),
  (1513,1,'2014-07-21 00:00:00','5072-mpj-835343',50.0000,4),
  (1514,1,'2014-07-21 00:00:00','5073-mpi-535514',50.0000,6),
  (1515,1,'2014-07-21 00:00:00','5074-mpi53501',50.0000,5),
  (1516,1,'2014-07-21 00:00:00','5075-mpi-535515',50.0000,5),
  (1517,1,'2014-07-21 00:00:00','5076-mpi-535500',50.0000,6),
  (1518,1,'2014-07-24 00:00:00','5077--mpi535522',50.0000,5),
  (1519,1,'2014-07-24 00:00:00','5078-mpi',50.0000,6),
  (1520,1,'2014-07-28 00:00:00','5079-mpj-562982',50.0000,12),
  (1521,1,'2014-07-28 00:00:00','5080-mpj882013/775644-150930-867010',50.0000,12),
  (1522,1,'2014-08-01 00:00:00','5081-no:14/2/25518',50.0000,12),
  (1523,1,'2014-08-01 00:00:00','5082-no:14/2/25760',50.0000,13),
  (1524,1,'2014-08-01 00:00:00','5083-no:14/2/13706',50.0000,4),
  (1525,1,'2014-08-06 00:00:00','5083-no.14/2/13706',50.0000,4),
  (1526,1,'2014-08-06 00:00:00','5084-mpj-959872',50.0000,4),
  (1527,1,'2014-08-06 00:00:00','5085-mpj-563026',50.0000,4),
  (1528,1,'2014-08-06 00:00:00','5086-mpj-682210',50.0000,4),
  (1529,1,'2014-09-04 00:00:00','5087- mpj-828897',50.0000,4),
  (1530,1,'2014-08-08 00:00:00','5089-mpi-53550',50.0000,5),
  (1531,1,'2014-09-04 00:00:00','5090-mpi-535548/293058',50.0000,6),
  (1532,1,'2014-09-04 00:00:00','5091-mpj-293025/535537',50.0000,6),
  (1533,1,'2014-08-21 00:00:00','5092--mpj535557-293059',50.0000,6),
  (1534,1,'2014-09-04 00:00:00','5094-mpi-535558',50.0000,5),
  (1535,1,'2014-09-04 00:00:00','5095-mpi-535567',50.0000,5),
  (1536,1,'2014-08-21 00:00:00','5096-mpi535568-mpj 293074',50.0000,6),
  (1537,1,'2014-08-22 00:00:00','5097-4',50.0000,10);
COMMIT;

/* Data for the `tbltradeproducts` table  (LIMIT 1474,500) */

INSERT INTO `tbltradeproducts` (`recn`, `tradeType`, `dateOfLicence`, `licenceNo`, `fee`, `FarmRecn`) VALUES
  (1538,1,'2014-08-22 00:00:00','5098-mpi-535574',50.0000,5),
  (1539,1,'2014-08-22 00:00:00','5099-mpi535573/mpj293087',50.0000,6),
  (1540,1,'2014-09-04 00:00:00','5100-no.14/2/25519',50.0000,4),
  (1541,1,'2014-09-11 00:00:00','5151-974743',50.0000,4),
  (1542,1,'2014-08-27 00:00:00','5152-mpj680453',50.0000,4),
  (1543,1,'2014-08-27 00:00:00','5153-no.6971297',50.0000,4),
  (1544,1,'2014-09-03 00:00:00','mpi-535584/293097',50.0000,6),
  (1545,1,'2014-09-03 00:00:00','5155-no.14/2/25520',50.0000,5),
  (1546,1,'2014-08-26 00:00:00','5156-mpi-535585',50.0000,5),
  (1547,1,'2014-09-05 00:00:00','5157--mpj-680466-897223',50.0000,4),
  (1548,1,'2014-09-22 00:00:00','5158-mpi-535593',50.0000,6),
  (1549,1,'2014-09-22 00:00:00','5159-mpk-023003',50.0000,6),
  (1550,1,'2014-09-22 00:00:00','5160-mpk-023000',50.0000,5),
  (1551,1,'2014-09-22 00:00:00','5161-mpk023000',50.0000,5),
  (1552,1,'2014-09-25 00:00:00','5162-mpj889411',50.0000,5),
  (1553,1,'2014-09-25 00:00:00','5163--mpj-889412/293135',50.0000,6),
  (1554,1,'2014-09-25 00:00:00','5164-mpk-052022',50.0000,6),
  (1555,1,'2014-09-25 00:00:00','5165-no.14/2/25524-06968',50.0000,2),
  (1556,1,'2014-09-25 00:00:00','5165-no.01560/2172/14',50.0000,5),
  (1557,1,'2014-09-30 00:00:00','5167-no.mpj-897415/680512',50.0000,4),
  (1558,1,'2014-10-03 00:00:00','5168-mpj-889430293164',50.0000,6),
  (1559,1,'2014-10-06 00:00:00','5169-mpj-889419/293151',50.0000,6),
  (1560,1,'2014-10-06 00:00:00','5170.no.14/2/25522',50.0000,5),
  (1561,1,'2014-10-03 00:00:00','5171-NZ/2014/FRMM01/11993',50.0000,5),
  (1562,1,'2014-10-06 00:00:00','5172-MPJ-889418-889431',50.0000,5),
  (1563,1,'2014-10-07 00:00:00','5173-MPI-365978',50.0000,4),
  (1564,1,'2014-10-07 00:00:00','5174-NO.08650/34003/14',50.0000,4),
  (1565,1,'2014-10-14 00:00:00','5175-mpj680487',50.0000,12),
  (1566,1,'2014-10-14 00:00:00','5176-no.01398/1194/14',50.0000,12),
  (1567,1,'2014-10-20 00:00:00','5177-mpj-889439',50.0000,5),
  (1568,1,'2014-10-20 00:00:00','5178mpj-889438/293178',50.0000,6),
  (1569,1,'2014-10-22 00:00:00','5179-mpj-680542/680542/897525',50.0000,12),
  (1570,1,'2014-10-21 00:00:00','5190--mpj-960067',50.0000,4),
  (1571,1,'2014-10-21 00:00:00','5181-mpj-482799/147530',50.0000,4),
  (1572,1,'2014-10-23 00:00:00','5182-mpj-889447',50.0000,5),
  (1573,1,'2014-10-23 00:00:00','5183-889446/293189',50.0000,6),
  (1574,1,'2014-10-23 00:00:00','5184-mpk-055577',50.0000,4),
  (1575,1,'2014-10-27 00:00:00','5185-no.01032/2423/14',50.0000,4),
  (1576,1,'2014-10-28 00:00:00','5187-no;14/2/25525',50.0000,12),
  (1577,1,'2014-10-30 00:00:00','5188-680552-897566',50.0000,4),
  (1578,1,'2014-10-31 00:00:00','5189-mpj889486',50.0000,5),
  (1579,1,'2014-10-31 00:00:00','5190-mpj-889487-293208',50.0000,6),
  (1580,1,'2014-10-30 00:00:00','5191-no.09518/3403/14',50.0000,5),
  (1581,1,'2014-10-31 00:00:00','5192-no.14/2/37675',50.0000,5),
  (1582,1,'2014-11-04 00:00:00','5193-mpj-889500',50.0000,5),
  (1583,1,'2014-11-04 00:00:00','5194-mpj-889491-293225',50.0000,6),
  (1584,1,'2014-11-12 00:00:00','5195-mpj-894955',50.0000,4),
  (1585,1,'2014-11-12 00:00:00','5196-no.05831/811/14',50.0000,4),
  (1586,1,'2014-11-19 00:00:00','5197-no.14/2/37677',50.0000,4),
  (1587,1,'2014-11-19 00:00:00','5198-mpj-897717',50.0000,4),
  (1588,1,'2014-11-19 00:00:00','5199-no.00963/4202/14',50.0000,5),
  (1589,1,'2014-11-19 00:00:00','5200-mpj889522',50.0000,12),
  (1590,1,'2014-11-19 00:00:00','5301-889521',50.0000,6),
  (1591,1,'2014-11-26 00:00:00','5303-mpj-889486',50.0000,5),
  (1592,1,'2014-11-26 00:00:00','5304-mpj-889534',50.0000,5),
  (1593,1,'2014-11-26 00:00:00','5305-mpj-889487',50.0000,6),
  (1594,1,'2014-11-26 00:00:00','5306-mpj-889533/293207',50.0000,6),
  (1595,1,'2014-11-26 00:00:00','mpj889521/mpk116035',50.0000,6),
  (1596,1,'2014-11-28 00:00:00','5308-no.14/2/42265',50.0000,5),
  (1597,1,'2014-12-02 00:00:00','5309-mpj-960183',50.0000,4),
  (1598,1,'2014-12-04 00:00:00','5310-mpj-680636',50.0000,4),
  (1599,1,'2014-12-04 00:00:00','5311--7065213',50.0000,4),
  (1600,1,'2014-12-04 00:00:00','5312-mpj-889563',50.0000,5),
  (1601,1,'2014-12-04 00:00:00','5313-mpj-889554/293285',50.0000,6),
  (1602,1,'2014-12-12 00:00:00','5314-mpj-680653/986120',50.0000,4),
  (1603,1,'2014-12-17 00:00:00','5315-mpj-895173/mpk-121917',50.0000,4),
  (1604,1,'2014-12-17 00:00:00','5316-mpj-960225',50.0000,4),
  (1605,1,'2014-12-17 00:00:00','5317-mpj889587//293316/889587',50.0000,6),
  (1606,1,'2014-12-17 00:00:00','5318-mpj-889589',50.0000,5),
  (1607,1,'2014-12-22 00:00:00','5319-no.06444/811/14',50.0000,4),
  (1608,1,'2015-01-05 00:00:00','5320-mpj-680691/986246',50.0000,12),
  (1609,1,'2015-01-06 00:00:00','5321-mpj-889616',50.0000,5),
  (1610,1,'2015-01-06 00:00:00','5322-no06444/811/14',50.0000,5),
  (1611,1,'2015-01-06 00:00:00','5323-mpj-889611',50.0000,5),
  (1612,1,'2015-01-06 00:00:00','5324-mpj-889599',50.0000,5),
  (1613,1,'2015-01-06 00:00:00','5325-mpj889618/293349',50.0000,6),
  (1614,1,'2015-01-06 00:00:00','5326-mpj889601',50.0000,6),
  (1615,1,'2015-01-06 00:00:00','5327-mpj889612',50.0000,6),
  (1616,1,'2015-01-09 00:00:00','5328-mpj-986275',50.0000,4),
  (1617,1,'2015-01-09 00:00:00','5329-no.14/2/42267',50.0000,5),
  (1618,1,'2015-01-13 00:00:00','5330mpj889621',50.0000,6),
  (1619,1,'2015-01-13 00:00:00','5331-mpj889620',50.0000,5),
  (1620,1,'2015-01-14 00:00:00','5333-no.14/2/42228',50.0000,4),
  (1621,1,'2015-01-20 00:00:00','5334-no.08095',50.0000,4),
  (1622,1,'2015-01-20 00:00:00','5334-no:08095/1055/14',50.0000,4),
  (1623,1,'2015-01-29 00:00:00','5335-mpi-889631/293370',50.0000,6),
  (1624,1,'2015-01-29 00:00:00','5336/mpj-889628',50.0000,5),
  (1625,1,'2015-01-29 00:00:00','mpj5337-889642',50.0000,6),
  (1626,1,'2015-01-29 00:00:00','5338-mpi-889643',50.0000,5),
  (1627,1,'2015-02-03 00:00:00','mpk--004292',50.0000,4),
  (1628,1,'2015-02-04 00:00:00','5340-mph-889647',50.0000,5),
  (1629,1,'2015-02-04 00:00:00','mpj-293401/889648',50.0000,6),
  (1630,1,'2015-02-05 00:00:00','-mpj-986403',50.0000,4),
  (1631,1,'2015-02-12 00:00:00','5345-no.15/2/03053',50.0000,4),
  (1632,1,'2015-02-23 00:00:00','5346-mpk-004444',50.0000,4),
  (1633,1,'2015-02-23 00:00:00','5347-mpk-004418',50.0000,4),
  (1634,1,'2015-02-23 00:00:00','5348-mpj-680781/986499',50.0000,4),
  (1635,1,'2015-02-24 00:00:00','5349-mpj-889655',50.0000,4),
  (1636,1,'2015-02-24 00:00:00','5350-mpk-035490/mpj889662',50.0000,5),
  (1637,1,'2015-02-24 00:00:00','5001-mpj-889661-293431',50.0000,6),
  (1638,1,'2015-02-24 00:00:00','5002-mpj-889659-293416',50.0000,6),
  (1639,1,'2015-02-25 00:00:00','5003-mpk-004507//139396//198161',50.0000,12),
  (1640,1,'2015-02-25 00:00:00','5004-mpj-986561/680791/',50.0000,12),
  (1641,1,'2015-03-02 00:00:00','5006-NZL2014/OCEANEX1/3905',50.0000,5),
  (1642,1,'2015-03-03 00:00:00','5007-NO;00201/811/15',50.0000,4),
  (1643,1,'2015-02-25 00:00:00','5008-MPJ-889673',50.0000,6),
  (1644,1,'2015-02-25 00:00:00','5007-MPJ-889672',50.0000,5),
  (1645,1,'2015-02-26 00:00:00','5009-no.00199/00201/00201/811/15',50.0000,4),
  (1646,1,'2015-03-11 00:00:00','5011/mpj889691',50.0000,5),
  (1647,1,'2015-03-11 00:00:00','5012-mpj889683',50.0000,5),
  (1648,1,'2015-03-11 00:00:00','5013-mpj889682',50.0000,6),
  (1649,1,'2015-03-11 00:00:00','5014-mpy889690/971999',50.0000,6),
  (1650,1,'2015-03-11 00:00:00','5015-mpj986604-680818',50.0000,4),
  (1651,1,'2015-03-11 00:00:00','5016-no;15/2/06902/06995',50.0000,4),
  (1652,1,'2015-03-17 00:00:00','5017-no:15/2/06904',50.0000,12),
  (1653,1,'2015-03-18 00:00:00','5018-mpj-889695',50.0000,6),
  (1654,1,'2015-03-18 00:00:00','5019-mpj-889696',50.0000,5),
  (1655,1,'2015-03-18 00:00:00','5020-mpk-004645/mpi-365989',50.0000,4),
  (1656,1,'2015-03-18 00:00:00','5021-mpk-1499972-mpj-680842',50.0000,4),
  (1657,1,'2015-03-20 00:00:00','5022-/n0:00201/1194/15',50.0000,4),
  (1658,1,'2015-03-25 00:00:00','5023-mpk-150010-201806',50.0000,12),
  (1659,1,'2015-03-27 00:00:00','5024-mpk-285479',50.0000,4),
  (1660,1,'2015-03-27 00:00:00','5025-mpj-976290',50.0000,4),
  (1661,1,'2015-03-30 00:00:00','5026-no.00231/1194/15',50.0000,12),
  (1662,1,'2015-04-09 00:00:00','5028-7170425',50.0000,4),
  (1663,1,'2015-04-09 00:00:00','5029-00280/2172/15',50.0000,5),
  (1664,1,'2015-04-09 00:00:00','5030-no:15/2/06905',50.0000,5),
  (1665,1,'2015-04-10 00:00:00','5031-mpg889722',50.0000,5),
  (1666,1,'2015-04-10 00:00:00','5033-mpk285564',50.0000,6),
  (1667,1,'2015-04-10 00:00:00','5034-mpj889721/972057',50.0000,6),
  (1668,1,'2015-04-10 00:00:00','5035-mp-004810/038552',50.0000,4),
  (1669,1,'2015-04-10 00:00:00','5036',50.0000,4),
  (1670,1,'2015-04-14 00:00:00','5037-mpk-150116',50.0000,4),
  (1671,1,'2015-04-14 00:00:00','5038-mpk-004118',50.0000,4),
  (1672,1,'2015-04-17 00:00:00','5039-mpk301229',50.0000,6),
  (1673,1,'2015-04-17 00:00:00','5040-mpj-889732-972069',50.0000,6),
  (1674,1,'2015-04-17 00:00:00','5041-mpj-889731',50.0000,5),
  (1675,1,'2015-04-17 00:00:00','5042-no.15/2/10032',50.0000,5),
  (1676,1,'2015-04-21 00:00:00','5043-mpj-8889743',50.0000,5),
  (1677,1,'2015-04-21 00:00:00','5044-mpj889742-972083',50.0000,6),
  (1678,1,'2015-04-28 00:00:00','no.01187/1055/15',50.0000,4),
  (1679,1,'2015-04-28 00:00:00','5046-mpk145669',50.0000,4),
  (1680,1,'2015-05-05 00:00:00','5047-mpj-889755/972098',50.0000,6),
  (1681,1,'2015-05-05 00:00:00','5048-mpj889754',50.0000,5),
  (1682,1,'2015-05-05 00:00:00','5049-no;00321/1194/15',50.0000,5),
  (1683,1,'2015-05-06 00:00:00','5050-no:15/2/10033',50.0000,4),
  (1684,1,'2015-05-06 00:00:00','4951-no:00223/603/15',50.0000,4),
  (1685,1,'2015-05-07 00:00:00','4952-mpj-889770-889775',50.0000,6),
  (1686,1,'2015-05-07 00:00:00','4953-889769',50.0000,5),
  (1687,1,'2015-05-14 00:00:00','4954-mpk150377/201900/201904',50.0000,4),
  (1688,1,'2015-05-20 00:00:00','4955-mpk-145800',50.0000,4),
  (1689,1,'2015-05-20 00:00:00','4956-mpj889781',50.0000,5),
  (1690,1,'2015-05-21 00:00:00','4957-no:15/2/10034',50.0000,5),
  (1691,1,'2015-05-21 00:00:00','4956-mpj889791',50.0000,5),
  (1692,1,'2015-05-21 00:00:00','4959mpj889782',50.0000,6),
  (1693,1,'2015-05-21 00:00:00','4960-mpj-889790',50.0000,6),
  (1694,1,'2015-05-27 00:00:00','4961-mpj-889799',50.0000,5),
  (1695,1,'2015-05-27 00:00:00','4962-mpj889800/972151',50.0000,6),
  (1696,1,'2015-06-02 00:00:00','4963-no.03785/242/15',50.0000,4),
  (1697,1,'2015-05-28 00:00:00','4964-no;03785/2427/15',50.0000,4),
  (1698,1,'2015-06-02 00:00:00','4965-no;01/04554/15',50.0000,4),
  (1699,1,'2015-06-02 00:00:00','4966-mpk 291440',50.0000,4),
  (1700,1,'2015-06-02 00:00:00','4967-mpk-322315',50.0000,4),
  (1701,1,'2015-06-02 00:00:00','4968-mpk-201951/201949',50.0000,4),
  (1702,1,'2015-06-03 00:00:00','4969-mpj-889812',50.0000,5),
  (1703,1,'2015-06-10 00:00:00','4970-mpk-291807',50.0000,6),
  (1704,1,'2015-06-03 00:00:00','4971-mpj889811-972162',50.0000,6),
  (1705,1,'2015-06-10 00:00:00','4972-no.15/2/12090',50.0000,12),
  (1706,1,'2015-06-11 00:00:00','4973-mpk-322388',50.0000,12),
  (1707,1,'2015-06-11 00:00:00','4974-mpj889823-',50.0000,5),
  (1708,1,'2015-06-11 00:00:00','4975-mpj889821',50.0000,6),
  (1709,1,'2015-06-11 00:00:00','no.15/2/16942-12088',50.0000,4),
  (1710,1,'2015-06-17 00:00:00','4978-15/2/12089',50.0000,5),
  (1711,1,'2015-06-17 00:00:00','4979-mpj-889833',50.0000,5),
  (1712,1,'2015-06-17 00:00:00','4980-mpk-398131',50.0000,6),
  (1713,1,'2015-06-17 00:00:00','4981-mpj972197/889832',50.0000,6),
  (1714,1,'2015-06-23 00:00:00','4982-7266336',50.0000,4),
  (1715,1,'2015-06-25 00:00:00','4983-mpk-355182',50.0000,4),
  (1716,1,'2015-06-29 00:00:00','mpj-889839',50.0000,5),
  (1717,1,'2015-06-29 00:00:00','4985-mpj-889840',50.0000,6),
  (1718,1,'2015-06-29 00:00:00','4986-no.01540/554/115',50.0000,4),
  (1719,1,'2015-07-01 00:00:00','4987-mpk-150762',50.0000,4),
  (1720,1,'2015-07-01 00:00:00','4988-mpk-202019/27-150769',50.0000,4),
  (1721,1,'2015-07-01 00:00:00','4989-no.05437/2427/15',50.0000,4),
  (1722,1,'2015-07-08 00:00:00','4990-mpk-404636',50.0000,4),
  (1723,1,'2015-07-08 00:00:00','4991-mpk-150795',50.0000,4),
  (1724,1,'2015-07-09 00:00:00','4992-mpk-202041/150815/202049',50.0000,12),
  (1725,1,'2015-07-15 00:00:00','4994-mpj-889864',50.0000,5),
  (1726,1,'2015-07-15 00:00:00','4995-mpj-889857/972233',50.0000,6),
  (1727,1,'2015-07-29 00:00:00','4996-no.06386/2427//15',50.0000,4),
  (1728,1,'2015-06-29 00:00:00','4997-no.06390-06390-91-95/2427/15',50.0000,4),
  (1729,1,'2015-07-30 00:00:00','4998-mpj-889885',50.0000,6),
  (1730,1,'2015-07-30 00:00:00','4999-mpj-889867/972249',50.0000,6),
  (1731,1,'2015-07-30 00:00:00','5000-mpj-889873-972264',50.0000,6),
  (1732,1,'2015-07-30 00:00:00','5101-889879',50.0000,5),
  (1733,1,'2015-07-30 00:00:00','5102-mpk080248/889883',50.0000,5),
  (1734,1,'2015-07-30 00:00:00','5103-mpj-889868',50.0000,5),
  (1735,1,'2015-07-06 00:00:00','5104-mpk-150952-202111',50.0000,4),
  (1736,1,'2015-07-08 00:00:00','5105-mpk150952',50.0000,4),
  (1737,1,'2015-08-06 00:00:00','5106-no.15/2/16421-24443',50.0000,4),
  (1738,1,'2015-07-15 00:00:00','4993-no.15/2/16419',50.0000,5),
  (1739,1,'2015-08-12 00:00:00','5107-no.15/2/23811',50.0000,5),
  (1740,1,'2015-08-13 00:00:00','5108-mpj-889888/972288',50.0000,6),
  (1741,1,'2015-08-13 00:00:00','5109-889889',50.0000,5),
  (1742,1,'2015-08-13 00:00:00','5110-mpj-889898',50.0000,5),
  (1743,1,'2015-08-13 00:00:00','5111-mpj-889899/972302',50.0000,6),
  (1744,1,'2015-08-25 00:00:00','5112-mpk322686',50.0000,4),
  (1745,1,'2015-09-25 00:00:00','5113-no.02351/1055/15',50.0000,4),
  (1746,1,'2015-09-25 00:00:00','5114-mpj-889909',50.0000,5),
  (1747,1,'2015-08-26 00:00:00','5115-mpj889924',50.0000,5),
  (1748,1,'2015-08-26 00:00:00','5116-mpj-889908',50.0000,6),
  (1749,1,'2015-09-25 00:00:00','5117-889923',50.0000,6),
  (1750,1,'2015-09-25 00:00:00','5118-no.15/2/23812',50.0000,4),
  (1751,1,'2015-09-25 00:00:00','5119-mpk-151037',50.0000,4),
  (1752,1,'2015-08-26 00:00:00','5120-mpk-202162',50.0000,4),
  (1753,1,'2015-08-26 00:00:00','5121-no.02140/1055/15',50.0000,5),
  (1754,1,'2015-09-25 00:00:00','5122-no.01902/1055/15',50.0000,5),
  (1755,1,'2015-09-25 00:00:00','5123-nzl2015/frmm01/13561',50.0000,5),
  (1756,1,'2015-09-25 00:00:00','5124/no.06778/3430/15',50.0000,4),
  (1757,1,'2015-09-09 00:00:00','5125-mpk-202193',50.0000,4),
  (1758,1,'2015-09-15 00:00:00','5127-mpk-15168',50.0000,4),
  (1759,1,'2015-09-25 00:00:00','5126-mpk-462704',50.0000,4),
  (1760,1,'2015-09-15 00:00:00','5129-mpj-889937',50.0000,6),
  (1761,1,'2015-09-15 00:00:00','5130-mpj-889928',50.0000,5),
  (1762,1,'2015-08-17 00:00:00','5131-/no.02576/1055/15',50.0000,5),
  (1763,1,'2015-09-17 00:00:00','5132-mpj-889938',50.0000,5),
  (1764,1,'2015-09-17 00:00:00','5133-mpj-889929',50.0000,6),
  (1765,1,'2015-09-17 00:00:00','5134-mpj-889949',50.0000,5),
  (1766,1,'2015-09-17 00:00:00','5135-889948',50.0000,6),
  (1767,1,'2015-09-22 00:00:00','5136-322047-455993',50.0000,4),
  (1768,1,'2015-09-23 00:00:00','5138-mpj-889957-972382',50.0000,6),
  (1769,1,'2015-09-23 00:00:00','5139-mpj-889561-',50.0000,5),
  (1770,1,'2015-09-29 00:00:00','5142-no.07482/3403/15',50.0000,4),
  (1771,1,'2015-10-01 00:00:00','5143-mpk-123828',50.0000,3),
  (1772,1,'2015-10-01 00:00:00','5145-no.01711/2172/15',50.0000,12),
  (1773,1,'2015-10-02 00:00:00','5146-no.15/2/27198',50.0000,4),
  (1774,1,'2015-10-02 00:00:00','5147-no;15/2/27202',50.0000,3),
  (1775,1,'2015-10-02 00:00:00','3150-no.15/2/2702',50.0000,5),
  (1776,1,'2015-10-02 00:00:00','5150-mpj889965',50.0000,5),
  (1777,1,'2015-10-02 00:00:00','5201-mpj889966',50.0000,6),
  (1778,1,'2015-10-02 00:00:00','5202;no15/2/27199',50.0000,12),
  (1779,1,'2015-10-06 00:00:00','5204-mpj839924-840638',50.0000,4),
  (1780,1,'2015-10-06 00:00:00','5205-mpk-123834',50.0000,4),
  (1781,1,'2015-09-23 00:00:00','5140-mpk-437871/403615/mpj-842760',50.0000,11),
  (1782,1,'2015-10-08 00:00:00','5208-no.04040/811/15',50.0000,4),
  (1783,1,'2015-10-08 00:00:00','5211-mpk-202267',50.0000,4),
  (1784,1,'2015-11-02 00:00:00','5212-mpj840638',50.0000,4),
  (1785,1,'2015-10-14 00:00:00','5213-mpj-889985',50.0000,6),
  (1786,1,'2015-10-14 00:00:00','5214-mpj-889975',50.0000,6),
  (1787,1,'2015-10-14 00:00:00','5215-mpj-889984',50.0000,5),
  (1788,1,'2015-10-14 00:00:00','5216-889974',50.0000,5),
  (1789,1,'2015-10-14 00:00:00','5217-mpk513248',50.0000,6),
  (1790,1,'2015-10-21 00:00:00','5218--no:10401/242/15',50.0000,11),
  (1791,1,'2015-11-02 00:00:00','5219-mpj-889993',50.0000,6),
  (1792,1,'2015-11-02 00:00:00','5220-mpj-889994',50.0000,5),
  (1793,1,'2015-10-27 00:00:00','5221-mpk-428524-202307',50.0000,4),
  (1794,1,'2015-11-03 00:00:00','5223-mpk437998-355272-150609-403760',50.0000,11),
  (1795,1,'2015-11-03 00:00:00','5224-no;15/2/2701-36389',50.0000,4),
  (1796,1,'2015-11-03 00:00:00','5225-mpk-357651',50.0000,4),
  (1797,1,'2015-11-03 00:00:00','55526-no.7411305',50.0000,4),
  (1798,1,'2015-11-03 00:00:00','5227-mpk322053-842959',50.0000,4),
  (1799,1,'2015-11-03 00:00:00','5226-mpk428584-202320',50.0000,12),
  (1800,1,'2015-11-10 00:00:00','5232-mpk-403448',50.0000,4),
  (1801,1,'2015-11-10 00:00:00','5233-mpk-428651-202336',50.0000,4),
  (1802,1,'2015-11-11 00:00:00','5234-mpk-540949',50.0000,5),
  (1803,1,'2015-11-11 00:00:00','5235-mpk-540948',50.0000,6),
  (1804,1,'2015-11-11 00:00:00','5236-mpk540978',50.0000,5),
  (1805,1,'2015-11-11 00:00:00','5237-no15/2/35542',50.0000,5),
  (1806,1,'2015-11-12 00:00:00','5238-mpk-540929',50.0000,6),
  (1807,1,'2015-11-12 00:00:00','5239-mpk-540941',50.0000,6),
  (1808,1,'2015-11-18 00:00:00','5229-540962',50.0000,5),
  (1809,1,'2015-11-18 00:00:00','5231-no.03448/1001/15',50.0000,5),
  (1810,1,'2015-11-18 00:00:00','5241-mpk-540961',50.0000,6),
  (1811,1,'2015-11-24 00:00:00','5243-mpk-403845-123492-438055',50.0000,11),
  (1812,1,'2015-11-25 00:00:00','5244-202361-428735/234',50.0000,4),
  (1813,1,'2015-11-25 00:00:00','5245-no;15/2/35545',50.0000,3),
  (1814,1,'2015-11-25 00:00:00','5246-no;15/2/31680',50.0000,2),
  (1815,1,'2015-11-25 00:00:00','5247-mpk254024',50.0000,4),
  (1816,1,'2015-11-25 00:00:00','5249-mpk540965',50.0000,5),
  (1817,1,'2015-11-25 00:00:00','5250-mpk-537382',50.0000,6),
  (1818,1,'2015-11-26 00:00:00','5452-no.11979/242/15',50.0000,4),
  (1819,1,'2015-11-26 00:00:00','5453-no.15/2/35543',50.0000,4),
  (1820,1,'2015-12-02 00:00:00','5454-mpk-344668-541280-366001-254133',50.0000,12),
  (1821,1,'2015-12-03 00:00:00','5455-493130',50.0000,4),
  (1822,1,'2015-12-03 00:00:00','5456-mpk-493130',50.0000,4),
  (1823,1,'2015-12-03 00:00:00','5457-mpk-123986',50.0000,3),
  (1824,1,'2015-12-11 00:00:00','5141',50.0000,15),
  (1825,1,'2015-10-02 00:00:00','5148-mpk-505957',50.0000,15),
  (1826,1,'2015-10-08 00:00:00','5209mpk-505975',50.0000,15),
  (1827,1,'2015-10-30 00:00:00','5222+mpk505988',50.0000,15),
  (1828,1,'2015-12-11 00:00:00','5230-MPK-505988',50.0000,15),
  (1829,1,'2015-11-13 00:00:00','5240-MPJ-148815',50.0000,15),
  (1830,1,'2015-12-11 00:00:00','5242-MPK506047',50.0000,15),
  (1831,1,'2015-10-16 00:00:00','5451-mpk-506199',50.0000,15),
  (1832,1,'2015-12-04 00:00:00','5458-mpj148840',50.0000,15),
  (1833,1,'2015-12-08 00:00:00','5459-mpk424845',50.0000,16),
  (1834,1,'2015-12-11 00:00:00','5460-mpk424771-424837',50.0000,16),
  (1835,1,'2015-12-08 00:00:00','5461-no137460',50.0000,17),
  (1836,1,'2015-12-08 00:00:00','5462-493145',50.0000,4),
  (1837,1,'2015-12-09 00:00:00','5463-mpk-505586',50.0000,15),
  (1838,1,'2015-12-10 00:00:00','5464-540984',50.0000,5),
  (1839,1,'2015-12-10 00:00:00','5465-mpk540979',50.0000,5),
  (1840,1,'2015-12-10 00:00:00','5466-mpk540985-103195',50.0000,6),
  (1841,1,'2015-12-10 00:00:00','5467+mpk540978',50.0000,6),
  (1842,1,'2015-12-11 00:00:00','5468-no.15/2/35546',50.0000,5),
  (1843,1,'2015-12-14 00:00:00','5470-no;12933/2427/15',50.0000,11),
  (1844,1,'2015-12-14 00:00:00','5471-mpk-254473-438112/403947',50.0000,11),
  (1845,1,'2015-12-15 00:00:00','5472-no;12735/2427/15',50.0000,4),
  (1846,1,'2015-12-15 00:00:00','5473-mpk-322061',50.0000,4),
  (1847,1,'2015-12-15 00:00:00','5474-mpk493157-428878',50.0000,4),
  (1848,1,'2015-12-22 00:00:00','5477',50.0000,18),
  (1849,1,'2015-12-22 00:00:00','mpk-50412750411',50.0000,15),
  (1850,1,'2015-12-28 00:00:00','mpj-940328-mpk-080746-435155',50.0000,11),
  (1851,1,'2015-12-29 00:00:00','5480-mpk493195-429000',50.0000,4),
  (1852,1,'2016-01-29 00:00:00','5481-mpk-323410',50.0000,4),
  (1853,1,'2015-12-29 00:00:00','no.13635-2427/1513633/2127/15-13632',50.0000,4),
  (1854,1,'2016-01-29 00:00:00','5483-mpk505401-mpj148917',50.0000,15),
  (1855,1,'2016-01-29 00:00:00','5485-no.10923/3403/15',50.0000,12),
  (1856,1,'2016-01-29 00:00:00','mpk-540997',50.0000,5),
  (1857,1,'2015-12-29 00:00:00','5487-mpk540996-mpk103203-580978',50.0000,6),
  (1858,1,'2016-01-04 00:00:00','5488-mpk-505422',50.0000,15),
  (1859,1,'2016-01-07 00:00:00','no.15/2/38933',50.0000,4),
  (1860,1,'2015-12-07 00:00:00','5490-no.02632/2172/15',50.0000,4),
  (1861,1,'2016-01-07 00:00:00','5491-mpk-541016',50.0000,5),
  (1862,1,'2016-01-07 00:00:00','5492-mpk-241022',50.0000,5),
  (1863,1,'2016-01-07 00:00:00','5493-mpk-541017102235',50.0000,6),
  (1864,1,'2016-01-07 00:00:00','5494-mpk-541021-103247',50.0000,6),
  (1865,1,'2016-01-07 00:00:00','5495-no.15/2/46645',50.0000,2),
  (1866,1,'2016-01-11 00:00:00','5496-no15/2/38934',50.0000,5),
  (1867,1,'2016-01-12 00:00:00','5497-no.7492461',50.0000,4),
  (1868,1,'2016-01-14 00:00:00','5498-no.13649/2427/15',50.0000,5),
  (1869,1,'2016-01-14 00:00:00','5499-nzl2015/oceanex1/4089',50.0000,5),
  (1870,1,'2016-01-15 00:00:00','5500-mpk-505818-505814',50.0000,15),
  (1871,1,'2016-01-15 00:00:00','55015-mpk505788-mpj-148939',50.0000,15),
  (1872,1,'2016-01-18 00:00:00','5502-mpj-148954',50.0000,4),
  (1873,1,'2016-01-18 00:00:00','5503-mpk-505788-mpj148938',50.0000,4),
  (1874,1,'2016-01-19 00:00:00','5504-mpk438199-438200-mpj726555',50.0000,11),
  (1875,1,'2016-01-20 00:00:00','5505-mpk493218-429134',50.0000,12),
  (1876,1,'2016-01-20 00:00:00','5506-mpk54032',50.0000,5),
  (1877,1,'2016-01-20 00:00:00','5507-mpk-541033',50.0000,6),
  (1878,1,'2016-01-20 00:00:00','5508-no.014314430/15',50.0000,4),
  (1879,1,'2015-12-25 00:00:00','5509-mpk493245-429214',50.0000,4),
  (1880,1,'2016-01-27 00:00:00','5510-mpk-541046',50.0000,5),
  (1881,1,'2016-01-27 00:00:00','5511-mpk-541040-103286-103281',50.0000,6),
  (1882,1,'2016-02-01 00:00:00','5512-mpk493259-429271',50.0000,4),
  (1883,1,'2016-02-01 00:00:00','5512-mpk493259-429271',50.0000,4),
  (1884,1,'2016-02-02 00:00:00','5513-mpk438256-652139-305629',50.0000,11),
  (1885,1,'2016-02-02 00:00:00','5514-mpk493252-429266-652227',50.0000,4),
  (1886,1,'2016-02-03 00:00:00','5515-mpk541048',50.0000,5),
  (1887,1,'2016-02-03 00:00:00','5516-677808',50.0000,6),
  (1888,1,'2016-02-03 00:00:00','5517--no.15/2/46646-380935',50.0000,2),
  (1889,1,'2016-02-03 00:00:00','5518-mpk5411049',50.0000,6),
  (1890,1,'2016-02-03 00:00:00','5519--no.16/2/00456',50.0000,4),
  (1891,1,'2016-02-05 00:00:00','5520-no.16/2/00459',50.0000,5),
  (1892,1,'2016-02-09 00:00:00','5523-mpk-505836',50.0000,15),
  (1893,1,'2016-02-09 00:00:00','5524-mpj-149001',50.0000,15),
  (1894,1,'2016-02-09 00:00:00','5525-mpj-518881',50.0000,5),
  (1895,1,'2016-02-09 00:00:00','5526-mpj-518883/103313',50.0000,6),
  (1896,1,'2016-02-12 00:00:00','5527-mpk-354604',50.0000,15),
  (1897,1,'2016-02-16 00:00:00','5529-mpj726911-mpk322988',50.0000,4),
  (1898,1,'2016-02-16 00:00:00','5530',50.0000,5),
  (1899,1,'2016-02-16 00:00:00','5531-mpj-518892-mpk103331',50.0000,6),
  (1900,1,'2016-02-24 00:00:00','5528-mpk-429466-493293',50.0000,12),
  (1901,1,'2016-02-24 00:00:00','5533-mpk-429486',50.0000,4),
  (1902,1,'2016-02-24 00:00:00','5534-mpk-305415',50.0000,4),
  (1903,1,'2016-02-24 00:00:00','5535',50.0000,6),
  (1904,1,'2016-02-24 00:00:00','5536-mpj518897',50.0000,5),
  (1905,1,'2016-03-02 00:00:00','5537-mpk354639',50.0000,15),
  (1906,1,'2016-03-02 00:00:00','5538-mpk-190462/190463/843319',50.0000,11),
  (1907,1,'2016-03-02 00:00:00','5539-no.16/2/00461',50.0000,3),
  (1908,1,'2016-03-02 00:00:00','5540-mpj-518908',50.0000,5),
  (1909,1,'2016-03-02 00:00:00','mpj-518907',50.0000,6),
  (1910,1,'2016-03-02 00:00:00','mpk305449',50.0000,3),
  (1911,1,'2016-03-02 00:00:00','5543-mpj843420/mpk305008',50.0000,3),
  (1912,1,'2016-03-02 00:00:00','5544-mpk-653990-323048',50.0000,4),
  (1913,1,'2016-03-02 00:00:00','5545-no.16/2/00460',50.0000,4),
  (1914,1,'2016-03-07 00:00:00','5547-no.00369/3403/16',50.0000,5),
  (1915,1,'2016-03-08 00:00:00','5548-mpk-323052',50.0000,4),
  (1916,1,'2016-03-08 00:00:00','5549-mpk202384/703084',50.0000,4),
  (1917,1,'2016-03-09 00:00:00','5550-mpj-518920',50.0000,5),
  (1918,1,'2016-03-10 00:00:00','5551-mpk103377mpj-518919',50.0000,6),
  (1919,1,'2016-03-14 00:00:00','5552/mpj-149001/mpk-354660',50.0000,15),
  (1920,1,'2016-03-14 00:00:00','mpk-354679-mpj-149072',50.0000,15),
  (1921,1,'2016-03-15 00:00:00','5554-273452',50.0000,4),
  (1922,1,'2016-03-15 00:00:00','663247-5555',50.0000,15),
  (1923,1,'2016-03-15 00:00:00','no.00839/811/16',50.0000,4),
  (1924,1,'2016-03-21 00:00:00','5557/mpk-190536/mpk637816/-637800-',50.0000,11),
  (1925,1,'2016-03-22 00:00:00','5558-mpj518931/mpk-103389',50.0000,6),
  (1926,1,'2016-03-22 00:00:00','5559-mpj-518932',50.0000,5),
  (1927,1,'2016-03-22 00:00:00','5560-mpj518944-mpk103406',50.0000,6),
  (1928,1,'2016-03-22 00:00:00','5561-mpk-733125',50.0000,6),
  (1929,1,'2016-03-22 00:00:00','5562-no.00121/4430/16',50.0000,4),
  (1930,1,'2016-03-23 00:00:00','5563-no.7574668',50.0000,4),
  (1931,1,'2016-03-24 00:00:00','5564-mpj-149100-mpk354510-mpj14082',50.0000,15),
  (1932,1,'2016-03-23 00:00:00','5565-nzl2016/frmm01/14551',50.0000,5),
  (1933,1,'2016-02-24 00:00:00','5566-mpj-518943',50.0000,5),
  (1934,1,'2016-03-30 00:00:00','5567-no16/2/06469',50.0000,2),
  (1935,1,'2016-03-30 00:00:00','5568-mpj-518953',50.0000,5),
  (1936,1,'2016-03-30 00:00:00','5569-mpj-518954/mpk-103418',50.0000,6),
  (1937,1,'2016-04-05 00:00:00','5573-mpk-703337-493337',50.0000,4),
  (1938,1,'2016-04-05 00:00:00','5572',50.0000,15),
  (1939,1,'2016-04-01 00:00:00','5570-no;16/2/06473/06468',50.0000,4),
  (1940,1,'2016-03-01 00:00:00','5571-no;1/2/00462',50.0000,4),
  (1941,1,'2007-04-06 00:00:00','5574mpj-518964',50.0000,5),
  (1942,1,'2007-08-21 00:00:00','5576-mpj-518965/mpk103432',50.0000,6),
  (1943,1,'2007-04-11 00:00:00','5577-mpk540171',50.0000,4),
  (1944,1,'2007-04-12 00:00:00','5579-mpk-463690-354573',50.0000,15),
  (1945,1,'2007-04-12 00:00:00','5580-mpk-354542',50.0000,15),
  (1946,1,'2007-04-12 00:00:00','5581',50.0000,15),
  (1947,1,'2007-04-12 00:00:00','5582-no.00470/100/16',50.0000,5),
  (1948,1,'2007-04-12 00:00:00','5583-mpj-518968',50.0000,5),
  (1949,1,'2007-04-04 00:00:00','5584-mpk-103442/mpj518967',50.0000,6),
  (1950,1,'2016-04-18 00:00:00','5578-mpk-19036-081034-7411123',50.0000,11),
  (1951,1,'2016-04-21 00:00:00','mpk-703477/493379',50.0000,12),
  (1952,1,'2016-04-20 00:00:00','5586-mpj-519077',50.0000,5),
  (1953,1,'2016-04-20 00:00:00','5587-mpj-519078/mpk-103452',50.0000,6),
  (1954,1,'2016-04-25 00:00:00','5589-mpj149152/mpk649337',50.0000,15),
  (1955,1,'2016-04-25 00:00:00','mpj149152',50.0000,15),
  (1956,1,'2016-04-25 00:00:00','5591-mpk-587709/503178',50.0000,19),
  (1957,1,'2016-04-25 00:00:00','5592-mpk-540264/731895/637956/637956',50.0000,11),
  (1958,1,'2016-04-27 00:00:00','5593-mpj-519098',50.0000,5),
  (1959,1,'2016-04-25 00:00:00','5594-mpj519097/103466',50.0000,6),
  (1960,1,'2016-04-29 00:00:00','no.00778/1001/16',50.0000,4),
  (1961,1,'2016-04-29 00:00:00','5596-no.00797/1001/16',50.0000,4),
  (1962,1,'2016-03-29 00:00:00','5597-mpk-703604-605/493412',50.0000,4),
  (1963,1,'2016-05-03 00:00:00','5598-mpk540308',50.0000,4),
  (1964,1,'2016-05-03 00:00:00','5599mpj-842999-mpk-773533',50.0000,14),
  (1965,1,'2016-05-03 00:00:00','5600-mpk-653293',50.0000,20),
  (1966,1,'2016-05-23 00:00:00','5601-mpj-519112',50.0000,5),
  (1967,1,'2016-05-23 00:00:00','5602-mpj519101/mpk-103479',50.0000,6),
  (1968,1,'2016-04-05 00:00:00','5603-no.16/2/06475',50.0000,4),
  (1969,1,'2016-05-05 00:00:00','5604-no.16/2/06476/06470',50.0000,2),
  (1970,1,'2016-05-09 00:00:00','5605-mpk-731920',50.0000,4),
  (1971,1,'2016-05-09 00:00:00','5606-mpj-843026',50.0000,14),
  (1972,1,'2016-05-10 00:00:00','5607-mpk-649369/463861',50.0000,15),
  (1973,1,'2016-05-12 00:00:00','5608-no.00096/4202/16',50.0000,4),
  (1974,1,'2016-05-13 00:00:00','5610-mpkk-773760/mpj-843031',50.0000,14),
  (1975,1,'2016-05-17 00:00:00','5611-mpk-703671',50.0000,4),
  (1976,1,'2016-05-17 00:00:00','5612-mpk-540379',50.0000,4),
  (1977,1,'2016-05-17 00:00:00','5613-mpk-464773',50.0000,14),
  (1978,1,'2016-05-18 00:00:00','5614-no.00825/100/16',50.0000,5),
  (1979,1,'2016-04-18 00:00:00','5615-mpj-519119',50.0000,5),
  (1980,1,'2016-05-18 00:00:00','5616-mpj519120-mpk-103502',50.0000,6),
  (1981,1,'2016-05-18 00:00:00','no.;16/2/06477',50.0000,5),
  (1982,1,'2016-05-18 00:00:00','5618-mpj-519119',50.0000,5),
  (1983,1,'2016-05-18 00:00:00','5619-mpj-519114/mpk-103488',50.0000,6),
  (1984,1,'2016-05-23 00:00:00','5621-mpj-843041/mpk-865074',50.0000,14),
  (1985,1,'2016-05-18 00:00:00','5620-mpk-463909/649259',50.0000,15),
  (1986,1,'2016-05-24 00:00:00','5622-mpk-540421/190635/634950/653881',50.0000,11),
  (1987,1,'2016-05-25 00:00:00','5623-mpj-519128/mpk-103518',50.0000,6),
  (1988,1,'2016-05-25 00:00:00','5624-mpj519127',50.0000,5),
  (1989,1,'2016-05-25 00:00:00','5626mpk464406',50.0000,15),
  (1990,1,'2016-05-23 00:00:00','mpk649065',50.0000,15),
  (1991,1,'2016-05-27 00:00:00','5628-mpk-825224/mpj-843047',50.0000,14),
  (1992,1,'2016-05-31 00:00:00','5629-mpk-540560/264',50.0000,4),
  (1993,1,'2016-06-01 00:00:00','5630-mpk-825228',50.0000,6),
  (1994,1,'2016-06-01 00:00:00','5631-mpj-519134',50.0000,5),
  (1995,1,'2016-06-01 00:00:00','5632-mpj-519135/mpk-103532',50.0000,6),
  (1996,1,'2016-06-02 00:00:00','5633-no.16/2/6471-14307',50.0000,2),
  (1997,1,'2016-06-03 00:00:00','5635-mpk-825294/mpj-842653',50.0000,14),
  (1998,1,'2016-06-06 00:00:00','5636-mpk-493474/703826',50.0000,4),
  (1999,1,'2016-06-07 00:00:00','5637-mpk540613/421',50.0000,4),
  (2000,1,'2016-06-08 00:00:00','5638-mpj519142',50.0000,5),
  (2001,1,'2016-06-08 00:00:00','5639-mpj519141',50.0000,6),
  (2002,1,'2016-06-10 00:00:00','5640-mpj-842656-825396',50.0000,14),
  (2024,1,'2017-02-26 00:00:00','8888888',888.0000,10),
  (2025,1,'2017-02-26 00:00:00','666',666.0000,10),
  (2026,1,'2017-02-26 00:00:00','1111',1111.0000,10),
  (2027,1,'2017-02-26 00:00:00','2222',2222.0000,10),
  (2030,1,'2017-02-26 00:00:00','5555',4444.0000,10),
  (2031,1,'2017-03-09 00:00:00','123',333.0000,1),
  (2033,2,'2017-03-12 00:00:00','exp 2',1000.0000,19),
  (2035,2,'2017-03-11 00:00:00','exp 222',3000.0000,20),
  (2036,2,'2017-07-08 00:00:00','2345',4567.0000,19);
COMMIT;

/* Data for the `tbltradeproductsdetails` table  (LIMIT 0,500) */

INSERT INTO `tbltradeproductsdetails` (`recn`, `commodityRecn`, `dateOfTrade`, `weightInKG`, `country`, `tradeProductRecn`, `consignee_of_sender`, `consignee_of_receiver`) VALUES
  (2,1,'2008-08-22 00:00:00',17564,23,1,'John doe','Marie Jane'),
  (3,2,'2008-08-22 00:00:00',1174,23,1,NULL,NULL),
  (7,2,'2008-08-22 00:00:00',1000,24,3,NULL,NULL),
  (9,1,'2008-08-22 00:00:00',5060,24,5,NULL,NULL),
  (10,2,'2008-08-22 00:00:00',1508,24,6,NULL,NULL),
  (11,3,'2008-08-21 00:00:00',12630,25,7,NULL,NULL),
  (12,2,'2008-08-18 00:00:00',1500,24,8,NULL,NULL),
  (13,1,'2008-08-18 00:00:00',2700,24,9,NULL,NULL),
  (14,2,'2008-08-18 00:00:00',2160,24,10,NULL,NULL),
  (15,2,'2008-07-01 00:00:00',482,23,11,NULL,NULL),
  (16,1,'2008-07-01 00:00:00',7402,23,11,NULL,NULL),
  (18,1,'2008-07-01 00:00:00',2603,23,12,NULL,NULL),
  (19,1,'2008-07-01 00:00:00',19705,23,13,NULL,NULL),
  (20,2,'2008-07-01 00:00:00',109,23,13,NULL,NULL),
  (21,4,'2008-09-01 00:00:00',309,33,15,NULL,NULL),
  (22,1,'2008-10-01 00:00:00',590,24,16,NULL,NULL),
  (23,2,'2008-10-01 00:00:00',1854,24,16,NULL,NULL),
  (24,3,'2008-11-01 00:00:00',12376,25,17,NULL,NULL),
  (25,4,'2008-11-01 00:00:00',2932,25,17,NULL,NULL),
  (26,1,'2008-11-01 00:00:00',20909,23,18,NULL,NULL),
  (27,2,'2008-01-14 00:00:00',7250,24,19,NULL,NULL),
  (28,1,'2008-01-14 00:00:00',6870,24,19,NULL,NULL),
  (29,2,'2008-01-15 00:00:00',1818,24,20,NULL,NULL),
  (30,1,'2008-01-16 00:00:00',4320,24,21,NULL,NULL),
  (32,2,'2008-02-25 00:00:00',682,23,23,NULL,NULL),
  (33,1,'2008-02-25 00:00:00',19718,23,23,NULL,NULL),
  (34,2,'2008-01-21 00:00:00',209,23,24,NULL,NULL),
  (35,1,'2008-01-21 00:00:00',266,23,24,NULL,NULL),
  (36,3,'2008-01-21 00:00:00',25,23,24,NULL,NULL),
  (37,1,'2008-01-23 00:00:00',14850,23,25,NULL,NULL),
  (38,1,'2008-01-23 00:00:00',3593,23,25,NULL,NULL),
  (39,2,'2008-01-23 00:00:00',732,23,25,NULL,NULL),
  (40,2,'2008-01-23 00:00:00',451,23,26,NULL,NULL),
  (41,1,'2008-01-23 00:00:00',15086,23,26,NULL,NULL),
  (42,5,'2008-01-23 00:00:00',3840,23,27,NULL,NULL),
  (43,1,'2008-01-23 00:00:00',1623,23,28,NULL,NULL),
  (44,1,'2008-01-23 00:00:00',11199,23,29,NULL,NULL),
  (45,2,'2008-01-23 00:00:00',777,23,29,NULL,NULL),
  (46,1,'2008-01-23 00:00:00',11038,23,29,NULL,NULL),
  (47,1,'2008-01-23 00:00:00',1182,23,29,NULL,NULL),
  (48,1,'2008-01-24 00:00:00',9379,23,30,NULL,NULL),
  (49,1,'2008-01-28 00:00:00',18624,23,31,NULL,NULL),
  (50,1,'2008-01-29 00:00:00',16971,23,32,NULL,NULL),
  (51,2,'2008-01-29 00:00:00',1378,23,32,NULL,NULL),
  (52,1,'2008-01-29 00:00:00',3140,23,32,NULL,NULL),
  (53,1,'2008-01-31 00:00:00',1564,23,33,NULL,NULL),
  (54,1,'2008-04-02 00:00:00',24201,23,34,NULL,NULL),
  (55,1,'2008-05-02 00:00:00',7000,24,36,NULL,NULL),
  (56,2,'2008-05-02 00:00:00',4309,24,36,NULL,NULL),
  (57,1,'2008-05-02 00:00:00',3000,24,37,NULL,NULL),
  (58,1,'2008-05-02 00:00:00',10820,24,38,NULL,NULL),
  (59,2,'2008-05-02 00:00:00',45932,24,38,NULL,NULL),
  (60,1,'2008-05-02 00:00:00',1564,23,39,NULL,NULL),
  (61,5,'2008-06-02 00:00:00',12954,23,40,NULL,NULL),
  (62,5,'2008-05-02 00:00:00',2975,23,41,NULL,NULL),
  (63,4,'2008-07-02 00:00:00',1523,23,42,NULL,NULL),
  (64,2,'2008-07-02 00:00:00',2800,24,43,NULL,NULL),
  (65,1,'2008-07-02 00:00:00',540,24,43,NULL,NULL),
  (66,1,'2008-08-02 00:00:00',7800,24,44,NULL,NULL),
  (67,2,'2008-08-02 00:00:00',1853,24,44,NULL,NULL),
  (68,1,'2008-08-02 00:00:00',29000,34,45,NULL,NULL),
  (69,4,'2008-11-02 00:00:00',286,23,46,NULL,NULL),
  (70,3,'2008-11-02 00:00:00',49,23,47,NULL,NULL),
  (71,1,'2008-11-02 00:00:00',278,23,47,NULL,NULL),
  (72,2,'2008-11-02 00:00:00',376,23,47,NULL,NULL),
  (73,5,'2008-11-02 00:00:00',454,23,48,NULL,NULL),
  (76,5,'2008-02-14 00:00:00',4819,23,49,NULL,NULL),
  (77,1,'2008-02-14 00:00:00',5046,23,50,NULL,NULL),
  (78,1,'2008-02-14 00:00:00',22447,23,51,NULL,NULL),
  (79,1,'2008-02-15 00:00:00',23722,34,52,NULL,NULL),
  (80,1,'2008-02-15 00:00:00',23675,23,53,NULL,NULL),
  (81,4,'2008-02-18 00:00:00',402,23,54,NULL,NULL),
  (82,1,'2008-02-19 00:00:00',1989,23,55,NULL,NULL),
  (83,4,'2008-02-19 00:00:00',295,23,55,NULL,NULL),
  (84,6,'2008-02-19 00:00:00',161,23,55,NULL,NULL),
  (85,1,'2008-02-19 00:00:00',3636,23,56,NULL,NULL),
  (86,5,'2008-02-19 00:00:00',15098,23,56,NULL,NULL),
  (87,1,'2008-02-22 00:00:00',23182,23,57,NULL,NULL),
  (88,2,'2008-02-22 00:00:00',1079,23,57,NULL,NULL),
  (89,1,'2008-02-27 00:00:00',7999,23,58,NULL,NULL),
  (90,2,'2008-02-27 00:00:00',310,23,59,NULL,NULL),
  (91,1,'2008-02-27 00:00:00',5906,23,59,NULL,NULL),
  (92,1,'2008-02-27 00:00:00',2228,23,60,NULL,NULL),
  (93,5,'2008-02-27 00:00:00',2652,23,60,NULL,NULL),
  (94,4,'2008-02-29 00:00:00',353,23,61,NULL,NULL),
  (95,2,'2008-03-03 00:00:00',629,23,62,NULL,NULL),
  (96,1,'2008-03-03 00:00:00',18013,23,62,NULL,NULL),
  (97,1,'2008-03-03 00:00:00',350,23,63,NULL,NULL),
  (98,2,'2008-03-03 00:00:00',1155,23,63,NULL,NULL),
  (99,4,'2008-03-03 00:00:00',940,23,64,NULL,NULL),
  (100,1,'2008-03-03 00:00:00',52,23,64,NULL,NULL),
  (101,3,'2008-03-03 00:00:00',41,23,64,NULL,NULL),
  (102,2,'2008-03-03 00:00:00',224,23,64,NULL,NULL),
  (106,2,'2008-05-03 00:00:00',2500,24,66,NULL,NULL),
  (107,2,'2008-04-03 00:00:00',12360,24,67,NULL,NULL),
  (108,1,'2008-04-03 00:00:00',2574,24,67,NULL,NULL),
  (109,1,'2008-04-03 00:00:00',11000,24,68,NULL,NULL),
  (110,7,'2008-05-03 00:00:00',9258,23,69,NULL,NULL),
  (111,4,'2008-05-03 00:00:00',3838,23,70,NULL,NULL),
  (112,1,'2008-03-28 00:00:00',7933,23,71,NULL,NULL),
  (113,1,'2008-06-03 00:00:00',1080,24,72,NULL,NULL),
  (114,2,'2008-06-03 00:00:00',1350,24,72,NULL,NULL),
  (115,3,'2008-07-03 00:00:00',13432,25,73,NULL,NULL),
  (116,1,'2008-07-03 00:00:00',3000,24,74,NULL,NULL),
  (117,2,'2008-07-03 00:00:00',2800,24,74,NULL,NULL),
  (118,1,'2008-12-03 00:00:00',1717,23,75,NULL,NULL),
  (119,1,'2008-12-03 00:00:00',9465,23,76,NULL,NULL),
  (120,1,'2008-12-03 00:00:00',205,23,77,NULL,NULL),
  (121,1,'2008-03-19 00:00:00',19245,34,78,NULL,NULL),
  (122,2,'2008-03-26 00:00:00',55,23,79,NULL,NULL),
  (123,4,'2008-03-26 00:00:00',168,23,79,NULL,NULL),
  (124,1,'2008-03-26 00:00:00',136,23,79,NULL,NULL),
  (125,1,'2008-03-26 00:00:00',239,23,80,NULL,NULL),
  (126,4,'2008-03-26 00:00:00',48,23,80,NULL,NULL),
  (127,3,'2008-03-26 00:00:00',66,23,80,NULL,NULL),
  (128,2,'2008-03-26 00:00:00',140,23,80,NULL,NULL),
  (129,1,'2008-03-26 00:00:00',25091,23,81,NULL,NULL),
  (130,1,'2008-03-26 00:00:00',16364,23,82,NULL,NULL),
  (131,3,'2008-01-04 00:00:00',105,23,83,NULL,NULL),
  (132,4,'2008-01-04 00:00:00',493,23,83,NULL,NULL),
  (133,2,'2008-01-04 00:00:00',917,23,83,NULL,NULL),
  (136,1,'2008-02-04 00:00:00',1617,23,85,NULL,NULL),
  (137,5,'2008-02-04 00:00:00',1758,23,85,NULL,NULL),
  (138,1,'2008-02-04 00:00:00',8773,23,86,NULL,NULL),
  (139,2,'2008-04-04 00:00:00',2800,24,87,NULL,NULL),
  (140,1,'2008-04-04 00:00:00',1000,24,87,NULL,NULL),
  (144,1,'2008-05-23 00:00:00',131,23,89,NULL,NULL),
  (145,2,'2008-05-23 00:00:00',641,23,89,NULL,NULL),
  (146,1,'2008-05-27 00:00:00',236,23,90,NULL,NULL),
  (147,1,'2008-05-29 00:00:00',2727,24,92,NULL,NULL),
  (148,2,'2008-05-29 00:00:00',1698,24,92,NULL,NULL),
  (149,1,'2008-05-29 00:00:00',1718,24,93,NULL,NULL),
  (150,2,'2008-05-29 00:00:00',2531,24,93,NULL,NULL),
  (151,2,'2008-05-29 00:00:00',368,24,94,NULL,NULL),
  (152,1,'2008-05-29 00:00:00',491,24,94,NULL,NULL),
  (153,3,'2008-05-27 00:00:00',5910,50,91,NULL,NULL),
  (154,4,'2008-05-27 00:00:00',6826,50,91,NULL,NULL),
  (155,1,'2008-05-30 00:00:00',24545,23,95,NULL,NULL),
  (156,1,'2008-05-30 00:00:00',13123,23,96,NULL,NULL),
  (157,5,'2008-05-30 00:00:00',4813,23,97,NULL,NULL),
  (158,1,'2008-03-06 00:00:00',23407,23,98,NULL,NULL),
  (159,1,'2008-03-06 00:00:00',25748,23,99,NULL,NULL),
  (160,2,'2008-03-06 00:00:00',909,23,99,NULL,NULL),
  (161,1,'2008-03-06 00:00:00',24727,23,100,NULL,NULL),
  (162,1,'2008-05-06 00:00:00',8733,23,101,NULL,NULL),
  (163,1,'2008-06-06 00:00:00',3080,34,102,NULL,NULL),
  (164,3,'2008-09-06 00:00:00',6314,25,103,NULL,NULL),
  (165,1,'2008-09-06 00:00:00',26203,23,104,NULL,NULL),
  (166,2,'2008-09-06 00:00:00',953,23,104,NULL,NULL),
  (167,7,'2008-11-06 00:00:00',6315,23,105,NULL,NULL),
  (168,8,'2008-11-06 00:00:00',3027,23,106,NULL,NULL),
  (169,7,'2008-11-06 00:00:00',3051,23,107,NULL,NULL),
  (170,4,'2008-11-06 00:00:00',54,23,108,NULL,NULL),
  (171,1,'2008-11-06 00:00:00',13659,23,109,NULL,NULL),
  (172,1,'2008-06-13 00:00:00',746,23,110,NULL,NULL),
  (173,4,'2008-06-13 00:00:00',159,23,110,NULL,NULL),
  (174,2,'2008-06-13 00:00:00',467,23,110,NULL,NULL),
  (175,1,'2008-06-13 00:00:00',25386,23,111,NULL,NULL),
  (176,2,'2008-06-13 00:00:00',114,23,112,NULL,NULL),
  (177,3,'2008-06-13 00:00:00',15,23,112,NULL,NULL),
  (178,4,'2008-06-13 00:00:00',14,23,112,NULL,NULL),
  (179,4,'2008-06-17 00:00:00',145,23,113,NULL,NULL),
  (180,1,'2008-06-17 00:00:00',2021,23,113,NULL,NULL),
  (181,1,'2008-06-20 00:00:00',16746,23,114,NULL,NULL),
  (182,1,'2008-06-24 00:00:00',3000,24,115,NULL,NULL),
  (183,2,'2008-06-24 00:00:00',4564,24,115,NULL,NULL),
  (184,2,'2008-06-26 00:00:00',1500,24,116,NULL,NULL),
  (185,1,'2008-06-26 00:00:00',1800,24,116,NULL,NULL),
  (186,1,'2008-06-26 00:00:00',12540,24,117,NULL,NULL),
  (187,2,'2008-06-26 00:00:00',4714,24,117,NULL,NULL),
  (188,1,'2008-06-27 00:00:00',1080,24,118,NULL,NULL),
  (189,7,'2008-01-07 00:00:00',21774,23,119,NULL,NULL),
  (190,1,'2008-01-07 00:00:00',16918,23,120,NULL,NULL),
  (191,2,'2008-01-07 00:00:00',1987,23,120,NULL,NULL),
  (192,1,'2008-03-07 00:00:00',10128,23,121,NULL,NULL),
  (194,5,'2008-03-07 00:00:00',1563,23,122,NULL,NULL),
  (195,1,'2008-03-07 00:00:00',8617,23,123,NULL,NULL),
  (196,1,'2008-03-07 00:00:00',23675,23,124,NULL,NULL),
  (197,1,'2008-08-07 00:00:00',10909,23,125,NULL,NULL),
  (198,5,'2008-07-07 00:00:00',11865,23,126,NULL,NULL),
  (199,1,'2008-08-07 00:00:00',12515,23,127,NULL,NULL),
  (200,1,'2008-08-07 00:00:00',2923,23,128,NULL,NULL),
  (201,5,'2008-09-07 00:00:00',3056,23,129,NULL,NULL),
  (202,1,'2008-07-14 00:00:00',24272,34,130,NULL,NULL),
  (203,1,'2008-07-14 00:00:00',23675,23,131,NULL,NULL),
  (204,7,'2008-07-14 00:00:00',733,23,132,NULL,NULL),
  (205,7,'2008-07-18 00:00:00',390,23,133,NULL,NULL),
  (206,1,'2008-07-18 00:00:00',25000,23,134,NULL,NULL),
  (207,1,'2008-07-22 00:00:00',25000,23,135,NULL,NULL),
  (208,7,'2008-07-22 00:00:00',14837,24,136,NULL,NULL),
  (209,1,'2008-07-22 00:00:00',5480,24,137,NULL,NULL),
  (210,7,'2008-04-04 00:00:00',17100,24,138,NULL,NULL),
  (211,7,'2008-07-04 00:00:00',640,24,139,NULL,NULL),
  (212,1,'2008-08-04 00:00:00',3000,24,140,NULL,NULL),
  (213,1,'2008-08-04 00:00:00',23654,23,141,NULL,NULL),
  (214,1,'2008-08-04 00:00:00',21148,23,142,NULL,NULL),
  (215,5,'2008-10-04 00:00:00',800,23,143,NULL,NULL),
  (216,7,'2008-10-04 00:00:00',11060,24,144,NULL,NULL),
  (217,1,'2008-10-04 00:00:00',17045,23,145,NULL,NULL),
  (218,5,'2008-10-04 00:00:00',1800,23,146,NULL,NULL),
  (219,5,'2008-10-04 00:00:00',9774,23,147,NULL,NULL),
  (220,5,'2008-04-14 00:00:00',462,23,148,NULL,NULL),
  (221,2,'2008-04-17 00:00:00',1145,33,149,NULL,NULL),
  (222,1,'2008-04-17 00:00:00',11514,23,150,NULL,NULL),
  (223,8,'2008-04-17 00:00:00',3503,23,151,NULL,NULL),
  (224,1,'2008-04-17 00:00:00',14400,23,152,NULL,NULL),
  (225,1,'2008-04-17 00:00:00',23645,23,153,NULL,NULL),
  (226,3,'2008-04-21 00:00:00',6309,50,154,NULL,NULL),
  (227,7,'2008-04-21 00:00:00',1557,23,155,NULL,NULL),
  (228,7,'2008-04-21 00:00:00',7385,23,156,NULL,NULL),
  (229,1,'2008-04-21 00:00:00',17273,23,157,NULL,NULL),
  (230,7,'2008-04-23 00:00:00',23870,23,158,NULL,NULL),
  (231,1,'2008-04-23 00:00:00',23645,23,159,NULL,NULL),
  (232,7,'2008-04-23 00:00:00',19436,23,160,NULL,NULL),
  (233,7,'2008-04-28 00:00:00',2249,24,161,NULL,NULL),
  (234,1,'2008-04-29 00:00:00',3580,23,162,NULL,NULL),
  (235,7,'2008-04-29 00:00:00',6300,24,163,NULL,NULL),
  (236,7,'2008-04-29 00:00:00',2800,24,164,NULL,NULL),
  (237,1,'2008-04-29 00:00:00',13682,23,165,NULL,NULL),
  (238,7,'2008-04-30 00:00:00',5872,24,166,NULL,NULL),
  (239,1,'2008-01-05 00:00:00',19460,23,167,NULL,NULL),
  (240,1,'2008-01-05 00:00:00',12035,23,168,NULL,NULL),
  (241,1,'2008-01-05 00:00:00',3601,23,169,NULL,NULL),
  (242,7,'2008-02-05 00:00:00',154,23,170,NULL,NULL),
  (243,5,'2008-02-05 00:00:00',436,23,171,NULL,NULL),
  (244,7,'2008-06-05 00:00:00',11915,24,172,NULL,NULL),
  (245,2,'2008-06-05 00:00:00',187,23,173,NULL,NULL),
  (246,8,'2008-06-05 00:00:00',561,23,174,NULL,NULL),
  (247,8,'2008-06-05 00:00:00',218,23,175,NULL,NULL),
  (248,1,'2008-07-05 00:00:00',26364,23,176,NULL,NULL),
  (249,1,'2008-08-05 00:00:00',6881,23,177,NULL,NULL),
  (250,1,'2008-08-05 00:00:00',12909,23,178,NULL,NULL),
  (251,7,'2008-08-05 00:00:00',29688,23,179,NULL,NULL),
  (252,1,'2008-08-05 00:00:00',23645,23,180,NULL,NULL),
  (253,1,'2008-08-05 00:00:00',77232,34,181,NULL,NULL),
  (254,8,'2008-09-05 00:00:00',1057,23,182,NULL,NULL),
  (255,1,'2008-09-05 00:00:00',24478,34,183,NULL,NULL),
  (256,1,'2008-05-21 00:00:00',7123,23,184,NULL,NULL),
  (257,5,'2008-05-15 00:00:00',23290,23,185,NULL,NULL),
  (258,1,'2008-05-21 00:00:00',11794,23,186,NULL,NULL),
  (259,4,'2008-05-22 00:00:00',391,23,187,NULL,NULL),
  (261,3,'2008-12-03 00:00:00',13466,25,189,NULL,NULL),
  (262,4,'2008-12-18 00:00:00',755,23,190,NULL,NULL),
  (265,5,'2008-12-18 00:00:00',727,23,190,NULL,NULL),
  (266,1,'2008-12-23 00:00:00',23645,23,192,NULL,NULL),
  (267,1,'2008-12-30 00:00:00',25125,23,193,NULL,NULL),
  (268,1,'2008-12-30 00:00:00',2364,23,194,NULL,NULL),
  (269,1,'2008-12-29 00:00:00',14255,23,195,NULL,NULL),
  (270,7,'2008-12-30 00:00:00',10120,23,195,NULL,NULL),
  (271,2,'2008-12-24 00:00:00',1480,24,196,NULL,NULL),
  (272,2,'2008-12-30 00:00:00',1190,24,196,NULL,NULL),
  (273,1,'2008-12-24 00:00:00',14170,24,196,NULL,NULL),
  (275,7,'2008-12-30 00:00:00',11888,23,197,NULL,NULL),
  (276,1,'2008-12-30 00:00:00',13702,23,197,NULL,NULL),
  (277,1,'2008-12-29 00:00:00',3636,23,197,NULL,NULL),
  (278,1,'2008-12-31 00:00:00',18010,23,198,NULL,NULL),
  (279,1,'2008-11-13 00:00:00',234678,34,199,NULL,NULL),
  (280,1,'2008-12-31 00:00:00',851,23,200,NULL,NULL),
  (281,7,'2009-01-05 00:00:00',365,23,201,NULL,NULL),
  (282,1,'2008-12-24 00:00:00',3000,24,202,NULL,NULL),
  (283,1,'2008-12-24 00:00:00',1415,24,203,NULL,NULL),
  (284,2,'2008-12-24 00:00:00',1000,24,203,NULL,NULL),
  (285,1,'2008-12-24 00:00:00',4625,24,204,NULL,NULL),
  (286,2,'2008-12-24 00:00:00',1810,24,204,NULL,NULL),
  (287,8,'2009-01-09 00:00:00',1033,23,205,NULL,NULL),
  (288,7,'2008-12-31 00:00:00',2554,23,206,NULL,NULL),
  (289,1,'2009-01-07 00:00:00',15658,23,207,NULL,NULL),
  (290,5,'2009-01-07 00:00:00',3836,23,208,NULL,NULL),
  (292,1,'2009-01-20 00:00:00',18034,23,211,NULL,NULL),
  (293,2,'2009-01-16 00:00:00',164,23,211,NULL,NULL),
  (298,1,'2009-01-22 00:00:00',734,23,215,NULL,NULL),
  (299,4,'2009-01-22 00:00:00',282,23,215,NULL,NULL),
  (300,2,'2009-01-22 00:00:00',158,23,215,NULL,NULL),
  (301,2,'2009-01-23 00:00:00',3964,24,216,NULL,NULL),
  (302,1,'2009-01-23 00:00:00',11600,24,216,NULL,NULL),
  (303,1,'2008-11-20 00:00:00',26010,34,217,NULL,NULL),
  (304,2,'2009-01-23 00:00:00',5130,24,218,NULL,NULL),
  (305,1,'2009-01-23 00:00:00',5850,24,218,NULL,NULL),
  (306,7,'2009-02-12 00:00:00',16931,23,219,NULL,NULL),
  (307,1,'2009-02-12 00:00:00',5073,23,219,NULL,NULL),
  (308,1,'2009-02-05 00:00:00',23630,23,220,NULL,NULL),
  (309,1,'2009-02-09 00:00:00',23489,23,221,NULL,NULL),
  (310,2,'2009-02-10 00:00:00',1969,23,221,NULL,NULL),
  (311,1,'2009-02-19 00:00:00',24500,23,222,NULL,NULL),
  (312,1,'2009-02-03 00:00:00',302,23,223,NULL,NULL),
  (313,9,'2009-02-03 00:00:00',97,23,223,NULL,NULL),
  (314,4,'2009-02-03 00:00:00',30,23,223,NULL,NULL),
  (315,2,'2009-02-03 00:00:00',334,23,223,NULL,NULL),
  (316,1,'2009-02-20 00:00:00',18273,23,224,NULL,NULL),
  (317,2,'2009-02-25 00:00:00',1009,23,224,NULL,NULL),
  (318,1,'2009-02-20 00:00:00',20020,24,225,NULL,NULL),
  (319,2,'2009-02-20 00:00:00',4460,24,225,NULL,NULL),
  (320,1,'2009-02-12 00:00:00',26190,33,226,NULL,NULL),
  (321,1,'2009-03-04 00:00:00',20237,23,227,NULL,NULL),
  (322,2,'2009-03-04 00:00:00',492,23,227,NULL,NULL),
  (323,1,'2009-03-06 00:00:00',23645,23,228,NULL,NULL),
  (324,1,'2009-03-04 00:00:00',25028,23,229,NULL,NULL),
  (325,2,'2009-03-10 00:00:00',1144,23,230,NULL,NULL),
  (326,1,'2009-03-10 00:00:00',30164,23,230,NULL,NULL),
  (327,1,'2009-02-09 00:00:00',702000,34,231,NULL,NULL),
  (328,1,'2009-03-19 00:00:00',14708,23,233,NULL,NULL),
  (329,1,'2009-03-20 00:00:00',23636,23,234,NULL,NULL),
  (330,1,'2009-03-19 00:00:00',2124,23,235,NULL,NULL),
  (332,2,'2009-03-19 00:00:00',1355,23,235,NULL,NULL),
  (333,4,'2009-03-13 00:00:00',1601,23,236,NULL,NULL),
  (334,2,'2009-03-11 00:00:00',1878,23,236,NULL,NULL),
  (335,1,'2009-03-05 00:00:00',1107,23,236,NULL,NULL),
  (336,1,'2009-03-26 00:00:00',12250,23,237,NULL,NULL),
  (337,1,'2009-03-26 00:00:00',2096,23,238,NULL,NULL),
  (338,4,'2009-03-23 00:00:00',664,23,238,NULL,NULL),
  (339,2,'2009-03-24 00:00:00',769,23,238,NULL,NULL),
  (340,1,'2009-03-19 00:00:00',7560,24,239,NULL,NULL),
  (341,2,'2009-03-27 00:00:00',8608,24,240,NULL,NULL),
  (342,1,'2009-03-19 00:00:00',18278,23,242,NULL,NULL),
  (343,9,'2009-03-20 00:00:00',54,23,242,NULL,NULL),
  (344,2,'2009-03-20 00:00:00',682,23,242,NULL,NULL),
  (345,2,'2009-03-27 00:00:00',593,23,243,NULL,NULL),
  (346,1,'2009-03-27 00:00:00',23385,23,243,NULL,NULL),
  (347,4,'2009-03-30 00:00:00',191,23,244,NULL,NULL),
  (348,2,'2009-03-30 00:00:00',40,23,244,NULL,NULL),
  (349,1,'2009-03-26 00:00:00',450,23,244,NULL,NULL),
  (350,1,'2009-04-02 00:00:00',15946,23,245,NULL,NULL),
  (351,1,'2009-04-02 00:00:00',2241,23,246,NULL,NULL),
  (352,4,'2009-03-31 00:00:00',993,23,246,NULL,NULL),
  (353,2,'2009-03-30 00:00:00',743,23,246,NULL,NULL),
  (354,1,'2009-04-14 00:00:00',16536,23,247,NULL,NULL),
  (355,1,'2009-04-09 00:00:00',2566,23,248,NULL,NULL),
  (356,4,'2009-04-06 00:00:00',375,23,248,NULL,NULL),
  (357,2,'2009-04-07 00:00:00',650,23,248,NULL,NULL),
  (358,1,'2009-03-24 00:00:00',25920,33,249,NULL,NULL),
  (359,1,'2009-04-08 00:00:00',31411,23,250,NULL,NULL),
  (360,2,'2009-04-08 00:00:00',2639,23,250,NULL,NULL),
  (361,1,'2009-04-10 00:00:00',23254,23,251,NULL,NULL),
  (362,1,'2009-04-20 00:00:00',9443,23,252,NULL,NULL),
  (363,1,'2009-04-23 00:00:00',5201,23,253,NULL,NULL),
  (364,4,'2009-04-20 00:00:00',720,23,253,NULL,NULL),
  (365,2,'2009-04-21 00:00:00',425,23,253,NULL,NULL),
  (366,1,'2009-04-21 00:00:00',33420,24,254,NULL,NULL),
  (367,2,'2009-04-17 00:00:00',7578,24,254,NULL,NULL),
  (368,1,'2009-04-29 00:00:00',19182,23,255,NULL,NULL),
  (369,1,'2009-04-17 00:00:00',490,24,256,NULL,NULL),
  (370,2,'2009-04-17 00:00:00',4060,24,256,NULL,NULL),
  (371,2,'2009-04-24 00:00:00',97,23,257,NULL,NULL),
  (372,1,'2009-04-24 00:00:00',68,23,257,NULL,NULL),
  (373,9,'2009-03-25 00:00:00',12657,25,258,NULL,NULL),
  (374,1,'2009-04-27 00:00:00',25455,23,259,NULL,NULL),
  (375,1,'2009-04-15 00:00:00',23595,23,260,NULL,NULL),
  (376,1,'2009-05-07 00:00:00',15101,23,261,NULL,NULL),
  (377,1,'2009-05-07 00:00:00',2575,23,262,NULL,NULL),
  (378,4,'2009-05-04 00:00:00',1497,23,262,NULL,NULL),
  (379,2,'2009-05-05 00:00:00',1570,23,262,NULL,NULL),
  (380,1,'2009-05-11 00:00:00',14993,23,263,NULL,NULL),
  (381,1,'2009-05-12 00:00:00',812,23,263,NULL,NULL),
  (382,1,'2009-04-02 00:00:00',27000,34,264,NULL,NULL),
  (383,1,'2009-05-11 00:00:00',881,23,265,NULL,NULL),
  (384,4,'2009-05-15 00:00:00',916,23,265,NULL,NULL),
  (385,1,'2009-05-22 00:00:00',25196,23,266,NULL,NULL),
  (386,1,'2009-05-21 00:00:00',9829,23,267,NULL,NULL),
  (387,1,'2009-05-21 00:00:00',4026,23,268,NULL,NULL),
  (388,4,'2009-05-19 00:00:00',434,23,268,NULL,NULL),
  (389,1,'2009-04-21 00:00:00',27000,34,269,NULL,NULL),
  (390,1,'2009-05-15 00:00:00',3000,24,270,NULL,NULL),
  (391,1,'2009-05-15 00:00:00',1215,24,271,NULL,NULL),
  (392,2,'2009-05-19 00:00:00',650,24,271,NULL,NULL),
  (393,1,'2009-05-28 00:00:00',12624,23,272,NULL,NULL),
  (394,1,'2009-05-28 00:00:00',4368,23,273,NULL,NULL),
  (395,4,'2009-05-26 00:00:00',472,23,273,NULL,NULL),
  (396,2,'2009-05-18 00:00:00',1058,23,273,NULL,NULL),
  (397,1,'2009-04-16 00:00:00',28357,34,274,NULL,NULL),
  (398,1,'2009-05-15 00:00:00',3600,24,275,NULL,NULL),
  (399,2,'2009-05-15 00:00:00',2400,24,275,NULL,NULL),
  (400,1,'2009-05-12 00:00:00',23636,23,276,NULL,NULL),
  (401,1,'2009-04-21 00:00:00',23007,34,277,NULL,NULL),
  (402,1,'2009-05-04 00:00:00',25650,34,278,NULL,NULL),
  (403,1,'2009-06-10 00:00:00',12998,23,279,NULL,NULL),
  (404,1,'2009-06-04 00:00:00',5433,23,280,NULL,NULL),
  (405,1,'2009-05-28 00:00:00',18641,23,281,NULL,NULL),
  (406,2,'2009-05-21 00:00:00',682,23,281,NULL,NULL),
  (407,9,'2009-05-29 00:00:00',7780,23,282,NULL,NULL),
  (408,1,'2009-05-26 00:00:00',1364,23,282,NULL,NULL),
  (409,2,'2009-06-05 00:00:00',198,23,283,NULL,NULL),
  (410,1,'2009-06-05 00:00:00',118,23,283,NULL,NULL),
  (411,1,'2009-06-10 00:00:00',20045,23,284,NULL,NULL),
  (412,2,'2009-06-10 00:00:00',1539,23,284,NULL,NULL),
  (413,1,'2009-06-10 00:00:00',25431,23,285,NULL,NULL),
  (414,2,'2009-06-10 00:00:00',556,23,285,NULL,NULL),
  (415,9,'2009-05-15 00:00:00',85,23,286,NULL,NULL),
  (416,2,'2009-05-15 00:00:00',2291,23,286,NULL,NULL),
  (417,1,'2009-05-15 00:00:00',2391,23,286,NULL,NULL),
  (418,4,'2009-05-15 00:00:00',74,23,286,NULL,NULL),
  (419,1,'2009-06-25 00:00:00',10829,23,287,NULL,NULL),
  (420,1,'2009-06-25 00:00:00',2908,23,288,NULL,NULL),
  (421,4,'2009-06-23 00:00:00',1335,23,288,NULL,NULL),
  (422,2,'2009-06-22 00:00:00',2326,23,288,NULL,NULL),
  (423,2,'2009-06-12 00:00:00',4000,24,289,NULL,NULL),
  (424,1,'2009-06-19 00:00:00',273,23,290,NULL,NULL),
  (425,2,'2009-06-18 00:00:00',203,23,290,NULL,NULL),
  (426,4,'2009-06-19 00:00:00',862,23,290,NULL,NULL),
  (427,2,'2009-06-12 00:00:00',2500,24,291,NULL,NULL),
  (428,1,'2009-06-16 00:00:00',7690,24,291,NULL,NULL),
  (429,1,'2009-06-30 00:00:00',25455,23,292,NULL,NULL),
  (430,1,'2009-06-30 00:00:00',26182,23,293,NULL,NULL),
  (431,2,'2009-06-26 00:00:00',109,23,294,NULL,NULL),
  (432,1,'2009-06-25 00:00:00',17514,23,294,NULL,NULL),
  (433,1,'2009-06-12 00:00:00',23675,23,295,NULL,NULL),
  (434,1,'2009-06-22 00:00:00',1549,23,296,NULL,NULL),
  (435,2,'2009-06-22 00:00:00',95,23,296,NULL,NULL),
  (436,4,'2009-06-16 00:00:00',525,23,296,NULL,NULL),
  (437,1,'2009-07-02 00:00:00',8679,23,297,NULL,NULL),
  (438,2,'2009-07-02 00:00:00',491,23,297,NULL,NULL),
  (439,1,'2009-07-02 00:00:00',4404,23,298,NULL,NULL),
  (440,2,'2009-06-30 00:00:00',1688,23,298,NULL,NULL),
  (441,4,'2009-06-29 00:00:00',2925,23,298,NULL,NULL),
  (442,2,'2009-07-08 00:00:00',1143,23,299,NULL,NULL),
  (443,1,'2009-07-08 00:00:00',22537,23,299,NULL,NULL),
  (444,4,'2009-07-06 00:00:00',34,23,300,NULL,NULL),
  (445,1,'2009-07-06 00:00:00',317,23,300,NULL,NULL),
  (446,1,'2009-07-09 00:00:00',16847,23,301,NULL,NULL),
  (447,1,'2009-07-09 00:00:00',1880,23,302,NULL,NULL),
  (448,4,'2009-07-07 00:00:00',1710,23,302,NULL,NULL),
  (449,2,'2009-07-07 00:00:00',1,23,302,NULL,NULL),
  (450,1,'2009-07-07 00:00:00',23595,23,303,NULL,NULL),
  (451,1,'2009-07-10 00:00:00',8780,24,304,NULL,NULL),
  (452,2,'2009-07-10 00:00:00',7880,24,304,NULL,NULL),
  (453,1,'2009-07-23 00:00:00',14153,23,305,NULL,NULL),
  (454,2,'2009-07-23 00:00:00',455,23,305,NULL,NULL),
  (455,2,'2009-07-23 00:00:00',1348,23,306,NULL,NULL),
  (456,1,'2009-07-23 00:00:00',2420,23,306,NULL,NULL),
  (457,4,'2009-07-20 00:00:00',1960,23,306,NULL,NULL),
  (458,2,'2009-07-22 00:00:00',1355,23,307,NULL,NULL),
  (459,1,'2009-07-21 00:00:00',23291,23,307,NULL,NULL),
  (460,1,'2009-07-23 00:00:00',20464,23,308,NULL,NULL),
  (461,1,'2009-07-16 00:00:00',191,23,309,NULL,NULL),
  (462,4,'2009-07-16 00:00:00',91,23,309,NULL,NULL),
  (463,2,'2009-07-16 00:00:00',129,23,309,NULL,NULL),
  (464,1,'2009-07-10 00:00:00',1080,24,310,NULL,NULL),
  (465,2,'2009-07-10 00:00:00',900,24,310,NULL,NULL),
  (466,1,'2009-07-31 00:00:00',11378,23,311,NULL,NULL),
  (467,4,'2009-08-04 00:00:00',388,23,311,NULL,NULL),
  (468,1,'2009-08-06 00:00:00',15007,23,312,NULL,NULL),
  (469,1,'2009-08-06 00:00:00',4516,23,313,NULL,NULL),
  (470,2,'2009-08-06 00:00:00',103,23,313,NULL,NULL),
  (471,4,'2009-08-06 00:00:00',2403,23,313,NULL,NULL),
  (472,4,'2009-07-24 00:00:00',51,23,314,NULL,NULL),
  (473,1,'2009-07-29 00:00:00',1055,23,315,NULL,NULL),
  (474,1,'2009-07-23 00:00:00',23645,23,316,NULL,NULL),
  (476,1,'2009-07-31 00:00:00',2386,23,318,NULL,NULL),
  (477,4,'2009-07-31 00:00:00',991,23,318,NULL,NULL),
  (478,2,'2009-07-31 00:00:00',1553,23,318,NULL,NULL),
  (479,4,'2009-08-11 00:00:00',1162,23,319,NULL,NULL),
  (480,2,'2009-08-12 00:00:00',136,23,319,NULL,NULL),
  (481,1,'2009-08-11 00:00:00',23415,23,319,NULL,NULL),
  (482,1,'2009-08-13 00:00:00',16834,23,320,NULL,NULL),
  (483,1,'2009-08-18 00:00:00',2493,23,321,NULL,NULL),
  (484,1,'2009-08-07 00:00:00',10200,24,322,NULL,NULL),
  (485,2,'2009-08-07 00:00:00',722,24,322,NULL,NULL),
  (486,1,'2009-07-08 00:00:00',23645,23,323,NULL,NULL),
  (487,1,'2009-08-07 00:00:00',4800,24,324,NULL,NULL),
  (488,2,'2009-08-07 00:00:00',1420,24,325,NULL,NULL),
  (489,1,'2009-08-07 00:00:00',2550,24,325,NULL,NULL),
  (490,2,'2009-08-07 00:00:00',1460,24,326,NULL,NULL),
  (491,1,'2009-08-07 00:00:00',1265,24,327,NULL,NULL),
  (492,2,'2009-08-07 00:00:00',875,24,327,NULL,NULL),
  (493,1,'2009-08-17 00:00:00',23182,23,328,NULL,NULL),
  (494,4,'2009-08-18 00:00:00',1197,23,329,NULL,NULL),
  (495,2,'2009-08-18 00:00:00',2032,23,329,NULL,NULL),
  (496,1,'2009-08-18 00:00:00',21013,23,329,NULL,NULL),
  (497,4,'2009-08-10 00:00:00',548,23,330,NULL,NULL),
  (498,1,'2009-08-10 00:00:00',1145,23,330,NULL,NULL),
  (499,1,'2009-08-27 00:00:00',13945,23,331,NULL,NULL),
  (500,1,'2009-08-27 00:00:00',3506,23,332,NULL,NULL),
  (501,2,'2009-08-27 00:00:00',475,23,332,NULL,NULL),
  (502,4,'2009-08-27 00:00:00',1257,23,332,NULL,NULL),
  (503,1,'2009-07-22 00:00:00',27000,34,333,NULL,NULL),
  (504,2,'2009-08-21 00:00:00',496,23,334,NULL,NULL),
  (505,4,'2009-08-21 00:00:00',1690,23,334,NULL,NULL),
  (506,9,'2009-08-21 00:00:00',252,23,334,NULL,NULL),
  (507,1,'2009-09-10 00:00:00',11869,23,335,NULL,NULL),
  (508,1,'2009-09-04 00:00:00',15140,24,336,NULL,NULL),
  (509,2,'2009-09-08 00:00:00',781,24,336,NULL,NULL),
  (510,1,'2009-09-04 00:00:00',19515,23,337,NULL,NULL),
  (511,2,'2009-09-04 00:00:00',164,23,337,NULL,NULL),
  (512,4,'2009-09-04 00:00:00',479,23,337,NULL,NULL),
  (513,2,'2009-09-04 00:00:00',4660,24,338,NULL,NULL),
  (514,1,'2009-09-03 00:00:00',936,23,339,NULL,NULL),
  (515,1,'2009-09-09 00:00:00',12777,23,340,NULL,NULL),
  (516,4,'2009-08-12 00:00:00',189,23,341,NULL,NULL),
  (517,1,'2009-08-14 00:00:00',24018,23,341,NULL,NULL),
  (518,2,'2009-08-12 00:00:00',706,23,341,NULL,NULL),
  (519,1,'2009-09-04 00:00:00',545,23,342,NULL,NULL),
  (520,4,'2009-08-27 00:00:00',1339,23,342,NULL,NULL),
  (521,9,'2009-08-12 00:00:00',5240,23,342,NULL,NULL),
  (522,1,'2009-07-31 00:00:00',1040,23,343,NULL,NULL),
  (523,4,'2009-07-31 00:00:00',9,23,343,NULL,NULL),
  (524,2,'2009-07-31 00:00:00',427,23,343,NULL,NULL),
  (525,4,'2009-08-05 00:00:00',29,23,344,NULL,NULL),
  (526,1,'2009-08-05 00:00:00',23425,23,344,NULL,NULL),
  (527,2,'2009-08-05 00:00:00',318,23,344,NULL,NULL),
  (528,1,'2009-08-12 00:00:00',182,23,345,NULL,NULL),
  (529,2,'2009-08-12 00:00:00',38,23,345,NULL,NULL);
COMMIT;

/* Data for the `tbltradeproductsdetails` table  (LIMIT 500,500) */

INSERT INTO `tbltradeproductsdetails` (`recn`, `commodityRecn`, `dateOfTrade`, `weightInKG`, `country`, `tradeProductRecn`, `consignee_of_sender`, `consignee_of_receiver`) VALUES
  (530,1,'2009-08-27 00:00:00',23596,23,346,NULL,NULL),
  (531,1,'2009-09-10 00:00:00',3947,23,347,NULL,NULL),
  (532,2,'2009-09-10 00:00:00',1403,23,347,NULL,NULL),
  (533,4,'2009-09-10 00:00:00',2384,23,347,NULL,NULL),
  (534,2,'2009-09-04 00:00:00',700,24,348,NULL,NULL),
  (535,1,'2009-09-04 00:00:00',1315,24,348,NULL,NULL),
  (536,1,'2009-09-15 00:00:00',26681,23,349,NULL,NULL),
  (537,4,'2009-09-15 00:00:00',27,23,349,NULL,NULL),
  (538,2,'2009-09-15 00:00:00',42,23,349,NULL,NULL),
  (539,1,'2009-09-17 00:00:00',14592,23,350,NULL,NULL),
  (540,1,'2009-09-17 00:00:00',4371,23,351,NULL,NULL),
  (541,4,'2009-09-17 00:00:00',1931,23,351,NULL,NULL),
  (542,2,'2009-09-17 00:00:00',476,23,351,NULL,NULL),
  (543,3,'2009-09-17 00:00:00',101,23,351,NULL,NULL),
  (544,1,'2009-08-19 00:00:00',13541,23,352,NULL,NULL),
  (545,2,'2009-08-19 00:00:00',529,23,352,NULL,NULL),
  (546,4,'2009-08-19 00:00:00',376,23,352,NULL,NULL),
  (547,3,'2009-08-19 00:00:00',321,23,352,NULL,NULL),
  (548,1,'2009-07-23 00:00:00',26738,34,353,NULL,NULL),
  (549,3,'2009-04-17 00:00:00',4997,25,354,NULL,NULL),
  (550,1,'2009-09-14 00:00:00',24545,23,355,NULL,NULL),
  (552,1,'2009-09-24 00:00:00',12869,23,357,NULL,NULL),
  (553,1,'2009-09-24 00:00:00',6040,23,358,NULL,NULL),
  (554,2,'2009-09-24 00:00:00',486,23,358,NULL,NULL),
  (555,4,'2009-09-24 00:00:00',1905,23,358,NULL,NULL),
  (556,1,'2009-09-28 00:00:00',16839,23,359,NULL,NULL),
  (557,2,'2009-09-28 00:00:00',368,23,359,NULL,NULL),
  (558,1,'2009-10-17 00:00:00',26010,34,360,NULL,NULL),
  (559,1,'2009-08-25 00:00:00',27387,34,361,NULL,NULL),
  (560,1,'2009-10-09 00:00:00',11318,23,362,NULL,NULL),
  (561,4,'2009-10-09 00:00:00',22,23,363,NULL,NULL),
  (562,2,'2009-10-09 00:00:00',1672,23,363,NULL,NULL),
  (563,1,'2009-10-09 00:00:00',4317,23,363,NULL,NULL),
  (564,2,'2009-10-02 00:00:00',1104,24,364,NULL,NULL),
  (565,1,'2009-10-02 00:00:00',1215,24,364,NULL,NULL),
  (566,2,'2009-10-02 00:00:00',2450,24,365,NULL,NULL),
  (567,1,'2009-10-02 00:00:00',1200,24,365,NULL,NULL),
  (568,4,'2009-09-23 00:00:00',808,23,366,NULL,NULL),
  (569,2,'2009-09-23 00:00:00',1155,23,366,NULL,NULL),
  (570,1,'2009-09-23 00:00:00',20382,23,366,NULL,NULL),
  (572,2,'2009-10-02 00:00:00',1733,24,367,NULL,NULL),
  (573,1,'2009-10-01 00:00:00',25378,23,368,NULL,NULL),
  (574,2,'2009-10-02 00:00:00',2750,24,369,NULL,NULL),
  (575,4,'2009-10-06 00:00:00',1829,23,370,NULL,NULL),
  (576,1,'2009-10-06 00:00:00',2966,23,370,NULL,NULL),
  (577,1,'2009-10-15 00:00:00',9093,23,371,NULL,NULL),
  (578,1,'2009-10-15 00:00:00',4402,23,372,NULL,NULL),
  (579,2,'2009-10-15 00:00:00',1705,23,372,NULL,NULL),
  (580,4,'2009-10-15 00:00:00',2515,23,372,NULL,NULL),
  (581,1,'2009-10-13 00:00:00',20532,23,373,NULL,NULL),
  (582,1,'2009-10-16 00:00:00',982,23,374,NULL,NULL),
  (583,1,'2009-10-22 00:00:00',9355,23,375,NULL,NULL),
  (584,4,'2009-10-22 00:00:00',3723,23,376,NULL,NULL),
  (585,2,'2009-10-22 00:00:00',1070,23,376,NULL,NULL),
  (586,1,'2009-10-22 00:00:00',4356,23,376,NULL,NULL),
  (587,2,'2009-10-21 00:00:00',2605,23,377,NULL,NULL),
  (588,1,'2009-10-21 00:00:00',22536,23,377,NULL,NULL),
  (589,9,'2009-09-18 00:00:00',12831,50,378,NULL,NULL),
  (590,4,'2009-10-10 00:00:00',3508,23,379,NULL,NULL),
  (591,2,'2009-10-21 00:00:00',1778,23,379,NULL,NULL),
  (592,1,'2009-10-26 00:00:00',12513,23,379,NULL,NULL),
  (593,1,'2009-10-30 00:00:00',17636,23,380,NULL,NULL),
  (594,2,'2009-10-30 00:00:00',1470,23,380,NULL,NULL),
  (595,4,'2009-10-30 00:00:00',407,23,380,NULL,NULL),
  (596,1,'2009-11-10 00:00:00',11483,23,381,NULL,NULL),
  (597,4,'2009-11-02 00:00:00',4668,23,382,NULL,NULL),
  (598,1,'2009-11-02 00:00:00',7699,23,382,NULL,NULL),
  (599,2,'2009-11-02 00:00:00',1705,23,382,NULL,NULL),
  (600,1,'2009-11-03 00:00:00',23676,23,383,NULL,NULL),
  (601,1,'2009-11-12 00:00:00',11069,23,384,NULL,NULL),
  (602,2,'2009-11-12 00:00:00',2692,23,384,NULL,NULL),
  (603,4,'2009-11-09 00:00:00',1408,23,385,NULL,NULL),
  (604,1,'2009-11-09 00:00:00',2826,23,385,NULL,NULL),
  (605,2,'2009-11-09 00:00:00',2329,23,385,NULL,NULL),
  (606,1,'2009-11-11 00:00:00',27337,23,386,NULL,NULL),
  (607,4,'2009-11-12 00:00:00',1511,23,386,NULL,NULL),
  (608,2,'2009-11-11 00:00:00',3868,23,386,NULL,NULL),
  (609,1,'2009-11-03 00:00:00',23645,23,387,NULL,NULL),
  (610,2,'2009-11-19 00:00:00',1551,23,388,NULL,NULL),
  (611,1,'2009-11-19 00:00:00',11313,23,388,NULL,NULL),
  (612,1,'2009-11-16 00:00:00',3249,23,389,NULL,NULL),
  (613,2,'2009-11-19 00:00:00',1724,23,389,NULL,NULL),
  (614,4,'2009-11-19 00:00:00',196,23,389,NULL,NULL),
  (615,1,'2009-11-24 00:00:00',7602,23,390,NULL,NULL),
  (616,2,'2009-11-24 00:00:00',4258,23,390,NULL,NULL),
  (617,1,'2009-11-24 00:00:00',19348,23,391,NULL,NULL),
  (618,2,'2009-11-24 00:00:00',3955,23,391,NULL,NULL),
  (619,1,'2009-11-23 00:00:00',26992,34,392,NULL,NULL),
  (620,1,'2009-11-23 00:00:00',15340,23,393,NULL,NULL),
  (621,2,'2009-11-23 00:00:00',7442,23,393,NULL,NULL),
  (622,1,'2009-08-24 00:00:00',22325,34,394,NULL,NULL),
  (623,2,'2009-10-30 00:00:00',1125,24,395,NULL,NULL),
  (624,2,'2009-10-02 00:00:00',2450,24,396,NULL,NULL),
  (625,2,'2009-10-02 00:00:00',2060,24,397,NULL,NULL),
  (626,4,'2009-11-12 00:00:00',258,23,399,NULL,NULL),
  (627,1,'2009-11-10 00:00:00',27000,34,400,NULL,NULL),
  (628,1,'2009-11-17 00:00:00',23645,23,401,NULL,NULL),
  (629,4,'2009-11-20 00:00:00',1188,23,402,NULL,NULL),
  (630,1,'2009-11-20 00:00:00',433,23,402,NULL,NULL),
  (631,2,'2009-11-20 00:00:00',102,23,402,NULL,NULL),
  (632,1,'2009-12-01 00:00:00',11550,24,403,NULL,NULL),
  (633,2,'2009-12-01 00:00:00',4700,24,403,NULL,NULL),
  (634,2,'2009-12-03 00:00:00',1421,23,404,NULL,NULL),
  (635,2,'2009-12-03 00:00:00',18306,23,404,NULL,NULL),
  (636,4,'2009-12-03 00:00:00',51,23,404,NULL,NULL),
  (637,1,'2009-12-08 00:00:00',16715,23,405,NULL,NULL),
  (638,2,'2009-11-20 00:00:00',420,23,405,NULL,NULL),
  (639,1,'2009-12-03 00:00:00',7430,23,406,NULL,NULL),
  (640,9,'2009-12-03 00:00:00',810,23,407,NULL,NULL),
  (641,1,'2009-12-03 00:00:00',3177,23,407,NULL,NULL),
  (642,4,'2009-12-03 00:00:00',8762,23,407,NULL,NULL),
  (643,2,'2009-12-02 00:00:00',199,24,408,NULL,NULL),
  (644,1,'2009-12-02 00:00:00',1080,24,408,NULL,NULL),
  (645,1,'2009-12-09 00:00:00',24201,23,409,NULL,NULL),
  (646,1,'2009-12-08 00:00:00',19264,23,410,NULL,NULL),
  (647,2,'2009-12-08 00:00:00',5405,23,410,NULL,NULL),
  (648,4,'2009-12-10 00:00:00',460,23,411,NULL,NULL),
  (649,2,'2009-12-10 00:00:00',636,23,411,NULL,NULL),
  (650,1,'2009-12-10 00:00:00',19591,23,411,NULL,NULL),
  (651,1,'2009-12-08 00:00:00',24418,23,412,NULL,NULL),
  (652,1,'2009-11-27 00:00:00',1470,24,413,NULL,NULL),
  (653,2,'2009-12-01 00:00:00',1950,23,414,NULL,NULL),
  (654,1,'2009-10-29 00:00:00',11918,23,415,NULL,NULL),
  (655,4,'2009-10-29 00:00:00',531,23,415,NULL,NULL),
  (656,1,'2009-11-17 00:00:00',23645,23,416,NULL,NULL),
  (657,2,'2009-12-01 00:00:00',2000,24,417,NULL,NULL),
  (658,1,'2009-11-25 00:00:00',1091,23,418,NULL,NULL),
  (659,4,'2009-11-16 00:00:00',3300,23,419,NULL,NULL),
  (660,1,'2009-11-16 00:00:00',432,23,419,NULL,NULL),
  (661,2,'2009-11-16 00:00:00',136,23,419,NULL,NULL),
  (662,9,'2009-11-16 00:00:00',36,23,419,NULL,NULL),
  (663,2,'2009-11-20 00:00:00',227,23,420,NULL,NULL),
  (664,4,'2009-11-20 00:00:00',4581,23,420,NULL,NULL),
  (665,4,'2009-12-03 00:00:00',515,23,421,NULL,NULL),
  (666,1,'2009-12-03 00:00:00',2001,23,421,NULL,NULL),
  (667,2,'2009-12-03 00:00:00',487,23,421,NULL,NULL),
  (668,4,'2009-11-20 00:00:00',318,23,422,NULL,NULL),
  (669,9,'2009-11-20 00:00:00',88,23,422,NULL,NULL),
  (670,1,'2009-11-20 00:00:00',126,23,422,NULL,NULL),
  (671,2,'2009-11-20 00:00:00',493,23,422,NULL,NULL),
  (672,1,'2009-12-28 00:00:00',22772,23,423,NULL,NULL),
  (673,2,'2009-12-28 00:00:00',327,23,423,NULL,NULL),
  (674,1,'2009-12-10 00:00:00',8280,23,424,NULL,NULL),
  (675,1,'2009-12-10 00:00:00',3482,23,425,NULL,NULL),
  (676,4,'2009-12-10 00:00:00',3350,23,425,NULL,NULL),
  (677,1,'2009-12-17 00:00:00',12087,23,426,NULL,NULL),
  (678,1,'2009-12-23 00:00:00',260,24,427,NULL,NULL),
  (679,2,'2009-12-23 00:00:00',1500,24,427,NULL,NULL),
  (680,1,'2009-12-17 00:00:00',5014,23,428,NULL,NULL),
  (681,4,'2009-12-17 00:00:00',111,23,428,NULL,NULL),
  (682,2,'2009-12-17 00:00:00',54,23,428,NULL,NULL),
  (683,1,'2009-12-29 00:00:00',16157,23,429,NULL,NULL),
  (684,2,'2009-12-29 00:00:00',196,23,429,NULL,NULL),
  (685,1,'2009-12-29 00:00:00',3600,23,430,NULL,NULL),
  (686,4,'2009-12-29 00:00:00',1204,23,430,NULL,NULL),
  (687,1,'2009-12-29 00:00:00',540,24,431,NULL,NULL),
  (688,2,'2009-12-23 00:00:00',204,24,431,NULL,NULL),
  (689,2,'2009-12-23 00:00:00',1609,24,432,NULL,NULL),
  (690,1,'2009-12-23 00:00:00',4480,24,432,NULL,NULL),
  (691,2,'2009-12-29 00:00:00',2750,24,433,NULL,NULL),
  (692,1,'2009-12-28 00:00:00',24201,23,434,NULL,NULL),
  (693,1,'2009-11-16 00:00:00',27000,34,435,NULL,NULL),
  (694,2,'2009-12-23 00:00:00',1800,24,436,NULL,NULL),
  (695,1,'2009-12-23 00:00:00',1000,24,436,NULL,NULL),
  (696,2,'2010-01-07 00:00:00',194,23,437,NULL,NULL),
  (697,1,'2010-01-07 00:00:00',14108,23,437,NULL,NULL),
  (698,9,'2010-01-07 00:00:00',128,23,438,NULL,NULL),
  (699,4,'2010-01-07 00:00:00',2323,23,438,NULL,NULL),
  (700,1,'2010-01-07 00:00:00',4985,23,438,NULL,NULL),
  (701,1,'2010-01-28 00:00:00',2791,23,439,NULL,NULL),
  (702,4,'2010-01-28 00:00:00',16,23,439,NULL,NULL),
  (703,2,'2010-01-28 00:00:00',181,23,439,NULL,NULL),
  (704,9,'2010-01-28 00:00:00',504,23,439,NULL,NULL),
  (705,1,'2010-01-28 00:00:00',10770,23,440,NULL,NULL),
  (706,2,'2010-01-28 00:00:00',192,23,440,NULL,NULL),
  (707,1,'2010-01-22 00:00:00',540,24,441,NULL,NULL),
  (708,2,'2010-01-25 00:00:00',800,24,441,NULL,NULL),
  (709,2,'2010-02-05 00:00:00',1850,24,442,NULL,NULL),
  (710,1,'2010-02-08 00:00:00',22217,23,443,NULL,NULL),
  (711,1,'2010-02-09 00:00:00',1018,23,444,NULL,NULL),
  (712,2,'2010-02-09 00:00:00',713,23,445,NULL,NULL),
  (713,1,'2010-02-09 00:00:00',39057,23,445,NULL,NULL),
  (714,4,'2010-02-09 00:00:00',67,23,445,NULL,NULL),
  (715,9,'2010-01-13 00:00:00',128,23,446,NULL,NULL),
  (716,4,'2010-01-13 00:00:00',2323,23,446,NULL,NULL),
  (717,1,'2010-01-13 00:00:00',4985,23,446,NULL,NULL),
  (718,2,'2010-01-13 00:00:00',679,23,446,NULL,NULL),
  (719,1,'2010-01-13 00:00:00',818,23,447,NULL,NULL),
  (720,1,'2010-01-13 00:00:00',26000,34,448,NULL,NULL),
  (721,1,'2010-01-13 00:00:00',26000,34,449,NULL,NULL),
  (722,4,'2010-01-19 00:00:00',409,23,450,NULL,NULL),
  (723,2,'2010-01-19 00:00:00',344,23,450,NULL,NULL),
  (724,1,'2010-01-19 00:00:00',18551,23,450,NULL,NULL),
  (725,4,'2010-01-18 00:00:00',435,23,451,NULL,NULL),
  (726,2,'2010-01-18 00:00:00',652,23,451,NULL,NULL),
  (727,1,'2010-01-18 00:00:00',18562,23,451,NULL,NULL),
  (731,2,'2010-02-22 00:00:00',4160,23,452,NULL,NULL),
  (732,1,'2010-02-22 00:00:00',1321,23,452,NULL,NULL),
  (733,4,'2010-01-22 00:00:00',654,23,453,NULL,NULL),
  (734,1,'2010-01-27 00:00:00',19393,23,454,NULL,NULL),
  (735,4,'2010-01-27 00:00:00',195,23,454,NULL,NULL),
  (736,2,'2010-01-27 00:00:00',262,23,454,NULL,NULL),
  (737,1,'2010-01-27 00:00:00',24201,23,455,NULL,NULL),
  (738,2,'2010-01-27 00:00:00',195,23,456,NULL,NULL),
  (739,1,'2010-01-27 00:00:00',15604,23,456,NULL,NULL),
  (740,1,'2010-01-27 00:00:00',2736,23,457,NULL,NULL),
  (741,9,'2010-01-28 00:00:00',13884,25,458,NULL,NULL),
  (742,2,'2010-02-02 00:00:00',1750,24,459,NULL,NULL),
  (743,1,'2010-02-02 00:00:00',343,23,460,NULL,NULL),
  (744,9,'2010-02-02 00:00:00',43,23,460,NULL,NULL),
  (745,2,'2010-02-02 00:00:00',237,23,460,NULL,NULL),
  (746,1,'2010-02-02 00:00:00',24201,23,461,NULL,NULL),
  (748,2,'2010-02-02 00:00:00',1400,24,462,NULL,NULL),
  (749,1,'2010-02-02 00:00:00',1700,24,462,NULL,NULL),
  (750,1,'2010-02-09 00:00:00',2910,23,463,NULL,NULL),
  (751,4,'2010-02-09 00:00:00',22,23,463,NULL,NULL),
  (752,2,'2010-02-09 00:00:00',105,23,463,NULL,NULL),
  (753,9,'2010-02-09 00:00:00',416,23,463,NULL,NULL),
  (754,1,'2010-02-09 00:00:00',12216,23,464,NULL,NULL),
  (755,2,'2010-02-09 00:00:00',152,23,464,NULL,NULL),
  (756,1,'2010-02-16 00:00:00',41781,23,465,NULL,NULL),
  (757,4,'2010-02-16 00:00:00',354,23,465,NULL,NULL),
  (758,1,'2010-02-16 00:00:00',12413,23,466,NULL,NULL),
  (759,1,'2010-02-16 00:00:00',21603,23,467,NULL,NULL),
  (760,4,'2010-02-16 00:00:00',218,23,467,NULL,NULL),
  (761,1,'2010-02-16 00:00:00',7023,23,468,NULL,NULL),
  (762,9,'2010-02-16 00:00:00',97,23,468,NULL,NULL),
  (763,4,'2010-02-16 00:00:00',91,23,468,NULL,NULL),
  (764,2,'2010-02-16 00:00:00',461,23,468,NULL,NULL),
  (765,1,'2010-02-16 00:00:00',1019,23,469,NULL,NULL),
  (766,2,'2010-02-16 00:00:00',840,23,469,NULL,NULL),
  (767,4,'2010-02-16 00:00:00',113,23,469,NULL,NULL),
  (768,1,'2010-02-22 00:00:00',26010,34,470,NULL,NULL),
  (769,1,'2010-02-23 00:00:00',23645,23,471,NULL,NULL),
  (770,1,'2010-02-23 00:00:00',7204,34,472,NULL,NULL),
  (771,9,'2010-02-25 00:00:00',13028,25,473,NULL,NULL),
  (774,1,'2010-01-27 00:00:00',27000,34,476,NULL,NULL),
  (775,4,'2010-02-24 00:00:00',719,23,477,NULL,NULL),
  (776,1,'2010-02-24 00:00:00',16475,23,477,NULL,NULL),
  (777,2,'2010-02-24 00:00:00',813,23,477,NULL,NULL),
  (778,9,'2010-02-24 00:00:00',43,23,477,NULL,NULL),
  (779,2,'2010-02-24 00:00:00',1500,24,478,NULL,NULL),
  (780,1,'2010-02-19 00:00:00',46191,23,479,NULL,NULL),
  (781,1,'2010-02-23 00:00:00',30430,23,481,NULL,NULL),
  (782,4,'2010-02-23 00:00:00',254,23,481,NULL,NULL),
  (783,1,'2010-02-23 00:00:00',27568,23,481,NULL,NULL),
  (784,2,'2010-02-24 00:00:00',830,24,482,NULL,NULL),
  (785,9,'2010-01-22 00:00:00',13412,50,483,NULL,NULL),
  (786,1,'2010-02-23 00:00:00',10920,24,485,NULL,NULL),
  (787,2,'2010-02-23 00:00:00',218,24,485,NULL,NULL),
  (788,2,'2010-02-23 00:00:00',40,24,485,NULL,NULL),
  (789,1,'2010-02-19 00:00:00',1080,24,486,NULL,NULL),
  (790,2,'2010-02-24 00:00:00',500,24,486,NULL,NULL),
  (791,2,'2010-02-23 00:00:00',109,24,486,NULL,NULL),
  (792,1,'2010-03-04 00:00:00',10280,23,487,NULL,NULL),
  (793,2,'2010-03-04 00:00:00',2526,23,488,NULL,NULL),
  (794,1,'2010-03-04 00:00:00',8927,23,488,NULL,NULL),
  (795,4,'2010-02-16 00:00:00',1542,23,489,NULL,NULL),
  (796,1,'2010-02-16 00:00:00',2441,23,489,NULL,NULL),
  (797,1,'2010-02-10 00:00:00',2601000,34,490,NULL,NULL),
  (798,4,'2010-03-09 00:00:00',5154,23,491,NULL,NULL),
  (799,4,'2010-03-03 00:00:00',626,23,492,NULL,NULL),
  (800,1,'2010-03-02 00:00:00',25554,23,493,NULL,NULL),
  (801,1,'2010-03-11 00:00:00',981,23,494,NULL,NULL),
  (802,1,'2010-03-16 00:00:00',18478,23,495,NULL,NULL),
  (803,4,'2010-03-16 00:00:00',756,23,495,NULL,NULL),
  (804,1,'2010-03-19 00:00:00',15268,23,496,NULL,NULL),
  (805,4,'2010-03-18 00:00:00',4307,23,497,NULL,NULL),
  (806,2,'2010-03-18 00:00:00',164,23,497,NULL,NULL),
  (807,1,'2010-03-18 00:00:00',4348,23,497,NULL,NULL),
  (808,2,'2010-03-17 00:00:00',19529,23,498,NULL,NULL),
  (809,1,'2010-03-17 00:00:00',46996,23,498,NULL,NULL),
  (810,1,'2010-03-01 00:00:00',23782,23,499,NULL,NULL),
  (811,4,'2010-03-17 00:00:00',2086,23,500,NULL,NULL),
  (812,1,'2010-03-17 00:00:00',20367,23,500,NULL,NULL),
  (813,2,'2010-03-19 00:00:00',18,23,501,NULL,NULL),
  (814,1,'2010-03-19 00:00:00',27,23,501,NULL,NULL),
  (815,1,'2010-03-19 00:00:00',24080,23,502,NULL,NULL),
  (816,2,'2010-03-19 00:00:00',636,24,503,NULL,NULL),
  (817,2,'2010-03-19 00:00:00',868,24,504,NULL,NULL),
  (818,1,'2010-03-19 00:00:00',5455,24,504,NULL,NULL),
  (819,4,'2010-03-19 00:00:00',154,23,505,NULL,NULL),
  (820,1,'2010-03-25 00:00:00',10498,23,506,NULL,NULL),
  (821,2,'2010-03-22 00:00:00',230,23,507,NULL,NULL),
  (822,4,'2010-03-22 00:00:00',105,23,507,NULL,NULL),
  (823,1,'2010-03-22 00:00:00',4169,23,507,NULL,NULL),
  (824,1,'2010-03-19 00:00:00',491,24,508,NULL,NULL),
  (825,2,'2010-03-23 00:00:00',231,24,508,NULL,NULL),
  (826,1,'2010-03-25 00:00:00',10868,23,509,NULL,NULL),
  (827,4,'2010-03-25 00:00:00',168,23,509,NULL,NULL),
  (828,2,'2010-03-25 00:00:00',285,23,509,NULL,NULL),
  (829,1,'2010-03-19 00:00:00',2727,24,510,NULL,NULL),
  (830,2,'2010-03-19 00:00:00',409,24,510,NULL,NULL),
  (831,1,'2010-04-01 00:00:00',9897,23,511,NULL,NULL),
  (832,1,'2010-03-26 00:00:00',12001,34,512,NULL,NULL),
  (833,1,'2010-04-01 00:00:00',4190,23,513,NULL,NULL),
  (834,9,'2010-03-29 00:00:00',400,23,513,NULL,NULL),
  (835,2,'2010-04-01 00:00:00',93,23,513,NULL,NULL),
  (836,4,'2010-04-01 00:00:00',175,23,513,NULL,NULL),
  (837,1,'2010-03-26 00:00:00',24099,23,514,NULL,NULL),
  (838,9,'2010-02-23 00:00:00',11884,25,515,NULL,NULL),
  (839,1,'2010-04-02 00:00:00',514,23,516,NULL,NULL),
  (840,4,'2010-04-02 00:00:00',82,23,516,NULL,NULL),
  (841,1,'2010-03-26 00:00:00',15727,23,517,NULL,NULL),
  (842,1,'2010-03-26 00:00:00',7272,23,517,NULL,NULL),
  (843,4,'2010-03-26 00:00:00',750,23,517,NULL,NULL),
  (844,1,'2010-04-06 00:00:00',4545,23,519,NULL,NULL),
  (845,2,'2010-04-06 00:00:00',1008,23,519,NULL,NULL),
  (846,1,'2010-04-01 00:00:00',23645,23,520,NULL,NULL),
  (847,4,'2010-03-30 00:00:00',133,23,518,NULL,NULL),
  (848,4,'2010-04-09 00:00:00',122,23,521,NULL,NULL),
  (849,4,'2010-04-14 00:00:00',252,23,522,NULL,NULL),
  (850,2,'2010-04-12 00:00:00',623,23,522,NULL,NULL),
  (851,4,'2010-04-14 00:00:00',164,23,522,NULL,NULL),
  (852,1,'2010-04-14 00:00:00',18034,23,522,NULL,NULL),
  (853,1,'2010-04-16 00:00:00',18445,23,523,NULL,NULL),
  (854,1,'2010-04-15 00:00:00',3864,23,524,NULL,NULL),
  (855,4,'2010-04-15 00:00:00',54,23,524,NULL,NULL),
  (856,2,'2010-04-15 00:00:00',107,23,524,NULL,NULL),
  (857,4,'2010-04-16 00:00:00',305,23,525,NULL,NULL),
  (858,2,'2010-04-16 00:00:00',267,23,525,NULL,NULL),
  (859,9,'2010-04-16 00:00:00',88,23,525,NULL,NULL),
  (860,1,'2010-04-16 00:00:00',345,23,525,NULL,NULL),
  (861,1,'2010-04-15 00:00:00',17646,23,526,NULL,NULL),
  (862,2,'2010-04-15 00:00:00',912,23,526,NULL,NULL),
  (863,4,'2010-04-15 00:00:00',726,23,526,NULL,NULL),
  (864,1,'2010-04-16 00:00:00',23595,23,527,NULL,NULL),
  (865,2,'2010-04-15 00:00:00',125,23,528,NULL,NULL),
  (866,1,'2010-03-11 00:00:00',27181,34,529,NULL,NULL),
  (867,2,'2010-04-15 00:00:00',1529,24,530,NULL,NULL),
  (868,1,'2010-04-19 00:00:00',540,24,531,NULL,NULL),
  (869,2,'2010-04-20 00:00:00',300,24,531,NULL,NULL),
  (870,2,'2010-04-19 00:00:00',2500,24,532,NULL,NULL),
  (871,1,'2010-03-24 00:00:00',26010,34,533,NULL,NULL),
  (872,4,'2010-04-26 00:00:00',225,23,534,NULL,NULL),
  (873,2,'2010-04-26 00:00:00',168,23,534,NULL,NULL),
  (874,1,'2010-04-26 00:00:00',17051,23,534,NULL,NULL),
  (875,1,'2010-04-29 00:00:00',10234,23,535,NULL,NULL),
  (876,1,'2010-04-29 00:00:00',2423,23,536,NULL,NULL),
  (877,4,'2010-04-29 00:00:00',223,23,537,NULL,NULL),
  (878,2,'2010-04-29 00:00:00',153,23,537,NULL,NULL),
  (879,1,'2010-04-27 00:00:00',23595,23,538,NULL,NULL),
  (880,4,'2010-04-23 00:00:00',125,23,539,NULL,NULL),
  (881,1,'2010-05-06 00:00:00',15294,23,540,NULL,NULL),
  (882,9,'2010-04-01 00:00:00',12231,23,541,NULL,NULL),
  (883,1,'2010-05-03 00:00:00',3002,23,542,NULL,NULL),
  (884,4,'2010-05-03 00:00:00',81,23,542,NULL,NULL),
  (885,2,'2010-05-03 00:00:00',945,23,542,NULL,NULL),
  (887,1,'2010-05-11 00:00:00',24531,23,543,NULL,NULL),
  (888,1,'2010-05-10 00:00:00',11932,23,544,NULL,NULL),
  (889,2,'2010-05-10 00:00:00',1234,23,544,NULL,NULL),
  (890,1,'2010-05-13 00:00:00',10212,23,545,NULL,NULL),
  (891,1,'2010-05-10 00:00:00',2402,23,546,NULL,NULL),
  (892,4,'2010-05-10 00:00:00',113,23,546,NULL,NULL),
  (893,2,'2010-05-10 00:00:00',1668,23,546,NULL,NULL),
  (894,1,'2010-05-07 00:00:00',20874,23,547,NULL,NULL),
  (895,4,'2010-05-07 00:00:00',395,23,547,NULL,NULL),
  (896,2,'2010-05-07 00:00:00',663,23,547,NULL,NULL),
  (897,1,'2010-05-07 00:00:00',10762,23,548,NULL,NULL),
  (898,1,'2010-05-20 00:00:00',7742,23,549,NULL,NULL),
  (899,4,'2010-05-20 00:00:00',136,23,550,NULL,NULL),
  (900,2,'2010-05-20 00:00:00',1972,23,550,NULL,NULL),
  (901,1,'2010-05-20 00:00:00',3021,23,550,NULL,NULL),
  (902,1,'2010-05-13 00:00:00',10800,24,551,NULL,NULL),
  (903,2,'2010-05-19 00:00:00',272,24,551,NULL,NULL),
  (904,2,'2010-05-18 00:00:00',4150,24,551,NULL,NULL),
  (905,1,'2010-05-17 00:00:00',23645,23,552,NULL,NULL),
  (906,1,'2010-05-04 00:00:00',25500,23,553,NULL,NULL),
  (907,2,'2010-05-19 00:00:00',54,24,554,NULL,NULL),
  (908,1,'2010-05-14 00:00:00',564,24,554,NULL,NULL),
  (909,2,'2010-05-26 00:00:00',542,23,555,NULL,NULL),
  (910,1,'2010-05-26 00:00:00',23864,23,555,NULL,NULL),
  (911,1,'2010-05-26 00:00:00',18636,23,556,NULL,NULL),
  (912,9,'2010-05-26 00:00:00',530,23,556,NULL,NULL),
  (913,4,'2010-05-26 00:00:00',364,23,556,NULL,NULL),
  (914,2,'2010-05-11 00:00:00',139,23,557,NULL,NULL),
  (915,4,'2010-05-11 00:00:00',588,23,557,NULL,NULL),
  (916,1,'2010-06-03 00:00:00',7967,23,558,NULL,NULL),
  (917,3,'2010-05-28 00:00:00',159,23,559,NULL,NULL),
  (918,1,'2010-05-28 00:00:00',3289,23,559,NULL,NULL),
  (919,4,'2010-05-28 00:00:00',62,23,559,NULL,NULL),
  (920,2,'2010-05-28 00:00:00',134,23,559,NULL,NULL),
  (921,1,'2010-06-06 00:00:00',26000,34,560,NULL,NULL),
  (922,1,'2010-06-10 00:00:00',12102,23,561,NULL,NULL),
  (924,1,'2010-06-07 00:00:00',3601,23,562,NULL,NULL),
  (925,9,'2010-06-07 00:00:00',116,23,562,NULL,NULL),
  (926,1,'2010-06-07 00:00:00',2766,23,562,NULL,NULL),
  (927,1,'2010-06-08 00:00:00',20436,23,563,NULL,NULL),
  (928,2,'2010-06-08 00:00:00',1986,23,563,NULL,NULL),
  (929,4,'2010-06-08 00:00:00',1067,23,563,NULL,NULL),
  (930,1,'2010-06-09 00:00:00',6154,23,564,NULL,NULL),
  (931,1,'2010-06-03 00:00:00',24201,23,565,NULL,NULL),
  (932,4,'2010-06-03 00:00:00',89,23,566,NULL,NULL),
  (933,2,'2010-06-11 00:00:00',3240,24,567,NULL,NULL),
  (934,4,'2010-06-09 00:00:00',86,23,568,NULL,NULL),
  (935,2,'2010-06-14 00:00:00',8538,24,569,NULL,NULL),
  (936,1,'2010-06-14 00:00:00',7938,24,569,NULL,NULL),
  (937,7,'2010-06-16 00:00:00',24990,34,570,NULL,NULL),
  (938,2,'2010-06-15 00:00:00',1100,24,571,NULL,NULL),
  (939,1,'2010-06-17 00:00:00',3262,23,572,NULL,NULL),
  (940,4,'2010-06-17 00:00:00',123,23,572,NULL,NULL),
  (941,2,'2010-06-17 00:00:00',181,23,572,NULL,NULL),
  (942,7,'2010-06-17 00:00:00',9386,23,573,NULL,NULL),
  (943,1,'2010-06-11 00:00:00',540,24,574,NULL,NULL),
  (944,2,'2010-06-11 00:00:00',1000,24,574,NULL,NULL),
  (945,1,'2010-06-11 00:00:00',500,24,575,NULL,NULL),
  (946,2,'2010-06-11 00:00:00',2160,24,575,NULL,NULL),
  (947,2,'2010-06-11 00:00:00',2160,24,576,NULL,NULL),
  (948,1,'2010-06-11 00:00:00',500,24,576,NULL,NULL),
  (949,1,'2010-06-24 00:00:00',12412,23,577,NULL,NULL),
  (950,1,'2010-06-24 00:00:00',3062,23,578,NULL,NULL),
  (951,4,'2010-06-21 00:00:00',83,23,579,NULL,NULL),
  (952,1,'2010-06-22 00:00:00',24201,23,580,NULL,NULL),
  (953,4,'2010-06-08 00:00:00',1076,23,581,NULL,NULL),
  (954,1,'2010-06-08 00:00:00',286,23,581,NULL,NULL),
  (955,1,'2010-06-07 00:00:00',24990,34,582,NULL,NULL),
  (956,2,'2010-06-23 00:00:00',102,23,583,NULL,NULL),
  (957,4,'2010-06-23 00:00:00',49,23,583,NULL,NULL),
  (958,1,'2010-06-29 00:00:00',20964,23,584,NULL,NULL),
  (959,2,'2010-06-29 00:00:00',764,23,584,NULL,NULL),
  (960,1,'2010-06-27 00:00:00',18208,23,585,NULL,NULL),
  (961,2,'2010-06-27 00:00:00',24010,23,585,NULL,NULL),
  (962,4,'2010-06-23 00:00:00',89,23,586,NULL,NULL),
  (963,4,'2010-06-30 00:00:00',88,23,587,NULL,NULL),
  (964,4,'2010-07-02 00:00:00',1170,23,588,NULL,NULL),
  (965,1,'2010-07-02 00:00:00',22302,23,588,NULL,NULL),
  (966,2,'2010-07-08 00:00:00',103,23,589,NULL,NULL),
  (967,1,'2010-07-08 00:00:00',10390,23,589,NULL,NULL),
  (968,1,'2010-07-02 00:00:00',4794,23,590,NULL,NULL),
  (969,4,'2010-07-02 00:00:00',74,23,590,NULL,NULL),
  (970,2,'2010-07-02 00:00:00',74,23,590,NULL,NULL),
  (971,1,'2010-07-01 00:00:00',1023,23,591,NULL,NULL),
  (972,2,'2010-07-01 00:00:00',2191,23,591,NULL,NULL),
  (973,2,'2010-07-09 00:00:00',5000,24,592,NULL,NULL),
  (974,1,'2010-07-20 00:00:00',5940,24,592,NULL,NULL),
  (975,2,'2010-07-13 00:00:00',900,24,593,NULL,NULL),
  (976,1,'2010-07-15 00:00:00',7537,23,594,NULL,NULL),
  (977,2,'2010-07-21 00:00:00',110,23,594,NULL,NULL),
  (978,1,'2010-07-12 00:00:00',4764,23,595,NULL,NULL),
  (979,2,'2010-07-12 00:00:00',1112,23,595,NULL,NULL),
  (980,9,'2010-07-12 00:00:00',239,23,595,NULL,NULL),
  (981,4,'2010-07-12 00:00:00',259,23,595,NULL,NULL),
  (982,1,'2010-07-08 00:00:00',23595,23,596,NULL,NULL),
  (983,1,'2010-07-14 00:00:00',24000,23,597,NULL,NULL),
  (984,4,'2010-07-16 00:00:00',95,23,598,NULL,NULL),
  (985,2,'2010-07-22 00:00:00',128,23,599,NULL,NULL),
  (986,1,'2010-07-22 00:00:00',7004,23,599,NULL,NULL),
  (987,3,'2010-07-28 00:00:00',191,23,600,NULL,NULL),
  (988,4,'2010-07-19 00:00:00',45,23,600,NULL,NULL),
  (989,1,'2010-07-19 00:00:00',469,23,600,NULL,NULL),
  (990,2,'2010-07-19 00:00:00',979,23,600,NULL,NULL),
  (991,1,'2010-07-29 00:00:00',291,23,601,NULL,NULL),
  (992,4,'2010-07-23 00:00:00',23,23,601,NULL,NULL),
  (993,2,'2010-07-23 00:00:00',214,23,601,NULL,NULL),
  (994,1,'2010-07-15 00:00:00',23595,23,602,NULL,NULL),
  (995,1,'2010-07-23 00:00:00',15255,23,603,NULL,NULL),
  (996,2,'2010-07-23 00:00:00',834,23,603,NULL,NULL),
  (997,4,'2010-07-23 00:00:00',295,23,603,NULL,NULL),
  (998,1,'2010-06-16 00:00:00',25995,34,604,NULL,NULL),
  (999,4,'2010-07-23 00:00:00',205,23,605,NULL,NULL),
  (1000,1,'2010-07-29 00:00:00',7853,23,606,NULL,NULL),
  (1001,2,'2010-07-29 00:00:00',111,23,606,NULL,NULL),
  (1002,1,'2010-07-29 00:00:00',10964,23,607,NULL,NULL),
  (1003,2,'2010-07-29 00:00:00',9589,23,607,NULL,NULL),
  (1004,4,'2010-07-29 00:00:00',136,23,607,NULL,NULL),
  (1005,9,'2010-07-30 00:00:00',139,23,608,NULL,NULL),
  (1006,1,'2010-07-30 00:00:00',24254,23,608,NULL,NULL),
  (1007,1,'2010-08-02 00:00:00',23659,23,609,NULL,NULL),
  (1008,4,'2010-09-03 00:00:00',100,23,610,NULL,NULL),
  (1009,1,'2010-07-30 00:00:00',26,34,612,NULL,NULL),
  (1010,2,'2010-09-08 00:00:00',850,24,613,NULL,NULL),
  (1011,2,'2010-09-03 00:00:00',3859,24,614,NULL,NULL),
  (1012,1,'2010-09-10 00:00:00',22757,23,615,NULL,NULL),
  (1013,2,'2010-09-03 00:00:00',3859,24,616,NULL,NULL),
  (1014,2,'2010-09-03 00:00:00',1700,24,617,NULL,NULL),
  (1017,2,'2010-09-09 00:00:00',259,24,618,NULL,NULL),
  (1018,1,'2010-09-09 00:00:00',750,24,618,NULL,NULL),
  (1019,2,'2010-09-13 00:00:00',397,23,619,NULL,NULL),
  (1020,1,'2010-09-13 00:00:00',909,23,619,NULL,NULL),
  (1021,1,'2010-09-03 00:00:00',24201,23,620,NULL,NULL),
  (1022,1,'2010-09-22 00:00:00',27684,23,621,NULL,NULL),
  (1023,2,'2010-09-22 00:00:00',1144,23,621,NULL,NULL),
  (1024,1,'2010-08-16 00:00:00',26,34,622,NULL,NULL),
  (1025,7,'2010-09-23 00:00:00',2000,23,623,NULL,NULL),
  (1026,4,'2010-09-23 00:00:00',91,23,623,NULL,NULL),
  (1027,2,'2010-09-23 00:00:00',105,23,623,NULL,NULL),
  (1028,1,'2010-09-23 00:00:00',8091,23,624,NULL,NULL),
  (1029,1,'2010-09-27 00:00:00',22787,23,625,NULL,NULL),
  (1030,2,'2010-09-27 00:00:00',1017,23,625,NULL,NULL),
  (1031,1,'2010-09-27 00:00:00',43614,23,626,NULL,NULL),
  (1032,2,'2010-09-04 00:00:00',1396,23,626,NULL,NULL),
  (1033,4,'2010-09-04 00:00:00',913,23,626,NULL,NULL),
  (1034,4,'2010-10-04 00:00:00',138,23,627,NULL,NULL),
  (1035,4,'2010-09-30 00:00:00',4918,23,628,NULL,NULL),
  (1036,2,'2010-09-30 00:00:00',1038,23,628,NULL,NULL),
  (1037,1,'2010-09-30 00:00:00',2419,23,628,NULL,NULL),
  (1038,1,'2010-09-30 00:00:00',13430,23,629,NULL,NULL),
  (1039,1,'2010-10-01 00:00:00',24201,23,630,NULL,NULL),
  (1040,1,'2010-10-09 00:00:00',13464,23,631,NULL,NULL),
  (1041,2,'2010-10-07 00:00:00',2910,23,632,NULL,NULL);
COMMIT;

/* Data for the `tbltradeproductsdetails` table  (LIMIT 1000,500) */

INSERT INTO `tbltradeproductsdetails` (`recn`, `commodityRecn`, `dateOfTrade`, `weightInKG`, `country`, `tradeProductRecn`, `consignee_of_sender`, `consignee_of_receiver`) VALUES
  (1042,1,'2010-10-07 00:00:00',2630,23,632,NULL,NULL),
  (1043,4,'2010-10-07 00:00:00',100,23,632,NULL,NULL),
  (1044,2,'2010-10-05 00:00:00',2938,24,633,NULL,NULL),
  (1045,1,'2010-10-01 00:00:00',540,24,634,NULL,NULL),
  (1046,2,'2010-10-01 00:00:00',100,24,634,NULL,NULL),
  (1047,1,'2010-10-05 00:00:00',8124,23,635,NULL,NULL),
  (1048,2,'2010-10-05 00:00:00',1591,23,635,NULL,NULL),
  (1049,4,'2010-10-05 00:00:00',9,23,636,NULL,NULL),
  (1050,2,'2010-10-05 00:00:00',6,23,636,NULL,NULL),
  (1051,1,'2010-10-05 00:00:00',15,23,636,NULL,NULL),
  (1052,4,'2010-09-30 00:00:00',504,23,637,NULL,NULL),
  (1053,1,'2010-09-30 00:00:00',20675,23,637,NULL,NULL),
  (1054,1,'2010-10-12 00:00:00',19722,23,638,NULL,NULL),
  (1055,2,'2010-10-12 00:00:00',12594,23,638,NULL,NULL),
  (1056,2,'2010-10-01 00:00:00',709,24,639,NULL,NULL),
  (1057,1,'2010-10-01 00:00:00',5940,24,639,NULL,NULL),
  (1058,1,'2010-10-01 00:00:00',26,34,640,NULL,NULL),
  (1059,2,'2010-10-01 00:00:00',2150,24,641,NULL,NULL),
  (1060,1,'2010-10-11 00:00:00',18864,23,642,NULL,NULL),
  (1061,4,'2010-10-14 00:00:00',1054,23,643,NULL,NULL),
  (1062,1,'2010-10-14 00:00:00',51454,23,643,NULL,NULL),
  (1063,2,'2010-10-14 00:00:00',521,23,643,NULL,NULL),
  (1064,4,'2010-10-19 00:00:00',519,23,644,NULL,NULL),
  (1065,1,'2010-10-19 00:00:00',24201,23,645,NULL,NULL),
  (1066,1,'2010-10-11 00:00:00',18864,23,646,NULL,NULL),
  (1067,1,'2010-10-14 00:00:00',23388,23,647,NULL,NULL),
  (1068,4,'2010-10-14 00:00:00',479,23,647,NULL,NULL),
  (1069,2,'2010-10-14 00:00:00',419,23,647,NULL,NULL),
  (1070,1,'2010-10-19 00:00:00',24201,23,648,NULL,NULL),
  (1071,4,'2010-10-22 00:00:00',108,23,649,NULL,NULL),
  (1072,1,'2010-10-21 00:00:00',9580,23,650,NULL,NULL),
  (1073,1,'2010-10-22 00:00:00',4461,23,651,NULL,NULL),
  (1074,4,'2010-10-22 00:00:00',57,23,651,NULL,NULL),
  (1075,2,'2010-10-22 00:00:00',97,23,651,NULL,NULL),
  (1076,7,'2010-09-01 00:00:00',26722,34,652,NULL,NULL),
  (1077,1,'2010-10-28 00:00:00',4638,23,653,NULL,NULL),
  (1078,4,'2010-10-28 00:00:00',30,23,653,NULL,NULL),
  (1080,1,'2010-10-28 00:00:00',12790,23,654,NULL,NULL),
  (1081,2,'2010-10-29 00:00:00',107,23,655,NULL,NULL),
  (1082,4,'2010-10-12 00:00:00',1912,23,656,NULL,NULL),
  (1083,2,'2010-10-12 00:00:00',200,23,656,NULL,NULL),
  (1084,1,'2010-10-12 00:00:00',57,23,656,NULL,NULL),
  (1085,2,'2010-11-03 00:00:00',8922,23,657,NULL,NULL),
  (1086,1,'2010-11-03 00:00:00',16289,23,657,NULL,NULL),
  (1088,1,'2010-10-01 00:00:00',26,34,658,NULL,NULL),
  (1089,7,'2010-09-10 00:00:00',26,34,659,NULL,NULL),
  (1090,1,'2010-11-04 00:00:00',11323,23,660,NULL,NULL),
  (1091,1,'2010-11-04 00:00:00',5176,23,661,NULL,NULL),
  (1092,4,'2010-11-04 00:00:00',12,23,661,NULL,NULL),
  (1093,2,'2010-11-04 00:00:00',923,23,661,NULL,NULL),
  (1095,1,'2010-11-04 00:00:00',4860,24,662,NULL,NULL),
  (1096,2,'2010-11-04 00:00:00',2500,24,662,NULL,NULL),
  (1097,4,'2010-11-05 00:00:00',108,23,663,NULL,NULL),
  (1098,4,'2010-11-08 00:00:00',30,23,664,NULL,NULL),
  (1099,2,'2010-11-08 00:00:00',2098,23,664,NULL,NULL),
  (1100,1,'2010-11-08 00:00:00',4300,23,664,NULL,NULL),
  (1101,1,'2010-11-17 00:00:00',8022,23,665,NULL,NULL),
  (1102,1,'2010-10-28 00:00:00',15342,23,666,NULL,NULL),
  (1103,1,'2010-11-03 00:00:00',22404,23,667,NULL,NULL),
  (1104,2,'2010-10-29 00:00:00',1280,24,668,NULL,NULL),
  (1105,1,'2010-11-18 00:00:00',3074,23,669,NULL,NULL),
  (1106,2,'2010-11-18 00:00:00',2426,23,669,NULL,NULL),
  (1107,1,'2010-11-18 00:00:00',13153,23,670,NULL,NULL),
  (1108,2,'2010-11-18 00:00:00',3018,23,670,NULL,NULL),
  (1109,1,'2010-11-16 00:00:00',24201,23,671,NULL,NULL),
  (1110,4,'2010-11-16 00:00:00',108,23,672,NULL,NULL),
  (1111,4,'2010-11-19 00:00:00',113,23,673,NULL,NULL),
  (1112,1,'2010-11-23 00:00:00',15166,23,674,NULL,NULL),
  (1113,4,'2010-11-23 00:00:00',659,23,674,NULL,NULL),
  (1114,2,'2010-11-23 00:00:00',10620,23,674,NULL,NULL),
  (1115,1,'2010-12-01 00:00:00',24201,23,675,NULL,NULL),
  (1116,1,'2010-11-30 00:00:00',7699,23,676,NULL,NULL),
  (1117,2,'2010-11-30 00:00:00',1424,23,676,NULL,NULL),
  (1118,1,'2010-11-30 00:00:00',2636,23,677,NULL,NULL),
  (1119,2,'2010-11-30 00:00:00',1411,23,677,NULL,NULL),
  (1120,4,'2010-11-30 00:00:00',7306,23,677,NULL,NULL),
  (1121,2,'2010-11-26 00:00:00',1700,24,678,NULL,NULL),
  (1122,2,'2010-10-29 00:00:00',709,24,679,NULL,NULL),
  (1124,1,'2010-11-13 00:00:00',22404,23,680,NULL,NULL),
  (1125,2,'2010-10-29 00:00:00',1280,24,681,NULL,NULL),
  (1127,4,'2010-11-12 00:00:00',108,23,682,NULL,NULL),
  (1128,1,'2010-11-23 00:00:00',12217,23,683,NULL,NULL),
  (1129,2,'2010-11-23 00:00:00',1714,24,683,NULL,NULL),
  (1130,4,'2010-11-23 00:00:00',157,23,684,NULL,NULL),
  (1131,2,'2010-11-23 00:00:00',182,23,684,NULL,NULL),
  (1132,1,'2010-11-23 00:00:00',8693,23,684,NULL,NULL),
  (1133,2,'2010-11-26 00:00:00',859,24,685,NULL,NULL),
  (1134,1,'2010-11-26 00:00:00',540,24,685,NULL,NULL),
  (1135,7,'2010-12-07 00:00:00',11712,23,686,NULL,NULL),
  (1136,2,'2010-12-07 00:00:00',5090,23,686,NULL,NULL),
  (1137,1,'2010-12-08 00:00:00',5268,23,687,NULL,NULL),
  (1138,4,'2010-12-07 00:00:00',182,23,688,NULL,NULL),
  (1139,1,'2010-12-07 00:00:00',7054,23,688,NULL,NULL),
  (1140,9,'2010-12-07 00:00:00',1835,23,688,NULL,NULL),
  (1141,2,'2010-12-07 00:00:00',4117,23,688,NULL,NULL),
  (1142,1,'2010-12-08 00:00:00',2889,23,689,NULL,NULL),
  (1143,9,'2010-12-08 00:00:00',120,23,689,NULL,NULL),
  (1144,2,'2010-12-08 00:00:00',191,23,689,NULL,NULL),
  (1145,4,'2010-12-08 00:00:00',75,23,689,NULL,NULL),
  (1146,1,'2010-11-11 00:00:00',24547,23,690,NULL,NULL),
  (1147,2,'2010-11-30 00:00:00',2800,24,691,NULL,NULL),
  (1148,1,'2010-11-30 00:00:00',2700,24,691,NULL,NULL),
  (1149,4,'2010-12-07 00:00:00',22,23,692,NULL,NULL),
  (1150,2,'2010-12-07 00:00:00',62095,23,692,NULL,NULL),
  (1151,1,'2010-12-07 00:00:00',16954,23,692,NULL,NULL),
  (1152,4,'2010-12-14 00:00:00',1303,23,693,NULL,NULL),
  (1153,2,'2010-12-14 00:00:00',365,23,693,NULL,NULL),
  (1154,1,'2010-12-14 00:00:00',1610,23,693,NULL,NULL),
  (1155,4,'2010-12-22 00:00:00',128,23,694,NULL,NULL),
  (1156,1,'2010-12-21 00:00:00',15963,23,695,NULL,NULL),
  (1157,2,'2010-12-21 00:00:00',94,23,695,NULL,NULL),
  (1158,4,'2010-12-16 00:00:00',1997,23,696,NULL,NULL),
  (1159,1,'2010-12-16 00:00:00',4072,23,696,NULL,NULL),
  (1160,2,'2010-12-29 00:00:00',1400,24,697,NULL,NULL),
  (1161,1,'2010-12-25 00:00:00',24201,23,698,NULL,NULL),
  (1162,1,'2010-12-22 00:00:00',1122,23,699,NULL,NULL),
  (1163,2,'2010-12-23 00:00:00',2750,24,700,NULL,NULL),
  (1164,1,'2010-12-23 00:00:00',400,24,701,NULL,NULL),
  (1165,1,'2010-12-23 00:00:00',540,24,701,NULL,NULL),
  (1166,1,'2011-01-01 00:00:00',25905,34,702,NULL,NULL),
  (1167,4,'2010-12-30 00:00:00',105,23,703,NULL,NULL),
  (1168,2,'2011-01-05 00:00:00',91,23,704,NULL,NULL),
  (1169,1,'2011-01-05 00:00:00',15714,23,704,NULL,NULL),
  (1170,2,'2010-12-23 00:00:00',3100,24,705,NULL,NULL),
  (1171,1,'2010-11-18 00:00:00',25995,34,706,NULL,NULL),
  (1172,1,'2010-12-09 00:00:00',26,34,707,NULL,NULL),
  (1173,4,'2011-01-10 00:00:00',106,23,708,NULL,NULL),
  (1174,1,'2011-01-07 00:00:00',24201,23,709,NULL,NULL),
  (1175,1,'2011-01-07 00:00:00',17127,23,710,NULL,NULL),
  (1176,2,'2011-01-10 00:00:00',1032,23,710,NULL,NULL),
  (1177,4,'2011-01-10 00:00:00',1447,23,710,NULL,NULL),
  (1178,1,'2011-01-12 00:00:00',15526,23,711,NULL,NULL),
  (1179,2,'2011-01-12 00:00:00',88,23,711,NULL,NULL),
  (1180,1,'2011-01-12 00:00:00',4813,23,712,NULL,NULL),
  (1181,1,'2010-12-02 00:00:00',26,34,713,NULL,NULL),
  (1182,3,'2011-01-10 00:00:00',11957,50,714,NULL,NULL),
  (1183,1,'2011-01-13 00:00:00',20101,23,715,NULL,NULL),
  (1184,4,'2011-01-13 00:00:00',255,23,715,NULL,NULL),
  (1185,2,'2011-01-13 00:00:00',952,23,715,NULL,NULL),
  (1186,4,'2011-01-14 00:00:00',105,23,716,NULL,NULL),
  (1187,1,'2011-01-25 00:00:00',7833,23,717,NULL,NULL),
  (1188,2,'2011-01-25 00:00:00',1064,23,718,NULL,NULL),
  (1189,4,'2011-01-25 00:00:00',30,23,718,NULL,NULL),
  (1190,1,'2011-01-25 00:00:00',2480,23,718,NULL,NULL),
  (1191,9,'2011-01-25 00:00:00',417,23,718,NULL,NULL),
  (1192,4,'2011-01-27 00:00:00',538,23,719,NULL,NULL),
  (1194,2,'2011-01-25 00:00:00',1250,23,720,NULL,NULL),
  (1195,1,'2011-01-27 00:00:00',18341,23,721,NULL,NULL),
  (1196,4,'2011-01-27 00:00:00',949,23,721,NULL,NULL),
  (1198,2,'2011-01-21 00:00:00',2650,24,722,NULL,NULL),
  (1199,1,'2011-01-21 00:00:00',2700,24,722,NULL,NULL),
  (1200,9,'2011-01-28 00:00:00',2684,23,723,NULL,NULL),
  (1201,1,'2011-01-27 00:00:00',3636,23,723,NULL,NULL),
  (1202,4,'2011-01-10 00:00:00',1254,23,723,NULL,NULL),
  (1203,2,'2011-01-21 00:00:00',1200,24,724,NULL,NULL),
  (1204,2,'2011-01-21 00:00:00',300,24,725,NULL,NULL),
  (1205,1,'2011-01-21 00:00:00',1080,24,725,NULL,NULL),
  (1206,1,'2011-02-01 00:00:00',15459,23,726,NULL,NULL),
  (1207,1,'2011-02-01 00:00:00',2182,23,727,NULL,NULL),
  (1208,2,'2011-02-01 00:00:00',3677,23,727,NULL,NULL),
  (1209,1,'2011-02-02 00:00:00',10070,23,728,NULL,NULL),
  (1210,2,'2011-02-02 00:00:00',704,23,728,NULL,NULL),
  (1211,3,'2011-02-02 00:00:00',130,23,728,NULL,NULL),
  (1212,4,'2011-02-02 00:00:00',40,23,728,NULL,NULL),
  (1213,1,'2011-01-15 00:00:00',25449,23,729,NULL,NULL),
  (1214,7,'2011-01-10 00:00:00',25,34,730,NULL,NULL),
  (1215,2,'2011-01-28 00:00:00',652,23,731,NULL,NULL),
  (1216,4,'2011-01-28 00:00:00',369,23,731,NULL,NULL),
  (1217,2,'2011-02-15 00:00:00',109,23,732,NULL,NULL),
  (1218,1,'2011-02-15 00:00:00',16977,23,732,NULL,NULL),
  (1219,1,'2011-02-17 00:00:00',10355,23,733,NULL,NULL),
  (1220,1,'2011-02-15 00:00:00',2517,23,734,NULL,NULL),
  (1221,2,'2011-02-15 00:00:00',45,23,734,NULL,NULL),
  (1222,1,'2010-12-08 00:00:00',26,34,735,NULL,NULL),
  (1223,1,'2011-02-15 00:00:00',13047,23,736,NULL,NULL),
  (1224,2,'2011-02-15 00:00:00',91,23,736,NULL,NULL),
  (1225,9,'2011-02-22 00:00:00',89,23,736,NULL,NULL),
  (1226,1,'2011-03-12 00:00:00',25464,23,737,NULL,NULL),
  (1227,1,'2011-02-18 00:00:00',540,24,738,NULL,NULL),
  (1228,2,'2011-02-18 00:00:00',300,24,738,NULL,NULL),
  (1229,4,'2011-02-25 00:00:00',106,23,739,NULL,NULL),
  (1230,1,'2011-03-01 00:00:00',6480,24,740,NULL,NULL),
  (1231,2,'2011-03-01 00:00:00',2038,24,740,NULL,NULL),
  (1232,1,'2011-02-28 00:00:00',27324,23,741,NULL,NULL),
  (1233,2,'2011-02-28 00:00:00',208,23,741,NULL,NULL),
  (1234,2,'2011-02-18 00:00:00',1290,24,742,NULL,NULL),
  (1235,1,'2011-03-02 00:00:00',16371,23,743,NULL,NULL),
  (1236,2,'2011-03-02 00:00:00',136,23,744,NULL,NULL),
  (1237,4,'2011-03-02 00:00:00',138,23,744,NULL,NULL),
  (1238,1,'2011-03-02 00:00:00',2724,23,744,NULL,NULL),
  (1239,4,'2011-02-25 00:00:00',106,23,745,NULL,NULL),
  (1240,1,'2011-03-01 00:00:00',46182,23,747,NULL,NULL),
  (1241,9,'2011-01-04 00:00:00',12291,23,748,NULL,NULL),
  (1242,4,'2011-03-03 00:00:00',492,23,749,NULL,NULL),
  (1243,1,'2011-03-08 00:00:00',16072,23,750,NULL,NULL),
  (1244,1,'2011-03-09 00:00:00',2478,23,751,NULL,NULL),
  (1245,2,'2011-03-09 00:00:00',15,23,751,NULL,NULL),
  (1246,4,'2011-03-09 00:00:00',27,23,751,NULL,NULL),
  (1250,4,'2011-03-07 00:00:00',656,23,752,NULL,NULL),
  (1251,2,'2011-03-07 00:00:00',367,23,752,NULL,NULL),
  (1252,1,'2011-03-08 00:00:00',11729,23,753,NULL,NULL),
  (1253,2,'2011-03-18 00:00:00',3276,24,754,NULL,NULL),
  (1254,1,'2011-03-18 00:00:00',6108,24,754,NULL,NULL),
  (1255,4,'2011-03-21 00:00:00',2029,23,755,NULL,NULL),
  (1256,1,'2011-03-21 00:00:00',614,23,755,NULL,NULL),
  (1257,1,'2011-03-22 00:00:00',23615,23,756,NULL,NULL),
  (1258,2,'2011-03-18 00:00:00',1660,24,757,NULL,NULL),
  (1259,1,'2011-03-18 00:00:00',540,24,758,NULL,NULL),
  (1260,2,'2011-03-18 00:00:00',650,24,758,NULL,NULL),
  (1261,1,'2011-03-15 00:00:00',44000,23,759,NULL,NULL),
  (1262,4,'2011-03-15 00:00:00',190,23,759,NULL,NULL),
  (1263,1,'2011-03-18 00:00:00',22413,23,760,NULL,NULL),
  (1264,4,'2011-03-18 00:00:00',205,23,760,NULL,NULL),
  (1265,2,'2011-03-18 00:00:00',442,23,760,NULL,NULL),
  (1266,2,'2011-03-18 00:00:00',750,24,761,NULL,NULL),
  (1267,1,'2011-03-18 00:00:00',4000,24,761,NULL,NULL),
  (1268,1,'2011-01-12 00:00:00',25464,23,762,NULL,NULL),
  (1269,1,'2011-04-05 00:00:00',21893,23,763,NULL,NULL),
  (1270,1,'2011-03-25 00:00:00',23675,23,764,NULL,NULL),
  (1271,1,'2011-03-29 00:00:00',5428,23,765,NULL,NULL),
  (1272,4,'2011-04-04 00:00:00',67,23,766,NULL,NULL),
  (1273,1,'2011-04-05 00:00:00',7338,23,767,NULL,NULL),
  (1274,2,'2011-04-05 00:00:00',1135,23,768,NULL,NULL),
  (1275,4,'2011-03-31 00:00:00',2782,23,768,NULL,NULL),
  (1276,1,'2011-04-05 00:00:00',5965,23,768,NULL,NULL),
  (1277,1,'2011-04-14 00:00:00',24231,23,769,NULL,NULL),
  (1278,2,'2011-04-02 00:00:00',329720,23,770,NULL,NULL),
  (1279,1,'2011-04-02 00:00:00',277890,23,770,NULL,NULL),
  (1280,1,'2011-04-13 00:00:00',11275,23,771,NULL,NULL),
  (1281,2,'2011-04-12 00:00:00',454,23,772,NULL,NULL),
  (1282,1,'2011-04-12 00:00:00',6986,23,772,NULL,NULL),
  (1283,1,'2011-04-19 00:00:00',14425,23,773,NULL,NULL),
  (1284,4,'2011-04-19 00:00:00',3005,23,774,NULL,NULL),
  (1285,2,'2011-04-19 00:00:00',494,23,774,NULL,NULL),
  (1286,1,'2011-04-19 00:00:00',5369,23,774,NULL,NULL),
  (1287,1,'2011-04-19 00:00:00',23911,23,775,NULL,NULL),
  (1288,2,'2011-04-19 00:00:00',244,23,775,NULL,NULL),
  (1289,1,'2011-04-15 00:00:00',540,24,776,NULL,NULL),
  (1290,2,'2011-04-15 00:00:00',864,24,776,NULL,NULL),
  (1291,2,'2011-04-15 00:00:00',250,24,777,NULL,NULL),
  (1292,1,'2011-05-03 00:00:00',16789,23,778,NULL,NULL),
  (1293,1,'2011-05-03 00:00:00',17940,23,779,NULL,NULL),
  (1294,1,'2011-05-03 00:00:00',22869,23,780,NULL,NULL),
  (1295,4,'2011-05-11 00:00:00',278,23,780,NULL,NULL),
  (1296,1,'2011-04-25 00:00:00',23675,23,781,NULL,NULL),
  (1297,1,'2011-04-25 00:00:00',23675,23,782,NULL,NULL),
  (1298,1,'2011-05-05 00:00:00',24231,23,783,NULL,NULL),
  (1299,1,'2011-05-11 00:00:00',4737,23,784,NULL,NULL),
  (1300,9,'2011-05-11 00:00:00',81,23,784,NULL,NULL),
  (1301,4,'2011-05-11 00:00:00',1072,23,784,NULL,NULL),
  (1302,2,'2011-05-11 00:00:00',748,23,784,NULL,NULL),
  (1303,1,'2011-05-17 00:00:00',2537,23,785,NULL,NULL),
  (1304,2,'2011-05-17 00:00:00',318,23,785,NULL,NULL),
  (1305,4,'2011-05-17 00:00:00',1915,23,785,NULL,NULL),
  (1306,1,'2011-05-17 00:00:00',17759,23,786,NULL,NULL),
  (1310,2,'2011-05-13 00:00:00',1859,24,790,NULL,NULL),
  (1311,7,'2011-05-13 00:00:00',540,24,791,NULL,NULL),
  (1312,9,'2011-05-13 00:00:00',500,24,791,NULL,NULL),
  (1313,2,'2011-05-27 00:00:00',1300,24,792,NULL,NULL),
  (1314,1,'2011-05-24 00:00:00',3321,23,793,NULL,NULL),
  (1315,2,'2011-05-24 00:00:00',629,23,793,NULL,NULL),
  (1316,4,'2011-05-24 00:00:00',2,23,793,NULL,NULL),
  (1317,1,'2011-05-24 00:00:00',15534,23,794,NULL,NULL),
  (1318,2,'2011-05-13 00:00:00',1550,24,795,NULL,NULL),
  (1319,1,'2011-06-07 00:00:00',14077,23,796,NULL,NULL),
  (1321,1,'2011-06-07 00:00:00',1920,23,797,NULL,NULL),
  (1322,2,'2011-06-07 00:00:00',2222,23,797,NULL,NULL),
  (1323,1,'2011-06-14 00:00:00',4754,23,798,NULL,NULL),
  (1324,4,'2011-06-14 00:00:00',47,23,798,NULL,NULL),
  (1325,2,'2011-06-14 00:00:00',21,23,798,NULL,NULL),
  (1326,9,'2011-06-14 00:00:00',16,23,798,NULL,NULL),
  (1328,1,'2011-06-14 00:00:00',10290,23,799,NULL,NULL),
  (1329,1,'2011-06-14 00:00:00',734,23,799,NULL,NULL),
  (1330,4,'2011-06-15 00:00:00',388,23,800,NULL,NULL),
  (1331,2,'2011-06-15 00:00:00',742,23,800,NULL,NULL),
  (1332,1,'2011-06-15 00:00:00',24737,23,800,NULL,NULL),
  (1333,2,'2011-06-10 00:00:00',2390,24,801,NULL,NULL),
  (1334,2,'2011-06-14 00:00:00',1946,24,802,NULL,NULL),
  (1335,4,'2011-05-11 00:00:00',1041,23,803,NULL,NULL),
  (1336,1,'2011-05-11 00:00:00',886,23,803,NULL,NULL),
  (1337,4,'2011-06-10 00:00:00',108,23,804,NULL,NULL),
  (1338,2,'2011-06-14 00:00:00',1946,24,805,NULL,NULL),
  (1339,1,'2011-06-23 00:00:00',23455,23,806,NULL,NULL),
  (1340,4,'2011-06-23 00:00:00',713,23,806,NULL,NULL),
  (1341,2,'2011-06-23 00:00:00',11440,23,806,NULL,NULL),
  (1345,1,'2011-06-29 00:00:00',9367,23,808,NULL,NULL),
  (1346,1,'2011-06-29 00:00:00',6480,23,809,NULL,NULL),
  (1347,2,'2011-06-29 00:00:00',1632,23,809,NULL,NULL),
  (1348,4,'2011-06-29 00:00:00',86,23,809,NULL,NULL),
  (1349,1,'2011-06-03 00:00:00',25995,34,810,NULL,NULL),
  (1350,4,'2011-07-13 00:00:00',296,23,811,NULL,NULL),
  (1351,2,'2011-07-13 00:00:00',390,23,811,NULL,NULL),
  (1352,1,'2011-07-13 00:00:00',24290,23,811,NULL,NULL),
  (1353,4,'2011-07-12 00:00:00',267,23,812,NULL,NULL),
  (1354,1,'2011-07-12 00:00:00',5585,23,812,NULL,NULL),
  (1355,2,'2011-07-12 00:00:00',1527,23,812,NULL,NULL),
  (1356,9,'2011-07-12 00:00:00',83,23,812,NULL,NULL),
  (1357,7,'2011-07-12 00:00:00',8119,23,813,NULL,NULL),
  (1358,2,'2011-07-21 00:00:00',450,24,814,NULL,NULL),
  (1359,1,'2011-07-08 00:00:00',540,24,814,NULL,NULL),
  (1360,1,'2011-06-16 00:00:00',27,34,815,NULL,NULL),
  (1361,1,'2011-07-08 00:00:00',1600,24,816,NULL,NULL),
  (1362,1,'2011-06-16 00:00:00',27,34,817,NULL,NULL),
  (1363,1,'2011-07-08 00:00:00',1600,24,818,NULL,NULL),
  (1364,1,'2011-07-20 00:00:00',727,23,819,NULL,NULL),
  (1365,1,'2011-07-14 00:00:00',3780,23,820,NULL,NULL),
  (1366,2,'2011-07-08 00:00:00',3100,24,820,NULL,NULL),
  (1367,1,'2011-08-09 00:00:00',23150,23,821,NULL,NULL),
  (1368,4,'2011-08-09 00:00:00',581,23,821,NULL,NULL),
  (1369,9,'2011-08-09 00:00:00',1251,23,821,NULL,NULL),
  (1370,2,'2011-08-05 00:00:00',44490,24,822,NULL,NULL),
  (1371,1,'2011-08-05 00:00:00',7200,24,822,NULL,NULL),
  (1372,1,'2011-08-05 00:00:00',1500,24,823,NULL,NULL),
  (1373,7,'2011-08-16 00:00:00',24231,23,824,NULL,NULL),
  (1374,2,'2011-08-05 00:00:00',1300,24,825,NULL,NULL),
  (1375,2,'2011-08-05 00:00:00',4000,24,826,NULL,NULL),
  (1376,7,'2011-08-05 00:00:00',540,24,826,NULL,NULL),
  (1378,4,'2011-08-19 00:00:00',577,23,827,NULL,NULL),
  (1379,4,'2011-08-31 00:00:00',120,23,829,NULL,NULL),
  (1380,2,'2011-08-31 00:00:00',24439,23,829,NULL,NULL),
  (1381,1,'2011-08-24 00:00:00',11258,23,830,NULL,NULL),
  (1382,4,'2011-09-24 00:00:00',321,23,831,NULL,NULL),
  (1383,2,'2011-08-24 00:00:00',1162,23,831,NULL,NULL),
  (1384,1,'2011-08-24 00:00:00',4519,23,831,NULL,NULL),
  (1385,2,'2011-09-06 00:00:00',2500,24,832,NULL,NULL),
  (1386,1,'2011-09-06 00:00:00',14994,23,833,NULL,NULL),
  (1387,4,'2011-09-06 00:00:00',12,23,834,NULL,NULL),
  (1388,2,'2011-09-06 00:00:00',417,23,834,NULL,NULL),
  (1389,1,'2011-09-06 00:00:00',5032,23,834,NULL,NULL),
  (1390,2,'2011-09-08 00:00:00',273,23,835,NULL,NULL),
  (1391,1,'2011-09-08 00:00:00',17000,23,835,NULL,NULL),
  (1392,1,'2011-08-19 00:00:00',23675,23,836,NULL,NULL),
  (1393,1,'2011-09-02 00:00:00',800,24,837,NULL,NULL),
  (1394,2,'2011-09-02 00:00:00',140,24,837,NULL,NULL),
  (1395,1,'2011-09-12 00:00:00',24231,23,838,NULL,NULL),
  (1396,1,'2011-07-18 00:00:00',22440,34,839,NULL,NULL),
  (1397,1,'2011-09-02 00:00:00',540,24,840,NULL,NULL),
  (1398,2,'2011-09-06 00:00:00',564,24,840,NULL,NULL),
  (1399,2,'2011-09-15 00:00:00',2105,23,841,NULL,NULL),
  (1400,1,'2011-09-15 00:00:00',20122,23,841,NULL,NULL),
  (1401,1,'2011-07-11 00:00:00',27,34,842,NULL,NULL),
  (1402,1,'2011-07-14 00:00:00',27,34,843,NULL,NULL),
  (1403,1,'2011-09-20 00:00:00',1200,23,844,NULL,NULL),
  (1404,1,'2011-09-20 00:00:00',3942,23,845,NULL,NULL),
  (1405,1,'2011-09-20 00:00:00',22947,23,846,NULL,NULL),
  (1406,4,'2011-09-20 00:00:00',1263,23,846,NULL,NULL),
  (1407,9,'2011-09-20 00:00:00',249,23,846,NULL,NULL),
  (1409,1,'2011-10-05 00:00:00',14174,23,848,NULL,NULL),
  (1411,1,'2011-10-05 00:00:00',3790,23,849,NULL,NULL),
  (1412,2,'2011-10-05 00:00:00',1274,23,849,NULL,NULL),
  (1414,1,'2011-10-05 00:00:00',21857,23,851,NULL,NULL),
  (1415,4,'2011-10-05 00:00:00',927,23,851,NULL,NULL),
  (1416,2,'2011-10-05 00:00:00',318,23,851,NULL,NULL),
  (1417,1,'2011-09-30 00:00:00',540,24,852,NULL,NULL),
  (1418,2,'2011-09-30 00:00:00',700,24,852,NULL,NULL),
  (1420,2,'2011-10-06 00:00:00',2300,24,853,NULL,NULL),
  (1421,1,'2011-10-06 00:00:00',2700,24,853,NULL,NULL),
  (1424,1,'2011-09-26 00:00:00',24231,24,854,NULL,NULL),
  (1426,1,'2011-09-26 00:00:00',24231,23,855,NULL,NULL),
  (1427,1,'2011-10-11 00:00:00',11380,23,856,NULL,NULL),
  (1428,1,'2011-10-11 00:00:00',4454,23,857,NULL,NULL),
  (1429,2,'2011-10-11 00:00:00',614,23,857,NULL,NULL),
  (1430,4,'2011-10-11 00:00:00',61,23,857,NULL,NULL),
  (1431,1,'2011-10-25 00:00:00',9937,23,858,NULL,NULL),
  (1432,1,'2011-10-25 00:00:00',4496,23,859,NULL,NULL),
  (1433,2,'2011-10-25 00:00:00',2061,23,859,NULL,NULL),
  (1434,2,'2011-11-01 00:00:00',1019,23,860,NULL,NULL),
  (1435,1,'2011-11-02 00:00:00',25982,23,860,NULL,NULL),
  (1436,4,'2011-11-02 00:00:00',656,23,860,NULL,NULL),
  (1437,2,'2011-11-03 00:00:00',4465,24,861,NULL,NULL),
  (1438,1,'2011-11-03 00:00:00',3962,24,861,NULL,NULL),
  (1439,1,'2011-10-31 00:00:00',540,24,862,NULL,NULL),
  (1440,2,'2011-10-31 00:00:00',509,24,862,NULL,NULL),
  (1441,2,'2011-11-03 00:00:00',1700,24,863,NULL,NULL),
  (1443,1,'2011-09-27 00:00:00',27000,34,864,NULL,NULL),
  (1444,1,'2011-11-03 00:00:00',4917,23,865,NULL,NULL),
  (1445,4,'2011-11-03 00:00:00',252,23,865,NULL,NULL),
  (1446,9,'2011-11-03 00:00:00',602,23,865,NULL,NULL),
  (1447,2,'2011-11-03 00:00:00',1564,23,865,NULL,NULL),
  (1448,1,'2011-11-09 00:00:00',1209,23,866,NULL,NULL),
  (1449,1,'2011-10-25 00:00:00',25464,23,867,NULL,NULL),
  (1450,1,'2011-11-15 00:00:00',1404,23,868,NULL,NULL),
  (1451,2,'2011-11-15 00:00:00',8855,23,868,NULL,NULL),
  (1452,1,'2011-11-15 00:00:00',11542,23,869,NULL,NULL),
  (1453,2,'2011-11-15 00:00:00',1810,23,869,NULL,NULL),
  (1456,1,'2011-11-28 00:00:00',23970,34,870,NULL,NULL),
  (1457,1,'2011-11-18 00:00:00',3811,23,871,NULL,NULL),
  (1458,2,'2011-11-18 00:00:00',2605,23,871,NULL,NULL),
  (1460,1,'2011-11-21 00:00:00',6650,23,872,NULL,NULL),
  (1461,2,'2011-11-30 00:00:00',1825,23,872,NULL,NULL),
  (1462,1,'2011-11-14 00:00:00',668,23,874,NULL,NULL),
  (1463,1,'2011-11-08 00:00:00',252631,23,875,NULL,NULL),
  (1464,2,'2011-11-25 00:00:00',3820,24,876,NULL,NULL),
  (1465,1,'2011-11-25 00:00:00',3780,24,876,NULL,NULL),
  (1466,4,'2011-11-29 00:00:00',440,23,877,NULL,NULL),
  (1467,2,'2011-11-29 00:00:00',11702,23,877,NULL,NULL),
  (1468,1,'2011-11-29 00:00:00',1645,23,877,NULL,NULL),
  (1469,2,'2011-11-25 00:00:00',914,23,878,NULL,NULL),
  (1470,1,'2011-11-25 00:00:00',1080,24,878,NULL,NULL),
  (1471,1,'2011-11-28 00:00:00',23625,23,879,NULL,NULL),
  (1472,9,'2011-12-12 00:00:00',14,23,880,NULL,NULL),
  (1473,2,'2011-12-06 00:00:00',12525,23,881,NULL,NULL),
  (1474,4,'2011-12-06 00:00:00',312,23,881,NULL,NULL),
  (1475,1,'2011-12-06 00:00:00',14666,23,881,NULL,NULL),
  (1476,2,'2011-12-28 00:00:00',2464,24,882,NULL,NULL),
  (1477,3,'2011-11-18 00:00:00',11240,25,883,NULL,NULL),
  (1478,2,'2011-12-23 00:00:00',659,24,884,NULL,NULL),
  (1479,1,'2011-12-28 00:00:00',540,24,884,NULL,NULL),
  (1480,1,'2012-01-05 00:00:00',51403,23,885,NULL,NULL),
  (1481,1,'2011-12-06 00:00:00',4091,23,886,NULL,NULL),
  (1482,2,'2012-01-09 00:00:00',1602,23,886,NULL,NULL),
  (1483,4,'2011-12-06 00:00:00',1020,23,886,NULL,NULL),
  (1484,4,'2011-12-29 00:00:00',488,23,887,NULL,NULL),
  (1486,1,'2012-01-17 00:00:00',8950,23,888,NULL,NULL),
  (1487,2,'2012-01-17 00:00:00',217,23,888,NULL,NULL),
  (1488,1,'2012-01-17 00:00:00',22694,23,889,NULL,NULL),
  (1489,1,'2012-01-17 00:00:00',1379,23,890,NULL,NULL),
  (1490,9,'2012-01-17 00:00:00',88,23,890,NULL,NULL),
  (1491,2,'2012-01-17 00:00:00',937,23,890,NULL,NULL),
  (1492,8,'2012-01-17 00:00:00',19,23,890,NULL,NULL),
  (1493,1,'2012-01-17 00:00:00',22694,23,891,NULL,NULL),
  (1494,1,'2012-01-20 00:00:00',21100,23,892,NULL,NULL),
  (1495,2,'2012-01-20 00:00:00',773,23,892,NULL,NULL),
  (1496,4,'2012-01-20 00:00:00',773,23,892,NULL,NULL),
  (1497,1,'2012-01-24 00:00:00',7483,23,893,NULL,NULL),
  (1498,2,'2012-01-24 00:00:00',116,23,893,NULL,NULL),
  (1499,2,'2012-01-24 00:00:00',159,23,894,NULL,NULL),
  (1500,1,'2012-01-24 00:00:00',5259,23,894,NULL,NULL),
  (1501,2,'2012-01-20 00:00:00',43009,23,895,NULL,NULL),
  (1502,1,'2012-01-20 00:00:00',7677,23,895,NULL,NULL),
  (1503,1,'2012-01-24 00:00:00',23750,23,896,NULL,NULL),
  (1504,1,'2012-01-26 00:00:00',1875,23,897,NULL,NULL),
  (1505,1,'2012-01-18 00:00:00',28134,23,897,NULL,NULL),
  (1506,2,'2012-01-26 00:00:00',666,23,897,NULL,NULL),
  (1507,2,'2012-01-20 00:00:00',3890,24,898,NULL,NULL),
  (1508,1,'2012-01-31 00:00:00',9271,23,899,NULL,NULL),
  (1509,2,'2012-01-31 00:00:00',166,23,899,NULL,NULL),
  (1510,1,'2012-01-31 00:00:00',5485,23,900,NULL,NULL),
  (1511,2,'2012-01-31 00:00:00',1057,23,900,NULL,NULL),
  (1512,1,'2012-01-31 00:00:00',38120,23,901,NULL,NULL),
  (1513,2,'2012-01-31 00:00:00',109,23,901,NULL,NULL),
  (1514,9,'2012-01-31 00:00:00',1965,23,901,NULL,NULL),
  (1515,4,'2012-01-31 00:00:00',640,23,901,NULL,NULL),
  (1516,1,'2012-02-01 00:00:00',23750,23,902,NULL,NULL),
  (1517,4,'2012-01-12 00:00:00',168,23,903,NULL,NULL),
  (1518,1,'2012-01-12 00:00:00',1295,23,903,NULL,NULL),
  (1519,1,'2012-01-27 00:00:00',17020,23,904,NULL,NULL),
  (1520,1,'2012-01-26 00:00:00',28212,23,905,NULL,NULL),
  (1521,4,'2012-01-27 00:00:00',1142,23,904,NULL,NULL),
  (1522,2,'2012-01-27 00:00:00',685,23,904,NULL,NULL),
  (1523,2,'2012-02-08 00:00:00',909,23,906,NULL,NULL),
  (1524,4,'2012-02-08 00:00:00',10,23,906,NULL,NULL),
  (1525,1,'2012-02-08 00:00:00',6067,23,906,NULL,NULL),
  (1526,1,'2012-02-14 00:00:00',13456,23,907,NULL,NULL),
  (1527,1,'2012-02-14 00:00:00',5246,23,908,NULL,NULL),
  (1528,9,'2012-02-14 00:00:00',1001,23,908,NULL,NULL),
  (1529,9,'2012-02-14 00:00:00',307,23,908,NULL,NULL),
  (1530,4,'2012-02-14 00:00:00',33,23,908,NULL,NULL),
  (1531,1,'2012-02-14 00:00:00',13456,23,909,NULL,NULL),
  (1532,1,'2012-02-14 00:00:00',5246,23,910,NULL,NULL),
  (1533,3,'2012-02-14 00:00:00',1001,23,910,NULL,NULL),
  (1534,2,'2012-02-14 00:00:00',307,23,910,NULL,NULL),
  (1535,4,'2012-02-14 00:00:00',33,23,910,NULL,NULL),
  (1536,1,'2012-01-21 00:00:00',1,34,911,NULL,NULL),
  (1537,1,'2012-01-21 00:00:00',1,34,912,NULL,NULL),
  (1538,1,'2012-02-21 00:00:00',18636,23,913,NULL,NULL),
  (1539,2,'2012-02-28 00:00:00',13781,23,913,NULL,NULL),
  (1540,1,'2012-02-15 00:00:00',26430,23,914,NULL,NULL),
  (1541,1,'2012-02-15 00:00:00',2955,23,915,NULL,NULL),
  (1542,2,'2012-02-17 00:00:00',1835,23,915,NULL,NULL),
  (1543,1,'2012-02-17 00:00:00',1080,24,916,NULL,NULL),
  (1544,2,'2012-02-17 00:00:00',200,24,916,NULL,NULL),
  (1545,2,'2012-02-23 00:00:00',2200,24,917,NULL,NULL),
  (1546,2,'2012-02-17 00:00:00',1078,24,918,NULL,NULL),
  (1547,1,'2012-02-28 00:00:00',14298,23,919,NULL,NULL),
  (1548,1,'2012-02-28 00:00:00',3692,23,920,NULL,NULL),
  (1549,9,'2012-02-28 00:00:00',942,23,920,NULL,NULL),
  (1550,1,'2012-02-16 00:00:00',1500,24,921,NULL,NULL),
  (1551,1,'2012-02-03 00:00:00',26,34,922,NULL,NULL),
  (1552,1,'2012-02-28 00:00:00',24231,23,923,NULL,NULL),
  (1553,1,'2012-03-01 00:00:00',16192,23,924,NULL,NULL),
  (1554,4,'2012-02-27 00:00:00',363,23,924,NULL,NULL),
  (1555,4,'2012-02-24 00:00:00',105,23,925,NULL,NULL),
  (1556,9,'2012-03-09 00:00:00',12574,50,926,NULL,NULL),
  (1557,1,'2012-03-03 00:00:00',13800,23,927,NULL,NULL),
  (1558,1,'2012-03-03 00:00:00',6232,23,928,NULL,NULL),
  (1559,9,'2012-03-03 00:00:00',187,23,928,NULL,NULL),
  (1560,1,'2012-03-05 00:00:00',24231,23,929,NULL,NULL),
  (1562,9,'2012-02-21 00:00:00',14,23,930,NULL,NULL),
  (1563,1,'2012-02-21 00:00:00',30,23,930,NULL,NULL),
  (1566,1,'2012-03-12 00:00:00',15605,23,931,NULL,NULL),
  (1567,1,'2012-02-21 00:00:00',30,23,930,NULL,NULL),
  (1568,2,'2012-03-21 00:00:00',11500,24,932,NULL,NULL),
  (1569,4,'2012-03-12 00:00:00',88,23,931,NULL,NULL),
  (1570,1,'2012-03-14 00:00:00',9059,23,933,NULL,NULL),
  (1571,1,'2012-03-14 00:00:00',7588,23,934,NULL,NULL),
  (1572,2,'2012-03-21 00:00:00',1574,23,934,NULL,NULL),
  (1573,4,'2012-03-02 00:00:00',108,23,935,NULL,NULL),
  (1574,1,'2012-03-02 00:00:00',9534,23,936,NULL,NULL),
  (1575,4,'2012-03-02 00:00:00',636,23,936,NULL,NULL);
COMMIT;

/* Data for the `tbltradeproductsdetails` table  (LIMIT 1500,500) */

INSERT INTO `tbltradeproductsdetails` (`recn`, `commodityRecn`, `dateOfTrade`, `weightInKG`, `country`, `tradeProductRecn`, `consignee_of_sender`, `consignee_of_receiver`) VALUES
  (1576,2,'2012-03-02 00:00:00',455,23,936,NULL,NULL),
  (1577,1,'2012-03-21 00:00:00',864,23,937,NULL,NULL),
  (1578,2,'2012-03-21 00:00:00',388,23,937,NULL,NULL),
  (1579,4,'2012-03-16 00:00:00',194,23,938,NULL,NULL),
  (1580,1,'2012-03-16 00:00:00',131,24,939,NULL,NULL),
  (1581,2,'2012-03-16 00:00:00',3794,24,939,NULL,NULL),
  (1582,1,'2012-03-20 00:00:00',15071,23,940,NULL,NULL),
  (1584,1,'2012-03-20 00:00:00',4381,23,941,NULL,NULL),
  (1585,2,'2012-03-20 00:00:00',217,23,941,NULL,NULL),
  (1586,4,'2012-03-20 00:00:00',14,23,941,NULL,NULL),
  (1587,1,'2012-03-22 00:00:00',19247,23,943,NULL,NULL),
  (1588,4,'2012-03-22 00:00:00',1166,23,943,NULL,NULL),
  (1589,2,'2012-03-21 00:00:00',1300,24,944,NULL,NULL),
  (1590,4,'2012-03-25 00:00:00',90,23,945,NULL,NULL),
  (1591,1,'2012-04-03 00:00:00',15509,23,946,NULL,NULL),
  (1592,4,'2012-04-04 00:00:00',136,23,946,NULL,NULL),
  (1593,9,'2012-04-04 00:00:00',273,23,946,NULL,NULL),
  (1594,1,'2012-04-03 00:00:00',15304,23,947,NULL,NULL),
  (1595,1,'2012-04-03 00:00:00',3895,23,948,NULL,NULL),
  (1596,4,'2012-04-03 00:00:00',359,23,948,NULL,NULL),
  (1597,1,'2012-04-11 00:00:00',14143,23,949,NULL,NULL),
  (1598,1,'2012-04-11 00:00:00',4082,23,950,NULL,NULL),
  (1599,1,'2012-03-30 00:00:00',60,23,951,NULL,NULL),
  (1600,2,'2012-03-30 00:00:00',833,23,951,NULL,NULL),
  (1601,4,'2012-03-30 00:00:00',95,23,951,NULL,NULL),
  (1602,1,'2012-04-04 00:00:00',24231,23,952,NULL,NULL),
  (1603,2,'2012-04-13 00:00:00',5354,24,953,NULL,NULL),
  (1604,1,'2012-02-29 00:00:00',26565,34,954,NULL,NULL),
  (1605,1,'2012-04-17 00:00:00',3194,23,955,NULL,NULL),
  (1606,4,'2012-04-17 00:00:00',1435,23,955,NULL,NULL),
  (1607,9,'2012-04-17 00:00:00',215,23,955,NULL,NULL),
  (1608,2,'2012-04-17 00:00:00',3111,23,955,NULL,NULL),
  (1609,1,'2012-04-17 00:00:00',9654,23,956,NULL,NULL),
  (1610,1,'2012-04-23 00:00:00',21551,23,957,NULL,NULL),
  (1611,4,'2012-04-30 00:00:00',409,23,957,NULL,NULL),
  (1612,9,'2012-04-30 00:00:00',435,23,957,NULL,NULL),
  (1613,1,'2012-04-25 00:00:00',10612,23,958,NULL,NULL),
  (1614,1,'2012-04-24 00:00:00',3065,23,959,NULL,NULL),
  (1615,2,'2012-04-17 00:00:00',1800,24,960,NULL,NULL),
  (1616,7,'2012-05-01 00:00:00',15756,23,964,NULL,NULL),
  (1617,1,'2012-04-24 00:00:00',15295,23,962,NULL,NULL),
  (1618,2,'2012-04-23 00:00:00',2295,23,962,NULL,NULL),
  (1619,4,'2012-05-08 00:00:00',99,23,963,NULL,NULL),
  (1622,1,'2012-04-26 00:00:00',3735,23,965,NULL,NULL),
  (1623,2,'2012-04-26 00:00:00',73,23,965,NULL,NULL),
  (1624,1,'2012-04-26 00:00:00',24231,23,966,NULL,NULL),
  (1625,4,'2012-05-09 00:00:00',630,23,967,NULL,NULL),
  (1626,2,'2012-05-07 00:00:00',1146,24,967,NULL,NULL),
  (1627,1,'2012-05-09 00:00:00',50248,23,967,NULL,NULL),
  (1630,1,'2012-05-22 00:00:00',9694,23,970,NULL,NULL),
  (1631,1,'2012-05-22 00:00:00',5940,23,971,NULL,NULL),
  (1632,4,'2012-05-22 00:00:00',1229,23,971,NULL,NULL),
  (1633,2,'2012-05-11 00:00:00',750,24,972,NULL,NULL),
  (1634,1,'2012-05-11 00:00:00',1080,24,972,NULL,NULL),
  (1635,2,'2012-05-11 00:00:00',3464,24,974,NULL,NULL),
  (1636,1,'2012-05-11 00:00:00',2700,24,974,NULL,NULL),
  (1637,1,'2012-05-22 00:00:00',23236,23,975,NULL,NULL),
  (1638,1,'2012-05-23 00:00:00',10394,24,976,NULL,NULL),
  (1639,1,'2012-05-23 00:00:00',5424,23,977,NULL,NULL),
  (1640,2,'2012-05-15 00:00:00',1750,24,978,NULL,NULL),
  (1641,1,'2012-05-30 00:00:00',13680,23,979,NULL,NULL),
  (1642,4,'2012-05-30 00:00:00',14,23,980,NULL,NULL),
  (1643,2,'2012-05-30 00:00:00',141,23,980,NULL,NULL),
  (1644,1,'2012-05-30 00:00:00',5664,23,980,NULL,NULL),
  (1647,7,'2012-05-25 00:00:00',24180,23,981,NULL,NULL),
  (1648,1,'2012-06-05 00:00:00',24173,23,982,NULL,NULL),
  (1649,4,'2012-06-05 00:00:00',947,23,982,NULL,NULL),
  (1650,9,'2012-06-06 00:00:00',399,23,982,NULL,NULL),
  (1651,1,'2012-06-06 00:00:00',3392,23,983,NULL,NULL),
  (1652,1,'2012-06-06 00:00:00',6656,23,984,NULL,NULL),
  (1653,9,'2012-06-05 00:00:00',136,23,985,NULL,NULL),
  (1654,4,'2012-06-05 00:00:00',36,23,985,NULL,NULL),
  (1655,1,'2012-05-10 00:00:00',28005,34,986,NULL,NULL),
  (1656,1,'2012-06-01 00:00:00',101,23,987,NULL,NULL),
  (1657,1,'2012-04-23 00:00:00',27000,34,988,NULL,NULL),
  (1658,1,'2012-06-13 00:00:00',18118,23,989,NULL,NULL),
  (1659,4,'2012-06-11 00:00:00',627,23,989,NULL,NULL),
  (1660,7,'2012-06-11 00:00:00',109,23,989,NULL,NULL),
  (1661,4,'2012-06-08 00:00:00',1129,23,990,NULL,NULL),
  (1662,4,'2012-06-08 00:00:00',1159,23,990,NULL,NULL),
  (1663,1,'2012-06-08 00:00:00',24180,23,991,NULL,NULL),
  (1664,1,'2012-05-10 00:00:00',24914,34,992,NULL,NULL),
  (1665,1,'2012-06-12 00:00:00',9877,23,993,NULL,NULL),
  (1666,1,'2012-06-12 00:00:00',8357,23,994,NULL,NULL),
  (1669,2,'2012-06-08 00:00:00',2400,24,995,NULL,NULL),
  (1670,2,'2012-06-08 00:00:00',2210,24,996,NULL,NULL),
  (1671,1,'2012-06-20 00:00:00',14224,23,997,NULL,NULL),
  (1672,1,'2012-06-20 00:00:00',5424,23,998,NULL,NULL),
  (1673,4,'2012-06-20 00:00:00',27,23,998,NULL,NULL),
  (1674,1,'2012-06-25 00:00:00',24231,23,999,NULL,NULL),
  (1676,4,'2012-06-15 00:00:00',72,23,1000,NULL,NULL),
  (1677,1,'2012-06-26 00:00:00',24136,23,1001,NULL,NULL),
  (1678,1,'2012-06-19 00:00:00',5904,23,1002,NULL,NULL),
  (1679,2,'2012-06-19 00:00:00',1076,23,1002,NULL,NULL),
  (1680,4,'2012-06-21 00:00:00',341,23,1002,NULL,NULL),
  (1681,9,'2012-06-21 00:00:00',668,23,1002,NULL,NULL),
  (1682,1,'2012-07-02 00:00:00',545,23,1003,NULL,NULL),
  (1683,2,'2012-07-03 00:00:00',2,23,1003,NULL,NULL),
  (1684,1,'2012-06-27 00:00:00',3205,23,1004,NULL,NULL),
  (1685,9,'2012-06-27 00:00:00',524,23,1004,NULL,NULL),
  (1686,4,'2012-06-27 00:00:00',276,23,1004,NULL,NULL),
  (1687,2,'2012-06-27 00:00:00',1379,23,1004,NULL,NULL),
  (1688,4,'2012-06-19 00:00:00',90,24,1005,NULL,NULL),
  (1689,1,'2012-07-01 00:00:00',16032,23,1006,NULL,NULL),
  (1690,1,'2012-07-10 00:00:00',7966,23,1007,NULL,NULL),
  (1691,4,'2012-07-10 00:00:00',234,35,1007,NULL,NULL),
  (1692,9,'2012-07-10 00:00:00',1109,23,1007,NULL,NULL),
  (1693,1,'2012-07-10 00:00:00',9229,23,1008,NULL,NULL),
  (1694,1,'2012-07-06 00:00:00',540,24,1009,NULL,NULL),
  (1695,2,'2012-07-06 00:00:00',394,24,1009,NULL,NULL),
  (1696,9,'2012-07-06 00:00:00',1670,24,1010,NULL,NULL),
  (1697,2,'2012-07-10 00:00:00',2320,24,1011,NULL,NULL),
  (1698,4,'2012-07-13 00:00:00',72,24,1012,NULL,NULL),
  (1699,2,'2012-07-13 00:00:00',638,23,1012,NULL,NULL),
  (1700,1,'2012-07-13 00:00:00',10782,23,1012,NULL,NULL),
  (1701,1,'2012-07-18 00:00:00',23259,23,1013,NULL,NULL),
  (1702,4,'2012-07-18 00:00:00',1839,23,1013,NULL,NULL),
  (1704,4,'2012-07-18 00:00:00',982,23,1014,NULL,NULL),
  (1705,1,'2012-07-18 00:00:00',105194086,23,1014,NULL,NULL),
  (1706,4,'2012-07-13 00:00:00',852,23,1015,NULL,NULL),
  (1707,9,'2012-07-26 00:00:00',14646,50,1016,NULL,NULL),
  (1708,2,'2012-07-16 00:00:00',429,23,1017,NULL,NULL),
  (1709,4,'2012-07-16 00:00:00',1358,23,1017,NULL,NULL),
  (1710,1,'2012-07-16 00:00:00',52,23,1017,NULL,NULL),
  (1711,1,'2012-07-16 00:00:00',153,23,1018,NULL,NULL),
  (1712,1,'2012-07-19 00:00:00',23615,23,1019,NULL,NULL),
  (1713,1,'2012-07-25 00:00:00',15375,23,1020,NULL,NULL),
  (1714,1,'2012-07-25 00:00:00',5487,23,1021,NULL,NULL),
  (1715,2,'2012-07-30 00:00:00',81,23,1022,NULL,NULL),
  (1716,1,'2012-07-25 00:00:00',4773,23,1022,NULL,NULL),
  (1717,1,'2012-06-30 00:00:00',26,34,1023,NULL,NULL),
  (1718,4,'2012-07-27 00:00:00',113,23,1024,NULL,NULL),
  (1719,1,'2012-08-02 00:00:00',2950,23,1025,NULL,NULL),
  (1720,2,'2012-08-08 00:00:00',53,23,1025,NULL,NULL),
  (1721,4,'2012-08-08 00:00:00',25,23,1025,NULL,NULL),
  (1722,1,'2012-08-02 00:00:00',12037,23,1026,NULL,NULL),
  (1723,1,'2012-08-08 00:00:00',3568,23,1027,NULL,NULL),
  (1724,1,'2012-08-07 00:00:00',14595,23,1028,NULL,NULL),
  (1725,1,'2012-08-07 00:00:00',5636,23,1029,NULL,NULL),
  (1726,4,'2012-08-03 00:00:00',724,23,1029,NULL,NULL),
  (1727,4,'2012-07-30 00:00:00',272,23,1030,NULL,NULL),
  (1728,1,'2012-07-31 00:00:00',21356,23,1030,NULL,NULL),
  (1729,2,'2012-07-30 00:00:00',941,23,1030,NULL,NULL),
  (1730,4,'2012-08-03 00:00:00',111,23,1031,NULL,NULL),
  (1732,2,'2012-08-06 00:00:00',3100,24,1032,NULL,NULL),
  (1733,1,'2012-08-06 00:00:00',1690,24,1032,NULL,NULL),
  (1734,2,'2012-08-06 00:00:00',600,24,1033,NULL,NULL),
  (1735,7,'2012-08-06 00:00:00',540,24,1033,NULL,NULL),
  (1736,1,'2012-08-07 00:00:00',23615,23,1034,NULL,NULL),
  (1737,1,'2012-06-04 00:00:00',26505,34,1035,NULL,NULL),
  (1738,2,'2012-08-06 00:00:00',2105,24,1036,NULL,NULL),
  (1739,4,'2012-08-10 00:00:00',110,23,1037,NULL,NULL),
  (1740,2,'2012-08-06 00:00:00',1000,24,1039,NULL,NULL),
  (1741,1,'2012-08-21 00:00:00',12222,23,1040,NULL,NULL),
  (1742,1,'2012-08-15 00:00:00',6726,23,1041,NULL,NULL),
  (1745,2,'2012-08-14 00:00:00',1713,23,1043,NULL,NULL),
  (1746,1,'2012-08-14 00:00:00',21408,23,1043,NULL,NULL),
  (1747,4,'2012-08-14 00:00:00',798,23,1043,NULL,NULL),
  (1748,4,'2012-08-20 00:00:00',348,23,1044,NULL,NULL),
  (1749,2,'2012-08-28 00:00:00',1510,23,1044,NULL,NULL),
  (1750,1,'2012-08-28 00:00:00',17303,23,1044,NULL,NULL),
  (1751,1,'2012-08-21 00:00:00',24231,23,1045,NULL,NULL),
  (1752,4,'2012-08-17 00:00:00',110,23,1046,NULL,NULL),
  (1753,2,'2012-08-17 00:00:00',204,23,1046,NULL,NULL),
  (1754,1,'2012-08-17 00:00:00',23,23,1046,NULL,NULL),
  (1755,2,'2012-08-21 00:00:00',3542,23,1047,NULL,NULL),
  (1756,1,'2012-08-21 00:00:00',164,23,1047,NULL,NULL),
  (1757,1,'2012-08-31 00:00:00',21329,23,1048,NULL,NULL),
  (1758,4,'2012-08-31 00:00:00',136,23,1048,NULL,NULL),
  (1759,2,'2012-08-31 00:00:00',1636,23,1048,NULL,NULL),
  (1760,1,'2012-08-28 00:00:00',4909,23,1049,NULL,NULL),
  (1761,1,'2012-08-28 00:00:00',10756,23,1050,NULL,NULL),
  (1762,1,'2012-08-28 00:00:00',218,23,1051,NULL,NULL),
  (1763,4,'2012-08-24 00:00:00',72,23,1052,NULL,NULL),
  (1765,1,'2012-09-05 00:00:00',23211,23,1053,NULL,NULL),
  (1766,4,'2012-09-05 00:00:00',572,23,1053,NULL,NULL),
  (1767,2,'2012-08-31 00:00:00',3100,23,1054,NULL,NULL),
  (1768,2,'2012-09-05 00:00:00',400,24,1055,NULL,NULL),
  (1769,1,'2012-08-31 00:00:00',1080,24,1055,NULL,NULL),
  (1771,1,'2012-09-11 00:00:00',16691,23,1056,NULL,NULL),
  (1772,4,'2012-09-10 00:00:00',205,23,1056,NULL,NULL),
  (1773,1,'2012-09-04 00:00:00',24231,23,1057,NULL,NULL),
  (1774,1,'2012-09-12 00:00:00',10602,23,1058,NULL,NULL),
  (1775,1,'2012-09-12 00:00:00',7713,23,1059,NULL,NULL),
  (1776,2,'2012-09-12 00:00:00',75,23,1059,NULL,NULL),
  (1777,1,'2012-09-11 00:00:00',16600,23,1060,NULL,NULL),
  (1778,4,'2012-09-11 00:00:00',1067,23,1060,NULL,NULL),
  (1779,9,'2012-09-11 00:00:00',1136,23,1060,NULL,NULL),
  (1780,2,'2012-09-11 00:00:00',1763,23,1060,NULL,NULL),
  (1781,4,'2012-09-12 00:00:00',1995,23,1061,NULL,NULL),
  (1782,1,'2012-09-12 00:00:00',18083,23,1061,NULL,NULL),
  (1783,2,'2012-09-11 00:00:00',1225,23,1061,NULL,NULL),
  (1784,9,'2012-09-12 00:00:00',345,23,1061,NULL,NULL),
  (1785,4,'2012-09-18 00:00:00',164,23,1062,NULL,NULL),
  (1786,1,'2012-09-18 00:00:00',479,23,1062,NULL,NULL),
  (1787,1,'2012-09-14 00:00:00',24136,23,1063,NULL,NULL),
  (1788,1,'2012-09-19 00:00:00',17141,23,1064,NULL,NULL),
  (1789,4,'2012-09-19 00:00:00',409,23,1064,NULL,NULL),
  (1790,1,'2012-08-01 00:00:00',27,34,1065,NULL,NULL),
  (1791,1,'2012-08-24 00:00:00',11004,34,1066,NULL,NULL),
  (1792,1,'2012-09-19 00:00:00',4091,23,1067,NULL,NULL),
  (1793,1,'2012-09-25 00:00:00',19091,23,1068,NULL,NULL),
  (1794,4,'2012-09-24 00:00:00',291,23,1068,NULL,NULL),
  (1795,1,'2012-09-21 00:00:00',273,23,1069,NULL,NULL),
  (1796,4,'2012-09-21 00:00:00',115,23,1069,NULL,NULL),
  (1797,4,'2012-09-14 00:00:00',225,23,1070,NULL,NULL),
  (1798,1,'2012-09-28 00:00:00',182,23,1071,NULL,NULL),
  (1799,4,'2012-09-28 00:00:00',100,23,1071,NULL,NULL),
  (1800,2,'2012-09-28 00:00:00',22,23,1071,NULL,NULL),
  (1801,1,'2012-09-25 00:00:00',3136,23,1072,NULL,NULL),
  (1802,1,'2012-09-25 00:00:00',140049,23,1073,NULL,NULL),
  (1803,4,'2012-09-25 00:00:00',82,23,1073,NULL,NULL),
  (1804,2,'2012-09-25 00:00:00',176,23,1073,NULL,NULL),
  (1805,9,'2012-08-20 00:00:00',11260,25,1074,NULL,NULL),
  (1806,2,'2012-09-28 00:00:00',1800,24,1075,NULL,NULL),
  (1807,1,'2012-10-02 00:00:00',8997,23,1076,NULL,NULL),
  (1808,1,'2012-10-02 00:00:00',618,23,1077,NULL,NULL),
  (1809,2,'2012-09-27 00:00:00',101,23,1077,NULL,NULL),
  (1810,4,'2012-09-27 00:00:00',31,23,1077,NULL,NULL),
  (1811,4,'2012-10-05 00:00:00',39,23,1078,NULL,NULL),
  (1812,2,'2012-09-24 00:00:00',5429,24,1079,NULL,NULL),
  (1813,2,'2012-10-02 00:00:00',850,24,1080,NULL,NULL),
  (1814,1,'2012-09-28 00:00:00',540,24,1080,NULL,NULL),
  (1815,4,'2012-10-05 00:00:00',39,23,1081,NULL,NULL),
  (1816,2,'2012-10-02 00:00:00',1850,24,1082,NULL,NULL),
  (1817,1,'2012-10-09 00:00:00',13184,24,1083,NULL,NULL),
  (1818,2,'2012-10-04 00:00:00',45,23,1084,NULL,NULL),
  (1819,1,'2012-10-09 00:00:00',5761,23,1084,NULL,NULL),
  (1820,4,'2012-10-10 00:00:00',1764,23,1085,NULL,NULL),
  (1821,2,'2012-10-17 00:00:00',6962,23,1085,NULL,NULL),
  (1822,1,'2012-10-17 00:00:00',1907,23,1085,NULL,NULL),
  (1823,1,'2012-10-12 00:00:00',7604,24,1086,NULL,NULL),
  (1824,2,'2012-09-20 00:00:00',490,23,1086,NULL,NULL),
  (1825,4,'2012-09-12 00:00:00',57,23,1086,NULL,NULL),
  (1828,1,'2012-10-12 00:00:00',182,23,1087,NULL,NULL),
  (1829,9,'2012-10-12 00:00:00',46,23,1087,NULL,NULL),
  (1830,4,'2012-10-12 00:00:00',554,23,1087,NULL,NULL),
  (1831,2,'2012-10-12 00:00:00',197,23,1087,NULL,NULL),
  (1832,1,'2012-10-16 00:00:00',12579,23,1088,NULL,NULL),
  (1833,1,'2012-10-16 00:00:00',5392,23,1089,NULL,NULL),
  (1834,2,'2012-10-11 00:00:00',66,23,1089,NULL,NULL),
  (1835,4,'2012-10-11 00:00:00',98,23,1089,NULL,NULL),
  (1836,1,'2012-09-27 00:00:00',16919,24,1090,NULL,NULL),
  (1837,1,'2012-08-29 00:00:00',27,34,1091,NULL,NULL),
  (1838,4,'2012-10-19 00:00:00',818,23,1092,NULL,NULL),
  (1839,1,'2012-10-19 00:00:00',36,23,1092,NULL,NULL),
  (1840,1,'2012-10-23 00:00:00',25207,23,1093,NULL,NULL),
  (1841,4,'2012-10-23 00:00:00',491,23,1093,NULL,NULL),
  (1842,9,'2012-10-25 00:00:00',550,24,1094,NULL,NULL),
  (1843,1,'2012-10-19 00:00:00',540,24,1094,NULL,NULL),
  (1844,4,'2012-10-26 00:00:00',1276,23,1095,NULL,NULL),
  (1845,1,'2012-10-26 00:00:00',273,23,1095,NULL,NULL),
  (1846,2,'2012-10-26 00:00:00',266,23,1095,NULL,NULL),
  (1847,4,'2012-11-03 00:00:00',273,23,1096,NULL,NULL),
  (1848,4,'2012-10-26 00:00:00',36,23,1097,NULL,NULL),
  (1849,2,'2012-10-25 00:00:00',2200,24,1098,NULL,NULL),
  (1850,2,'2012-10-11 00:00:00',1100,24,1099,NULL,NULL),
  (1851,1,'2012-10-31 00:00:00',1132,23,1100,NULL,NULL),
  (1852,1,'2012-10-30 00:00:00',23544,23,1101,NULL,NULL),
  (1853,1,'2012-10-30 00:00:00',7641,23,1102,NULL,NULL),
  (1854,1,'2012-10-30 00:00:00',2773,23,1103,NULL,NULL),
  (1855,2,'2012-10-30 00:00:00',984,23,1103,NULL,NULL),
  (1856,1,'2012-11-05 00:00:00',19843,23,1104,NULL,NULL),
  (1857,2,'2012-11-08 00:00:00',893,23,1104,NULL,NULL),
  (1858,4,'2012-11-07 00:00:00',279,23,1104,NULL,NULL),
  (1859,1,'2012-11-07 00:00:00',2966,23,1105,NULL,NULL),
  (1861,1,'2012-11-07 00:00:00',7570,23,1106,NULL,NULL),
  (1862,1,'2012-11-13 00:00:00',21478,23,1107,NULL,NULL),
  (1863,9,'2012-11-13 00:00:00',11734,23,1107,NULL,NULL),
  (1864,4,'2012-11-13 00:00:00',1260,23,1107,NULL,NULL),
  (1865,1,'2012-11-13 00:00:00',8550,23,1108,NULL,NULL),
  (1866,2,'2012-11-13 00:00:00',2759,23,1108,NULL,NULL),
  (1867,2,'2012-11-13 00:00:00',3372,23,1109,NULL,NULL),
  (1868,4,'2012-11-13 00:00:00',21,23,1109,NULL,NULL),
  (1869,2,'2012-11-13 00:00:00',7358,23,1110,NULL,NULL),
  (1870,4,'2012-11-13 00:00:00',315,23,1110,NULL,NULL),
  (1871,1,'2012-11-13 00:00:00',22131,23,1110,NULL,NULL),
  (1872,4,'2012-11-19 00:00:00',1045,23,1111,NULL,NULL),
  (1873,2,'2012-11-19 00:00:00',1654,23,1111,NULL,NULL),
  (1874,1,'2012-11-19 00:00:00',14776,23,1111,NULL,NULL),
  (1875,1,'2012-11-27 00:00:00',297,23,1112,NULL,NULL),
  (1876,1,'2012-11-16 00:00:00',4088,23,1113,NULL,NULL),
  (1877,2,'2012-11-16 00:00:00',1488,24,1114,NULL,NULL),
  (1878,1,'2012-11-12 00:00:00',540,24,1114,NULL,NULL),
  (1879,1,'2012-11-20 00:00:00',24231,23,1115,NULL,NULL),
  (1880,1,'2012-11-20 00:00:00',20161,23,1116,NULL,NULL),
  (1881,2,'2012-11-20 00:00:00',2887,23,1116,NULL,NULL),
  (1882,4,'2012-11-20 00:00:00',76,23,1116,NULL,NULL),
  (1883,1,'2012-11-16 00:00:00',6660,24,1117,NULL,NULL),
  (1884,2,'2012-11-16 00:00:00',4785,24,1117,NULL,NULL),
  (1885,2,'2012-11-20 00:00:00',2750,24,1118,NULL,NULL),
  (1886,1,'2012-11-20 00:00:00',11641,23,1119,NULL,NULL),
  (1887,2,'2012-11-20 00:00:00',2821,23,1119,NULL,NULL),
  (1888,1,'2012-09-21 00:00:00',26970,34,1120,NULL,NULL),
  (1890,2,'2012-11-23 00:00:00',172,23,1121,NULL,NULL),
  (1891,2,'2012-10-02 00:00:00',2840,24,1122,NULL,NULL),
  (1892,9,'2012-10-02 00:00:00',2840,24,1123,NULL,NULL),
  (1893,1,'2012-11-27 00:00:00',22379,23,1124,NULL,NULL),
  (1894,2,'2012-11-27 00:00:00',5884,23,1124,NULL,NULL),
  (1895,4,'2012-11-21 00:00:00',114,23,1125,NULL,NULL),
  (1896,1,'2012-12-04 00:00:00',21109,23,1126,NULL,NULL),
  (1897,1,'2012-12-04 00:00:00',24231,24,1127,NULL,NULL),
  (1898,2,'2012-12-03 00:00:00',324,23,1128,NULL,NULL),
  (1899,4,'2012-11-30 00:00:00',82,23,1128,NULL,NULL),
  (1900,1,'2012-12-05 00:00:00',10038,24,1129,NULL,NULL),
  (1901,2,'2012-12-05 00:00:00',1318,23,1129,NULL,NULL),
  (1902,2,'2012-12-05 00:00:00',1185,23,1130,NULL,NULL),
  (1903,1,'2012-12-05 00:00:00',2647,23,1130,NULL,NULL),
  (1904,1,'2012-11-28 00:00:00',2059,23,1131,NULL,NULL),
  (1905,1,'2012-11-27 00:00:00',8120,23,1132,NULL,NULL),
  (1906,2,'2012-11-27 00:00:00',1799,23,1132,NULL,NULL),
  (1907,1,'2012-11-27 00:00:00',1648,23,1133,NULL,NULL),
  (1908,2,'2012-11-27 00:00:00',1800,23,1133,NULL,NULL),
  (1909,1,'2012-12-03 00:00:00',18060,23,1134,NULL,NULL),
  (1910,1,'2012-11-12 00:00:00',16909,24,1135,NULL,NULL),
  (1911,2,'2012-12-11 00:00:00',575,23,1135,NULL,NULL),
  (1912,4,'2012-12-12 00:00:00',318,23,1135,NULL,NULL),
  (1913,1,'2012-12-12 00:00:00',8164,23,1136,NULL,NULL),
  (1914,1,'2012-12-12 00:00:00',10417,23,1137,NULL,NULL),
  (1915,2,'2012-12-21 00:00:00',632,23,1138,NULL,NULL),
  (1916,4,'2012-12-21 00:00:00',108,23,1138,NULL,NULL),
  (1917,1,'2012-12-21 00:00:00',23194,23,1138,NULL,NULL),
  (1918,4,'2012-12-20 00:00:00',566,23,1139,NULL,NULL),
  (1919,2,'2012-12-20 00:00:00',454,23,1139,NULL,NULL),
  (1920,1,'2012-12-20 00:00:00',489,23,1139,NULL,NULL),
  (1921,1,'2012-12-22 00:00:00',20044,23,1140,NULL,NULL),
  (1922,2,'2012-11-13 00:00:00',2943,23,1141,NULL,NULL),
  (1923,9,'2012-11-13 00:00:00',20252,23,1141,NULL,NULL),
  (1924,1,'2012-11-12 00:00:00',19710,23,1141,NULL,NULL),
  (1925,1,'2012-11-21 00:00:00',4599,23,1142,NULL,NULL),
  (1926,2,'2012-11-21 00:00:00',7,23,1142,NULL,NULL),
  (1927,1,'2012-11-22 00:00:00',4995000,34,1143,NULL,NULL),
  (1928,1,'2012-12-12 00:00:00',24023,23,1144,NULL,NULL),
  (1929,4,'2012-12-17 00:00:00',232,23,1145,NULL,NULL),
  (1930,2,'2012-12-14 00:00:00',5829,24,1146,NULL,NULL),
  (1931,1,'2012-12-14 00:00:00',4860,24,1146,NULL,NULL),
  (1932,1,'2012-12-28 00:00:00',364,24,1147,NULL,NULL),
  (1933,2,'2012-12-28 00:00:00',300,23,1147,NULL,NULL),
  (1934,4,'2012-12-28 00:00:00',470,23,1147,NULL,NULL),
  (1935,4,'2013-01-07 00:00:00',484,23,1148,NULL,NULL),
  (1936,1,'2012-12-26 00:00:00',5614,23,1149,NULL,NULL),
  (1937,1,'2012-12-26 00:00:00',16019,23,1150,NULL,NULL),
  (1938,2,'2012-12-12 00:00:00',2970,24,1151,NULL,NULL),
  (1939,1,'2012-10-09 00:00:00',407,23,1152,NULL,NULL),
  (1940,4,'2012-10-09 00:00:00',113,23,1152,NULL,NULL),
  (1941,9,'2012-10-09 00:00:00',14,23,1152,NULL,NULL),
  (1942,1,'2013-01-08 00:00:00',24231,23,1153,NULL,NULL),
  (1943,1,'2013-01-09 00:00:00',1369,23,1154,NULL,NULL),
  (1944,2,'2013-01-09 00:00:00',25818,23,1154,NULL,NULL),
  (1945,1,'2012-12-06 00:00:00',22005,34,1155,NULL,NULL),
  (1946,2,'2012-12-06 00:00:00',5000,34,1155,NULL,NULL),
  (1947,4,'2013-01-04 00:00:00',114,23,1156,NULL,NULL),
  (1948,1,'2013-01-08 00:00:00',9632,23,1157,NULL,NULL),
  (1949,1,'2013-01-08 00:00:00',34843,23,1158,NULL,NULL),
  (1950,2,'2013-01-08 00:00:00',1109,23,1158,NULL,NULL),
  (1951,4,'2013-01-15 00:00:00',909,23,1159,NULL,NULL),
  (1952,2,'2013-01-15 00:00:00',304,23,1159,NULL,NULL),
  (1953,1,'2013-01-07 00:00:00',18687,23,1159,NULL,NULL),
  (1954,1,'2013-01-11 00:00:00',545,23,1160,NULL,NULL),
  (1955,2,'2013-01-11 00:00:00',701,23,1160,NULL,NULL),
  (1956,4,'2013-01-11 00:00:00',10415,23,1160,NULL,NULL),
  (1957,2,'2013-01-22 00:00:00',3388,23,1161,NULL,NULL),
  (1958,4,'2013-01-22 00:00:00',1522,23,1161,NULL,NULL),
  (1959,2,'2013-01-15 00:00:00',501,24,1162,NULL,NULL),
  (1960,1,'2013-01-15 00:00:00',2520,24,1162,NULL,NULL),
  (1962,4,'2013-01-11 00:00:00',179,23,1163,NULL,NULL),
  (1963,2,'2013-01-11 00:00:00',55,23,1163,NULL,NULL),
  (1964,1,'2013-01-11 00:00:00',520,23,1163,NULL,NULL),
  (1965,4,'2013-01-25 00:00:00',571,23,1164,NULL,NULL),
  (1966,1,'2013-01-25 00:00:00',455,23,1164,NULL,NULL),
  (1967,4,'2013-01-19 00:00:00',491,23,1165,NULL,NULL),
  (1968,1,'2013-01-19 00:00:00',181,23,1165,NULL,NULL),
  (1969,1,'2013-01-21 00:00:00',24231,23,1166,NULL,NULL),
  (1970,1,'2013-01-18 00:00:00',24231,23,1167,NULL,NULL),
  (1971,4,'2013-01-14 00:00:00',919,23,1168,NULL,NULL),
  (1972,1,'2013-01-14 00:00:00',1486,23,1168,NULL,NULL),
  (1973,1,'2013-01-22 00:00:00',9137,23,1169,NULL,NULL),
  (1974,4,'2013-01-22 00:00:00',1376,23,1169,NULL,NULL),
  (1975,2,'2013-01-22 00:00:00',2843,23,1169,NULL,NULL),
  (1976,2,'2013-01-11 00:00:00',450,24,1170,NULL,NULL),
  (1977,1,'2013-01-11 00:00:00',1080,24,1170,NULL,NULL),
  (1978,1,'2013-01-22 00:00:00',10142,24,1171,NULL,NULL),
  (1979,1,'2013-01-22 00:00:00',7082,23,1172,NULL,NULL),
  (1980,9,'2013-01-15 00:00:00',2220,24,1173,NULL,NULL),
  (1981,2,'2012-12-26 00:00:00',2840,34,1174,NULL,NULL),
  (1982,1,'2012-12-26 00:00:00',22990,34,1174,NULL,NULL),
  (1983,1,'2013-01-30 00:00:00',7977,23,1175,NULL,NULL),
  (1984,2,'2013-01-30 00:00:00',2605,23,1175,NULL,NULL),
  (1985,1,'2013-01-30 00:00:00',9773,23,1176,NULL,NULL),
  (1986,4,'2013-01-25 00:00:00',109,23,1177,NULL,NULL),
  (1987,4,'2013-02-06 00:00:00',1145,23,1178,NULL,NULL),
  (1988,2,'2013-02-06 00:00:00',736,23,1178,NULL,NULL),
  (1989,1,'2013-02-06 00:00:00',4527,23,1178,NULL,NULL),
  (1990,1,'2013-02-05 00:00:00',5882,23,1179,NULL,NULL),
  (1991,1,'2013-02-05 00:00:00',11779,23,1180,NULL,NULL),
  (1992,4,'2013-02-01 00:00:00',113,23,1181,NULL,NULL),
  (1993,1,'2013-02-03 00:00:00',4373,23,1182,NULL,NULL),
  (1994,4,'2013-02-09 00:00:00',945,23,1183,NULL,NULL),
  (1995,2,'2013-02-08 00:00:00',20,23,1183,NULL,NULL),
  (1996,1,'2013-02-08 00:00:00',273,23,1183,NULL,NULL),
  (1997,1,'2013-02-13 00:00:00',10601,23,1184,NULL,NULL),
  (1998,2,'2013-02-13 00:00:00',615,23,1184,NULL,NULL),
  (1999,2,'2013-02-08 00:00:00',2000,24,1185,NULL,NULL),
  (2000,1,'2013-02-08 00:00:00',720,24,1186,NULL,NULL),
  (2001,2,'2013-02-08 00:00:00',600,24,1186,NULL,NULL),
  (2002,1,'2012-11-20 00:00:00',23938,23,1187,NULL,NULL),
  (2003,2,'2013-02-19 00:00:00',130,23,1187,NULL,NULL),
  (2004,1,'2013-01-11 00:00:00',27000,34,1188,NULL,NULL),
  (2005,4,'2013-01-20 00:00:00',3334,23,1189,NULL,NULL),
  (2006,2,'2013-01-20 00:00:00',1218,23,1189,NULL,NULL),
  (2007,1,'2013-01-20 00:00:00',4031,23,1189,NULL,NULL),
  (2008,4,'2013-02-22 00:00:00',1551,23,1190,NULL,NULL),
  (2009,2,'2013-02-22 00:00:00',682,23,1190,NULL,NULL),
  (2010,1,'2013-02-22 00:00:00',231,23,1190,NULL,NULL),
  (2012,1,'2013-02-26 00:00:00',22745,23,1191,NULL,NULL),
  (2013,1,'2013-02-20 00:00:00',24231,23,1192,NULL,NULL),
  (2014,4,'2013-02-22 00:00:00',607,23,1193,NULL,NULL),
  (2015,2,'2013-02-22 00:00:00',90,23,1193,NULL,NULL),
  (2016,1,'2013-02-01 00:00:00',27000,34,1194,NULL,NULL),
  (2017,1,'2013-02-26 00:00:00',11227,23,1195,NULL,NULL),
  (2018,1,'2013-02-26 00:00:00',6235,23,1196,NULL,NULL),
  (2019,2,'2013-02-26 00:00:00',388,23,1196,NULL,NULL),
  (2020,1,'2013-02-03 00:00:00',4373,23,1197,NULL,NULL),
  (2021,9,'2013-01-22 00:00:00',11829,25,1198,NULL,NULL),
  (2023,1,'2013-03-06 00:00:00',13958,23,1199,NULL,NULL),
  (2024,1,'2013-03-15 00:00:00',21946,23,1200,NULL,NULL),
  (2025,1,'2013-03-12 00:00:00',6191,23,1201,NULL,NULL),
  (2026,4,'2013-03-07 00:00:00',1757,23,1201,NULL,NULL),
  (2027,2,'2013-03-06 00:00:00',543,23,1201,NULL,NULL),
  (2028,1,'2013-03-13 00:00:00',4948,23,1202,NULL,NULL),
  (2029,1,'2013-03-13 00:00:00',4615,23,1203,NULL,NULL),
  (2030,1,'2017-03-05 00:00:00',99,23,2030,NULL,NULL),
  (2031,1,'2013-03-12 00:00:00',20794,23,1205,NULL,NULL),
  (2032,4,'2013-03-12 00:00:00',622,23,1205,NULL,NULL),
  (2033,2,'2013-03-12 00:00:00',20399,23,1205,NULL,NULL),
  (2034,1,'2013-03-13 00:00:00',24194,23,1206,NULL,NULL),
  (2035,2,'2013-03-13 00:00:00',408,23,1206,NULL,NULL),
  (2036,2,'2013-03-08 00:00:00',3014,24,1207,NULL,NULL),
  (2037,1,'2013-03-08 00:00:00',67,24,1207,NULL,NULL),
  (2038,2,'2013-03-08 00:00:00',2000,24,1208,NULL,NULL),
  (2039,9,'2013-03-08 00:00:00',800,24,1209,NULL,NULL),
  (2040,2,'2013-03-14 00:00:00',3702,24,1210,NULL,NULL),
  (2041,1,'2013-03-20 00:00:00',1456,23,1211,NULL,NULL),
  (2042,1,'2013-03-20 00:00:00',4384,23,1212,NULL,NULL),
  (2043,2,'2013-03-18 00:00:00',470,23,1212,NULL,NULL),
  (2044,4,'2013-03-18 00:00:00',222,23,1212,NULL,NULL),
  (2045,1,'2013-03-27 00:00:00',19873,23,1213,NULL,NULL),
  (2046,4,'2013-03-26 00:00:00',114,23,1213,NULL,NULL),
  (2047,2,'2013-03-26 00:00:00',109,23,1213,NULL,NULL),
  (2048,4,'2013-03-29 00:00:00',813,23,1214,NULL,NULL),
  (2049,2,'2013-03-29 00:00:00',463,23,1214,NULL,NULL),
  (2050,1,'2013-03-22 00:00:00',909,23,1214,NULL,NULL),
  (2051,1,'2013-03-27 00:00:00',12901,23,1215,NULL,NULL),
  (2052,1,'2013-03-27 00:00:00',4571,23,1216,NULL,NULL),
  (2053,4,'2013-03-25 00:00:00',32,23,1216,NULL,NULL),
  (2054,2,'2013-03-25 00:00:00',27,23,1216,NULL,NULL),
  (2055,1,'2013-04-03 00:00:00',4460,23,1217,NULL,NULL),
  (2056,1,'2013-04-03 00:00:00',12981,23,1218,NULL,NULL),
  (2057,1,'2013-04-02 00:00:00',24231,23,1219,NULL,NULL),
  (2058,1,'2013-04-09 00:00:00',12955,23,1220,NULL,NULL),
  (2059,4,'2013-03-07 00:00:00',227,23,1220,NULL,NULL),
  (2060,2,'2013-04-08 00:00:00',1268,23,1220,NULL,NULL),
  (2061,2,'2013-04-05 00:00:00',2000,24,1221,NULL,NULL),
  (2062,1,'2013-04-05 00:00:00',727,23,1222,NULL,NULL),
  (2063,2,'2013-04-05 00:00:00',248,23,1222,NULL,NULL),
  (2064,4,'2013-04-05 00:00:00',1148,23,1222,NULL,NULL),
  (2065,1,'2013-04-11 00:00:00',24287,23,1223,NULL,NULL),
  (2066,2,'2013-04-10 00:00:00',360,23,1223,NULL,NULL),
  (2067,4,'2013-04-10 00:00:00',2968,23,1223,NULL,NULL),
  (2068,2,'2013-04-05 00:00:00',3209,24,1224,NULL,NULL),
  (2069,1,'2013-04-02 00:00:00',1080,24,1224,NULL,NULL),
  (2070,1,'2013-04-11 00:00:00',2894,23,1225,NULL,NULL),
  (2071,2,'2013-04-05 00:00:00',800,24,1226,NULL,NULL),
  (2072,1,'2013-04-10 00:00:00',3059,23,1227,NULL,NULL),
  (2073,2,'2013-04-10 00:00:00',2384,23,1228,NULL,NULL),
  (2074,1,'2013-04-10 00:00:00',8973,23,1228,NULL,NULL),
  (2075,1,'2013-04-15 00:00:00',24232,23,1229,NULL,NULL),
  (2076,4,'2013-04-22 00:00:00',523,23,1230,NULL,NULL),
  (2077,2,'2013-04-22 00:00:00',93,23,1230,NULL,NULL),
  (2078,4,'2013-04-12 00:00:00',883,23,1231,NULL,NULL),
  (2079,1,'2013-04-12 00:00:00',455,23,1231,NULL,NULL),
  (2080,2,'2013-04-12 00:00:00',137,23,1231,NULL,NULL),
  (2081,1,'2013-04-17 00:00:00',12342,23,1232,NULL,NULL),
  (2082,1,'2013-04-17 00:00:00',3939,24,1233,NULL,NULL),
  (2083,2,'2013-04-17 00:00:00',1128,23,1233,NULL,NULL),
  (2084,1,'2013-04-25 00:00:00',395,23,1234,NULL,NULL),
  (2085,4,'2013-04-25 00:00:00',324,23,1234,NULL,NULL),
  (2086,9,'2013-04-25 00:00:00',1658,23,1234,NULL,NULL),
  (2087,2,'2013-04-25 00:00:00',2273,23,1234,NULL,NULL),
  (2089,1,'2013-04-24 00:00:00',1260,23,1235,NULL,NULL),
  (2090,2,'2013-04-24 00:00:00',1260,23,1235,NULL,NULL),
  (2091,1,'2013-04-24 00:00:00',15115,23,1236,NULL,NULL),
  (2092,1,'2013-04-23 00:00:00',24082,23,1237,NULL,NULL),
  (2093,1,'2013-04-16 00:00:00',1295,23,1238,NULL,NULL),
  (2094,4,'2013-04-16 00:00:00',1006,23,1238,NULL,NULL),
  (2095,1,'2013-03-26 00:00:00',778,34,1239,NULL,NULL),
  (2096,1,'2013-04-29 00:00:00',12541,23,1240,NULL,NULL),
  (2097,4,'2013-04-29 00:00:00',272,23,1240,NULL,NULL),
  (2098,4,'2013-04-26 00:00:00',101,23,1241,NULL,NULL),
  (2099,4,'2013-04-25 00:00:00',675,23,1242,NULL,NULL);
COMMIT;

/* Data for the `tbltradeproductsdetails` table  (LIMIT 2000,500) */

INSERT INTO `tbltradeproductsdetails` (`recn`, `commodityRecn`, `dateOfTrade`, `weightInKG`, `country`, `tradeProductRecn`, `consignee_of_sender`, `consignee_of_receiver`) VALUES
  (2100,4,'2013-05-03 00:00:00',388,23,1243,NULL,NULL),
  (2101,1,'2013-05-01 00:00:00',13924,23,1244,NULL,NULL),
  (2102,1,'2013-05-01 00:00:00',3802,23,1245,NULL,NULL),
  (2103,2,'2013-05-01 00:00:00',1148,23,1245,NULL,NULL),
  (2104,1,'2013-04-26 00:00:00',4920,24,1246,NULL,NULL),
  (2105,2,'2013-04-26 00:00:00',3400,24,1246,NULL,NULL),
  (2106,2,'2013-04-26 00:00:00',1430,24,1247,NULL,NULL),
  (2107,1,'2013-05-07 00:00:00',21965,23,1248,NULL,NULL),
  (2108,2,'2013-05-07 00:00:00',371,23,1248,NULL,NULL),
  (2109,4,'2013-05-07 00:00:00',273,23,1248,NULL,NULL),
  (2110,4,'2013-05-17 00:00:00',146,24,1249,NULL,NULL),
  (2111,4,'2013-05-09 00:00:00',215,23,1250,NULL,NULL),
  (2112,1,'2013-05-13 00:00:00',23745,23,1251,NULL,NULL),
  (2113,2,'2013-05-15 00:00:00',278,23,1251,NULL,NULL),
  (2114,1,'2013-05-06 00:00:00',26306,23,1252,NULL,NULL),
  (2115,1,'2013-05-22 00:00:00',22390,23,1253,NULL,NULL),
  (2116,2,'2013-05-22 00:00:00',980,23,1253,NULL,NULL),
  (2117,4,'2013-05-22 00:00:00',10,23,1253,NULL,NULL),
  (2118,9,'2013-05-22 00:00:00',27,23,1253,NULL,NULL),
  (2119,1,'2013-05-22 00:00:00',1514,23,1253,NULL,NULL),
  (2120,1,'2013-09-05 00:00:00',18875,23,1254,NULL,NULL),
  (2121,4,'2013-09-05 00:00:00',1551,23,1254,NULL,NULL),
  (2122,1,'2013-05-22 00:00:00',3503,23,1255,NULL,NULL),
  (2123,4,'2013-05-20 00:00:00',28,23,1255,NULL,NULL),
  (2124,2,'2013-05-20 00:00:00',20,23,1255,NULL,NULL),
  (2125,1,'2013-05-22 00:00:00',14625,23,1256,NULL,NULL),
  (2126,2,'2013-05-24 00:00:00',2600,24,1257,NULL,NULL),
  (2127,1,'2013-05-30 00:00:00',28996,23,1258,NULL,NULL),
  (2128,2,'2013-05-30 00:00:00',594,23,1258,NULL,NULL),
  (2129,1,'2013-05-25 00:00:00',540,24,1259,NULL,NULL),
  (2130,2,'2013-05-28 00:00:00',23909,24,1259,NULL,NULL),
  (2131,1,'2013-06-04 00:00:00',19745,24,1260,NULL,NULL),
  (2132,4,'2013-06-03 00:00:00',431,23,1260,NULL,NULL),
  (2133,2,'2013-06-03 00:00:00',136,23,1260,NULL,NULL),
  (2134,1,'2013-03-13 00:00:00',27000,40,1261,NULL,NULL),
  (2135,1,'2013-05-09 00:00:00',26010,34,1262,NULL,NULL),
  (2136,1,'2013-06-12 00:00:00',9611,23,1263,NULL,NULL),
  (2137,1,'2013-06-12 00:00:00',3572,23,1264,NULL,NULL),
  (2138,2,'2013-06-12 00:00:00',300,23,1264,NULL,NULL),
  (2139,4,'2013-06-12 00:00:00',361,24,1264,NULL,NULL),
  (2140,1,'2013-06-24 00:00:00',10927,23,1265,NULL,NULL),
  (2141,2,'2013-06-24 00:00:00',566,23,1265,NULL,NULL),
  (2142,4,'2013-06-24 00:00:00',216,23,1266,NULL,NULL),
  (2143,1,'2013-06-19 00:00:00',11988,23,1267,NULL,NULL),
  (2144,1,'2013-06-19 00:00:00',449871,23,1268,NULL,NULL),
  (2145,2,'2013-06-17 00:00:00',17,23,1268,NULL,NULL),
  (2146,1,'2013-06-26 00:00:00',24231,23,1269,NULL,NULL),
  (2147,1,'2013-06-26 00:00:00',3419,23,1270,NULL,NULL),
  (2148,2,'2013-06-26 00:00:00',2121,23,1270,NULL,NULL),
  (2149,1,'2013-07-02 00:00:00',4467,23,1271,NULL,NULL),
  (2150,2,'2013-07-02 00:00:00',45,23,1271,NULL,NULL),
  (2151,4,'2013-07-02 00:00:00',2186,23,1271,NULL,NULL),
  (2152,1,'2013-07-02 00:00:00',15206,23,1272,NULL,NULL),
  (2153,1,'2013-07-03 00:00:00',22262,23,1273,NULL,NULL),
  (2154,4,'2013-07-03 00:00:00',1545,23,1273,NULL,NULL),
  (2155,2,'2013-07-03 00:00:00',452,24,1273,NULL,NULL),
  (2156,1,'2013-07-03 00:00:00',21041,23,1274,NULL,NULL),
  (2157,4,'2013-07-03 00:00:00',290,23,1274,NULL,NULL),
  (2158,2,'2013-07-03 00:00:00',2864,24,1275,NULL,NULL),
  (2159,1,'2013-06-21 00:00:00',540,24,1276,NULL,NULL),
  (2160,2,'2013-06-21 00:00:00',600,24,1276,NULL,NULL),
  (2161,2,'2013-06-21 00:00:00',1427,24,1277,NULL,NULL),
  (2162,1,'2013-07-08 00:00:00',12977,23,1278,NULL,NULL),
  (2163,2,'2013-07-08 00:00:00',127,23,1278,NULL,NULL),
  (2164,4,'2013-07-08 00:00:00',2174,23,1278,NULL,NULL),
  (2165,2,'2013-07-09 00:00:00',385,23,1280,NULL,NULL),
  (2166,4,'2013-07-09 00:00:00',398,23,1280,NULL,NULL),
  (2167,5,'2013-07-09 00:00:00',273,23,1280,NULL,NULL),
  (2168,1,'2013-07-02 00:00:00',24231,23,1281,NULL,NULL),
  (2169,1,'2013-07-08 00:00:00',5404,23,1282,NULL,NULL),
  (2170,1,'2013-07-07 00:00:00',15231,23,1283,NULL,NULL),
  (2171,4,'2013-07-05 00:00:00',240,23,1284,NULL,NULL),
  (2172,2,'2013-07-05 00:00:00',226,23,1284,NULL,NULL),
  (2173,9,'2013-06-05 00:00:00',11192,25,1285,NULL,NULL),
  (2174,1,'2013-05-31 00:00:00',27000,34,1286,NULL,NULL),
  (2175,1,'2013-07-16 00:00:00',12153,23,1287,NULL,NULL),
  (2176,1,'2013-07-15 00:00:00',3447,23,1288,NULL,NULL),
  (2177,2,'2013-07-15 00:00:00',1754,23,1288,NULL,NULL),
  (2178,4,'2013-07-15 00:00:00',275,23,1288,NULL,NULL),
  (2179,4,'2013-07-12 00:00:00',12716,23,1289,NULL,NULL),
  (2180,2,'2013-07-12 00:00:00',207,23,1289,NULL,NULL),
  (2181,1,'2013-05-23 00:00:00',27000,34,1290,NULL,NULL),
  (2182,1,'2013-07-22 00:00:00',21837,23,1291,NULL,NULL),
  (2183,2,'2013-07-23 00:00:00',805,23,1291,NULL,NULL),
  (2184,1,'2013-07-23 00:00:00',1926,23,1292,NULL,NULL),
  (2185,2,'2013-07-23 00:00:00',3498,23,1292,NULL,NULL),
  (2186,4,'2013-07-22 00:00:00',154,23,1292,NULL,NULL),
  (2187,1,'2013-07-22 00:00:00',14547,23,1293,NULL,NULL),
  (2188,1,'2013-07-23 00:00:00',14214,23,1294,NULL,NULL),
  (2189,2,'2013-07-24 00:00:00',521,23,1294,NULL,NULL),
  (2190,9,'2013-07-22 00:00:00',2592,23,1294,NULL,NULL),
  (2191,4,'2013-07-22 00:00:00',2887,23,1294,NULL,NULL),
  (2192,1,'2013-07-19 00:00:00',3409,23,1295,NULL,NULL),
  (2193,1,'2013-07-26 00:00:00',27131,23,1296,NULL,NULL),
  (2194,2,'2013-07-24 00:00:00',2724,23,1296,NULL,NULL),
  (2195,4,'2013-07-24 00:00:00',1758,23,1297,NULL,NULL),
  (2196,2,'2013-07-24 00:00:00',495,23,1297,NULL,NULL),
  (2197,9,'2013-07-24 00:00:00',1077,23,1297,NULL,NULL),
  (2198,1,'2013-07-24 00:00:00',2977,23,1297,NULL,NULL),
  (2199,1,'2013-07-19 00:00:00',1080,24,1298,NULL,NULL),
  (2200,2,'2013-07-23 00:00:00',700,24,1298,NULL,NULL),
  (2201,2,'2013-08-07 00:00:00',600,24,1299,NULL,NULL),
  (2202,1,'2013-07-31 00:00:00',7791,23,1300,NULL,NULL),
  (2203,2,'2013-07-29 00:00:00',1757,23,1300,NULL,NULL),
  (2204,4,'2013-07-31 00:00:00',73,23,1300,NULL,NULL),
  (2205,1,'2013-07-04 00:00:00',27000,34,1301,NULL,NULL),
  (2206,1,'2013-08-06 00:00:00',16736,23,1302,NULL,NULL),
  (2207,2,'2013-08-06 00:00:00',450,23,1302,NULL,NULL),
  (2208,4,'2013-07-03 00:00:00',364,23,1302,NULL,NULL),
  (2209,1,'2013-08-06 00:00:00',12409,23,1303,NULL,NULL),
  (2210,1,'2013-07-10 00:00:00',13995,34,1304,NULL,NULL),
  (2211,1,'2013-08-06 00:00:00',7820,23,1305,NULL,NULL),
  (2212,2,'2013-08-06 00:00:00',357,23,1305,NULL,NULL),
  (2213,4,'2013-08-06 00:00:00',185,23,1305,NULL,NULL),
  (2214,1,'2013-07-10 00:00:00',12011,34,1306,NULL,NULL),
  (2215,4,'2013-08-02 00:00:00',9,23,1307,NULL,NULL),
  (2216,9,'2013-08-02 00:00:00',90,23,1307,NULL,NULL),
  (2217,1,'2013-08-13 00:00:00',14590,23,1308,NULL,NULL),
  (2218,1,'2013-08-13 00:00:00',7012,23,1309,NULL,NULL),
  (2219,1,'2013-08-13 00:00:00',25900,23,1310,NULL,NULL),
  (2220,1,'2013-08-15 00:00:00',22885,23,1311,NULL,NULL),
  (2221,2,'2013-08-13 00:00:00',1062,23,1311,NULL,NULL),
  (2222,4,'2013-08-13 00:00:00',6,23,1311,NULL,NULL),
  (2223,1,'2013-08-20 00:00:00',21957,23,1312,NULL,NULL),
  (2224,4,'2013-08-20 00:00:00',977,23,1312,NULL,NULL),
  (2225,1,'2013-08-20 00:00:00',16560,24,1313,NULL,NULL),
  (2226,2,'2013-08-20 00:00:00',4900,24,1313,NULL,NULL),
  (2227,2,'2013-08-16 00:00:00',500,24,1314,NULL,NULL),
  (2228,1,'2013-08-16 00:00:00',540,24,1314,NULL,NULL),
  (2229,1,'2013-08-28 00:00:00',24483,23,1315,NULL,NULL),
  (2230,1,'2013-08-27 00:00:00',8205,23,1316,NULL,NULL),
  (2231,1,'2013-08-21 00:00:00',14381,23,1317,NULL,NULL),
  (2232,2,'2013-08-16 00:00:00',1900,24,1318,NULL,NULL),
  (2233,1,'2013-08-21 00:00:00',6794,23,1319,NULL,NULL),
  (2234,1,'2013-08-27 00:00:00',10071,23,1320,NULL,NULL),
  (2235,1,'2013-09-06 00:00:00',19810,23,1321,NULL,NULL),
  (2236,4,'2013-09-06 00:00:00',1193,23,1321,NULL,NULL),
  (2237,4,'2013-08-28 00:00:00',109,23,1322,NULL,NULL),
  (2238,2,'2013-08-29 00:00:00',382,23,1322,NULL,NULL),
  (2239,1,'2013-09-03 00:00:00',20685,23,1323,NULL,NULL),
  (2240,2,'2013-09-09 00:00:00',792,23,1324,NULL,NULL),
  (2241,4,'2013-09-09 00:00:00',403,23,1324,NULL,NULL),
  (2242,1,'2013-09-09 00:00:00',15955,23,1324,NULL,NULL),
  (2243,1,'2013-09-10 00:00:00',24231,23,1325,NULL,NULL),
  (2244,1,'2013-09-10 00:00:00',5864,23,1326,NULL,NULL),
  (2245,4,'2013-09-06 00:00:00',1080,23,1327,NULL,NULL),
  (2246,2,'2013-09-06 00:00:00',273,23,1327,NULL,NULL),
  (2247,1,'2013-09-17 00:00:00',18424,23,1328,NULL,NULL),
  (2248,4,'2013-09-16 00:00:00',14,23,1329,NULL,NULL),
  (2249,9,'2013-08-14 00:00:00',13909,50,1330,NULL,NULL),
  (2250,1,'2013-09-24 00:00:00',23795,23,1331,NULL,NULL),
  (2251,2,'2013-09-24 00:00:00',790,23,1331,NULL,NULL),
  (2252,2,'2013-09-13 00:00:00',1500,24,1332,NULL,NULL),
  (2253,1,'2013-09-13 00:00:00',95,24,1333,NULL,NULL),
  (2254,2,'2013-09-13 00:00:00',4800,24,1333,NULL,NULL),
  (2255,1,'2013-08-19 00:00:00',26010,34,1334,NULL,NULL),
  (2256,1,'2013-09-24 00:00:00',24231,23,1335,NULL,NULL),
  (2257,1,'2013-09-25 00:00:00',23348,23,1336,NULL,NULL),
  (2258,2,'2013-09-25 00:00:00',1122,23,1336,NULL,NULL),
  (2259,1,'2013-08-12 00:00:00',26010,34,1337,NULL,NULL),
  (2261,2,'2013-09-13 00:00:00',1250,24,1338,NULL,NULL),
  (2262,1,'2013-10-01 00:00:00',10097,23,1339,NULL,NULL),
  (2263,2,'2013-10-02 00:00:00',940,23,1339,NULL,NULL),
  (2264,4,'2013-10-01 00:00:00',9111,23,1339,NULL,NULL),
  (2265,1,'2013-10-03 00:00:00',3176,23,1340,NULL,NULL),
  (2266,2,'2013-10-03 00:00:00',2931,23,1340,NULL,NULL),
  (2267,4,'2013-10-03 00:00:00',6983,23,1340,NULL,NULL),
  (2268,1,'2013-10-01 00:00:00',13137,23,1341,NULL,NULL),
  (2269,2,'2013-10-01 00:00:00',578,23,1342,NULL,NULL),
  (2270,1,'2013-10-01 00:00:00',3349,23,1342,NULL,NULL),
  (2271,1,'2013-09-06 00:00:00',26010,34,1343,NULL,NULL),
  (2272,1,'2013-10-08 00:00:00',10757,23,1344,NULL,NULL),
  (2273,1,'2013-10-08 00:00:00',3300,23,1345,NULL,NULL),
  (2274,9,'2013-10-08 00:00:00',620,23,1345,NULL,NULL),
  (2275,1,'2013-10-01 00:00:00',24231,23,1346,NULL,NULL),
  (2276,1,'2013-10-16 00:00:00',15817,23,1347,NULL,NULL),
  (2277,2,'2013-10-15 00:00:00',763,23,1347,NULL,NULL),
  (2278,2,'2013-10-11 00:00:00',854,24,1348,NULL,NULL),
  (2279,1,'2013-10-16 00:00:00',3991,23,1349,NULL,NULL),
  (2280,1,'2013-10-29 00:00:00',10691,23,1350,NULL,NULL),
  (2281,9,'2013-10-11 00:00:00',7050,24,1351,NULL,NULL),
  (2283,1,'2013-10-23 00:00:00',23134,23,1352,NULL,NULL),
  (2284,4,'2013-10-16 00:00:00',1079,23,1352,NULL,NULL),
  (2285,2,'2013-10-23 00:00:00',136,23,1352,NULL,NULL),
  (2286,2,'2013-10-11 00:00:00',900,23,1353,NULL,NULL),
  (2287,1,'2013-10-22 00:00:00',8716,23,1354,NULL,NULL),
  (2288,1,'2013-10-28 00:00:00',23738,23,1355,NULL,NULL),
  (2289,4,'2013-10-25 00:00:00',425,23,1355,NULL,NULL),
  (2290,2,'2013-10-25 00:00:00',245,23,1355,NULL,NULL),
  (2291,1,'2013-10-29 00:00:00',12234,23,1356,NULL,NULL),
  (2292,1,'2013-10-29 00:00:00',5168,23,1357,NULL,NULL),
  (2293,4,'2013-10-29 00:00:00',14,23,1357,NULL,NULL),
  (2294,1,'2013-09-21 00:00:00',26010,34,1358,NULL,NULL),
  (2295,3,'2013-09-26 00:00:00',19188,25,1359,NULL,NULL),
  (2296,4,'2013-09-26 00:00:00',5821,25,1359,NULL,NULL),
  (2297,1,'2013-10-31 00:00:00',24547,23,1360,NULL,NULL),
  (2298,1,'2013-11-09 00:00:00',1286,23,1361,NULL,NULL),
  (2299,1,'2013-11-12 00:00:00',11589,23,1362,NULL,NULL),
  (2300,2,'2013-11-12 00:00:00',730,23,1362,NULL,NULL),
  (2301,4,'2013-08-12 00:00:00',1182,23,1362,NULL,NULL),
  (2302,1,'2013-11-05 00:00:00',12003,23,1363,NULL,NULL),
  (2303,9,'2013-11-05 00:00:00',19624,23,1363,NULL,NULL),
  (2304,1,'2013-11-05 00:00:00',4929,23,1364,NULL,NULL),
  (2305,2,'2013-11-05 00:00:00',1810,23,1364,NULL,NULL),
  (2306,1,'2013-11-06 00:00:00',23012,23,1365,NULL,NULL),
  (2307,2,'2013-11-12 00:00:00',268,23,1365,NULL,NULL),
  (2308,1,'2013-11-12 00:00:00',4902,23,1366,NULL,NULL),
  (2309,9,'2013-11-08 00:00:00',1600,24,1367,NULL,NULL),
  (2310,1,'2013-10-14 00:00:00',1770,34,1368,NULL,NULL),
  (2311,1,'2013-11-12 00:00:00',11071,23,1369,NULL,NULL),
  (2312,1,'2013-10-14 00:00:00',26008,34,1370,NULL,NULL),
  (2314,1,'2013-11-15 00:00:00',25909,23,1372,NULL,NULL),
  (2315,1,'2013-11-19 00:00:00',23773,23,1373,NULL,NULL),
  (2316,2,'2013-11-19 00:00:00',579,23,1373,NULL,NULL),
  (2317,2,'2013-11-25 00:00:00',416,23,1374,NULL,NULL),
  (2318,4,'2013-11-25 00:00:00',677,23,1374,NULL,NULL),
  (2319,1,'2013-11-22 00:00:00',15839,23,1375,NULL,NULL),
  (2320,2,'2013-11-22 00:00:00',1822,23,1375,NULL,NULL),
  (2321,1,'2013-11-22 00:00:00',5094,23,1376,NULL,NULL),
  (2322,9,'2013-11-22 00:00:00',1009,23,1376,NULL,NULL),
  (2323,1,'2013-11-26 00:00:00',25363,23,1377,NULL,NULL),
  (2324,2,'2013-11-26 00:00:00',212,23,1377,NULL,NULL),
  (2325,1,'2013-11-25 00:00:00',25235,23,1378,NULL,NULL),
  (2326,1,'2013-12-04 00:00:00',2360,23,1379,NULL,NULL),
  (2327,2,'2013-11-27 00:00:00',1318,23,1379,NULL,NULL),
  (2328,1,'2013-10-29 00:00:00',26010,34,1380,NULL,NULL),
  (2329,1,'2013-12-04 00:00:00',14983,23,1381,NULL,NULL),
  (2330,2,'2013-12-04 00:00:00',9314,23,1381,NULL,NULL),
  (2331,4,'2013-12-04 00:00:00',818,23,1381,NULL,NULL),
  (2332,1,'2013-12-18 00:00:00',2182,23,1382,NULL,NULL),
  (2333,1,'2013-12-03 00:00:00',4385,23,1383,NULL,NULL),
  (2334,2,'2013-12-03 00:00:00',1682,23,1383,NULL,NULL),
  (2335,1,'2013-12-03 00:00:00',15690,23,1384,NULL,NULL),
  (2336,9,'2013-12-03 00:00:00',1903,23,1384,NULL,NULL),
  (2337,1,'2013-11-27 00:00:00',25028,23,1385,NULL,NULL),
  (2338,1,'2013-12-11 00:00:00',23498,23,1387,NULL,NULL),
  (2339,1,'2013-12-05 00:00:00',18375,23,1388,NULL,NULL),
  (2340,4,'2013-12-09 00:00:00',3146,23,1389,NULL,NULL),
  (2341,1,'2013-12-09 00:00:00',2124,23,1389,NULL,NULL),
  (2342,1,'2013-12-05 00:00:00',4013,23,1390,NULL,NULL),
  (2343,1,'2013-12-09 00:00:00',18191,23,1391,NULL,NULL),
  (2344,2,'2013-12-06 00:00:00',2500,24,1392,NULL,NULL),
  (2345,1,'2013-12-23 00:00:00',10453,23,1393,NULL,NULL),
  (2346,1,'2013-12-23 00:00:00',4015,23,1394,NULL,NULL),
  (2347,9,'2013-12-23 00:00:00',1199,23,1394,NULL,NULL),
  (2348,1,'2013-12-30 00:00:00',24181,23,1395,NULL,NULL),
  (2349,1,'2013-12-18 00:00:00',99316,23,1396,NULL,NULL),
  (2350,2,'2013-12-18 00:00:00',715,23,1396,NULL,NULL),
  (2351,1,'2013-12-27 00:00:00',4022,23,1397,NULL,NULL),
  (2352,2,'2013-12-27 00:00:00',698,23,1397,NULL,NULL),
  (2353,1,'2013-12-27 00:00:00',10454,23,1398,NULL,NULL),
  (2354,2,'2013-12-06 00:00:00',2483,23,1399,NULL,NULL),
  (2355,1,'2014-01-08 00:00:00',9248,23,1400,NULL,NULL),
  (2356,1,'2014-01-08 00:00:00',4182,23,1401,NULL,NULL),
  (2357,2,'2014-01-08 00:00:00',798,23,1401,NULL,NULL),
  (2358,2,'2014-01-03 00:00:00',2164,24,1402,NULL,NULL),
  (2359,1,'2014-01-03 00:00:00',16560,24,1403,NULL,NULL),
  (2360,1,'2014-01-13 00:00:00',9282,23,1404,NULL,NULL),
  (2361,1,'2014-01-15 00:00:00',20107,23,1405,NULL,NULL),
  (2362,4,'2014-01-15 00:00:00',844,23,1405,NULL,NULL),
  (2363,2,'2014-01-15 00:00:00',415,23,1405,NULL,NULL),
  (2364,1,'2013-11-27 00:00:00',27450,34,1406,NULL,NULL),
  (2365,1,'2014-01-15 00:00:00',6190,23,1407,NULL,NULL),
  (2366,4,'2014-01-23 00:00:00',13401,23,1408,NULL,NULL),
  (2367,1,'2014-01-23 00:00:00',7682,23,1408,NULL,NULL),
  (2368,9,'2014-01-22 00:00:00',1007,23,1408,NULL,NULL),
  (2369,2,'2014-01-22 00:00:00',1666,23,1408,NULL,NULL),
  (2370,1,'2014-01-20 00:00:00',1023,23,1409,NULL,NULL),
  (2371,2,'2014-01-21 00:00:00',2871,23,1409,NULL,NULL),
  (2372,4,'2014-01-21 00:00:00',169,23,1410,NULL,NULL),
  (2373,1,'2013-12-12 00:00:00',22005,34,1411,NULL,NULL),
  (2374,2,'2013-12-12 00:00:00',4000,34,1411,NULL,NULL),
  (2375,1,'2014-01-23 00:00:00',12303,23,1412,NULL,NULL),
  (2376,1,'2014-01-23 00:00:00',2208,23,1413,NULL,NULL),
  (2377,2,'2014-01-23 00:00:00',807,23,1413,NULL,NULL),
  (2378,1,'2014-01-22 00:00:00',2231,23,1414,NULL,NULL),
  (2379,2,'2014-01-22 00:00:00',811,23,1414,NULL,NULL),
  (2380,1,'2014-01-23 00:00:00',12376,23,1415,NULL,NULL),
  (2381,1,'2014-02-04 00:00:00',21692,23,1416,NULL,NULL),
  (2382,4,'2014-02-05 00:00:00',909,23,1416,NULL,NULL),
  (2383,2,'2014-02-05 00:00:00',889,23,1416,NULL,NULL),
  (2384,1,'2014-02-04 00:00:00',12108,23,1417,NULL,NULL),
  (2385,1,'2014-02-04 00:00:00',2232,23,1418,NULL,NULL),
  (2386,2,'2014-02-04 00:00:00',744,23,1418,NULL,NULL),
  (2387,4,'2014-02-05 00:00:00',134,23,1419,NULL,NULL),
  (2388,1,'2014-02-05 00:00:00',24231,23,1420,NULL,NULL),
  (2389,2,'2014-01-31 00:00:00',780,24,1421,NULL,NULL),
  (2390,1,'2014-01-31 00:00:00',540,24,1421,NULL,NULL),
  (2391,1,'2014-02-11 00:00:00',12252,23,1422,NULL,NULL),
  (2392,1,'2014-01-15 00:00:00',27000,34,1423,NULL,NULL),
  (2393,3,'2014-01-07 00:00:00',12252,50,1424,NULL,NULL),
  (2394,1,'2014-01-13 00:00:00',6060,34,1425,NULL,NULL),
  (2395,2,'2014-01-31 00:00:00',4064,24,1426,NULL,NULL),
  (2396,2,'2014-02-14 00:00:00',28804,23,1427,NULL,NULL),
  (2397,2,'2014-01-31 00:00:00',1244,24,1428,NULL,NULL),
  (2398,1,'2014-02-11 00:00:00',177,23,1429,NULL,NULL),
  (2399,1,'2014-02-18 00:00:00',21854,23,1430,NULL,NULL),
  (2400,4,'2014-02-18 00:00:00',148,23,1430,NULL,NULL),
  (2401,2,'2014-02-18 00:00:00',117,23,1430,NULL,NULL),
  (2402,1,'2014-02-18 00:00:00',8347,23,1431,NULL,NULL),
  (2403,1,'2014-02-18 00:00:00',7577,23,1432,NULL,NULL),
  (2404,2,'2014-02-18 00:00:00',763,23,1432,NULL,NULL),
  (2405,1,'2014-02-19 00:00:00',7451,23,1433,NULL,NULL),
  (2406,1,'2014-02-19 00:00:00',24231,23,1434,NULL,NULL),
  (2407,1,'2014-02-25 00:00:00',4657,23,1435,NULL,NULL),
  (2408,2,'2014-02-25 00:00:00',774,23,1435,NULL,NULL),
  (2409,1,'2014-02-25 00:00:00',13350,23,1436,NULL,NULL),
  (2410,1,'2014-03-04 00:00:00',4655,23,1437,NULL,NULL),
  (2411,2,'2014-03-04 00:00:00',555,23,1437,NULL,NULL),
  (2412,1,'2014-03-04 00:00:00',9103,23,1438,NULL,NULL),
  (2413,1,'2014-03-03 00:00:00',24231,23,1439,NULL,NULL),
  (2414,2,'2014-02-28 00:00:00',928,24,1440,NULL,NULL),
  (2415,1,'2014-03-06 00:00:00',11105,23,1442,NULL,NULL),
  (2416,2,'2014-03-07 00:00:00',560,23,1442,NULL,NULL),
  (2417,4,'2014-03-07 00:00:00',480,23,1442,NULL,NULL),
  (2418,1,'2014-02-28 00:00:00',540,24,1443,NULL,NULL),
  (2419,2,'2014-02-26 00:00:00',714,24,1443,NULL,NULL),
  (2420,1,'2014-03-12 00:00:00',26082,23,1444,NULL,NULL),
  (2421,2,'2014-03-12 00:00:00',1206,24,1444,NULL,NULL),
  (2422,1,'2014-02-11 00:00:00',8775,34,1445,NULL,NULL),
  (2423,1,'2014-03-12 00:00:00',5394,23,1446,NULL,NULL),
  (2424,1,'2014-03-10 00:00:00',5533,23,1447,NULL,NULL),
  (2425,4,'2014-03-10 00:00:00',1208,23,1447,NULL,NULL),
  (2426,1,'2014-03-12 00:00:00',3857,23,1448,NULL,NULL),
  (2427,4,'2014-03-12 00:00:00',102,24,1448,NULL,NULL),
  (2428,9,'2014-03-12 00:00:00',464,23,1448,NULL,NULL),
  (2429,1,'2014-03-18 00:00:00',15964,23,1449,NULL,NULL),
  (2430,1,'2014-03-18 00:00:00',3010,23,1450,NULL,NULL),
  (2431,4,'2014-03-18 00:00:00',83,23,1450,NULL,NULL),
  (2432,4,'2014-02-12 00:00:00',8704,25,1451,NULL,NULL),
  (2433,3,'2014-02-12 00:00:00',7146,25,1451,NULL,NULL),
  (2434,1,'2014-02-07 00:00:00',9450,23,1452,NULL,NULL),
  (2435,1,'2014-03-18 00:00:00',18013,23,1453,NULL,NULL),
  (2436,4,'2014-03-18 00:00:00',1260,23,1453,NULL,NULL),
  (2437,2,'2014-03-13 00:00:00',2297,23,1453,NULL,NULL),
  (2438,1,'2014-03-11 00:00:00',23486,23,1454,NULL,NULL),
  (2439,2,'2014-03-11 00:00:00',1963,23,1454,NULL,NULL),
  (2440,1,'2014-03-25 00:00:00',11836,23,1455,NULL,NULL),
  (2441,4,'2014-03-31 00:00:00',269,23,1455,NULL,NULL),
  (2442,2,'2014-03-25 00:00:00',612,23,1455,NULL,NULL),
  (2445,1,'2014-03-12 00:00:00',270144,34,1456,NULL,NULL),
  (2446,4,'2014-03-25 00:00:00',64,23,1457,NULL,NULL),
  (2447,2,'2014-03-24 00:00:00',1048,23,1457,NULL,NULL),
  (2448,1,'2014-03-25 00:00:00',3410,23,1457,NULL,NULL),
  (2449,1,'2014-03-26 00:00:00',22687,23,1458,NULL,NULL),
  (2450,2,'2014-03-26 00:00:00',740,23,1458,NULL,NULL),
  (2451,1,'2014-03-25 00:00:00',15965,23,1459,NULL,NULL),
  (2452,1,'2014-04-04 00:00:00',24219,23,1460,NULL,NULL),
  (2453,2,'2014-03-25 00:00:00',4884,24,1461,NULL,NULL),
  (2454,2,'2014-03-28 00:00:00',4884,24,1462,NULL,NULL),
  (2455,1,'2014-04-01 00:00:00',14305,23,1463,NULL,NULL),
  (2456,1,'2014-04-01 00:00:00',3376,23,1464,NULL,NULL),
  (2457,2,'2014-04-01 00:00:00',1168,23,1464,NULL,NULL),
  (2458,2,'2014-04-28 00:00:00',3097,24,1465,NULL,NULL),
  (2459,2,'2014-03-28 00:00:00',713,24,1466,NULL,NULL),
  (2460,2,'2014-03-28 00:00:00',3250,24,1467,NULL,NULL),
  (2461,1,'2014-04-07 00:00:00',24231,23,1468,NULL,NULL),
  (2462,1,'2014-02-25 00:00:00',27000,34,1469,NULL,NULL),
  (2464,1,'2014-02-17 00:00:00',22660,23,1470,NULL,NULL),
  (2465,2,'2014-04-14 00:00:00',156,23,1470,NULL,NULL),
  (2466,4,'2014-04-16 00:00:00',52,23,1470,NULL,NULL),
  (2467,1,'2014-03-17 00:00:00',27000,34,1471,NULL,NULL),
  (2468,1,'2014-04-15 00:00:00',10395,23,1472,NULL,NULL),
  (2469,1,'2014-04-15 00:00:00',2935,23,1473,NULL,NULL),
  (2470,2,'2014-04-15 00:00:00',681,23,1473,NULL,NULL),
  (2471,4,'2014-04-10 00:00:00',387,23,1473,NULL,NULL),
  (2472,4,'2014-04-14 00:00:00',2130,23,1474,NULL,NULL),
  (2473,1,'2014-04-14 00:00:00',2305,23,1474,NULL,NULL),
  (2474,2,'2014-04-14 00:00:00',1691,23,1474,NULL,NULL),
  (2475,1,'2014-04-22 00:00:00',16104,23,1475,NULL,NULL),
  (2476,1,'2014-04-22 00:00:00',2952,23,1476,NULL,NULL),
  (2477,2,'2014-04-22 00:00:00',374,23,1476,NULL,NULL),
  (2478,4,'2014-04-22 00:00:00',306,23,1476,NULL,NULL),
  (2479,1,'2014-04-29 00:00:00',13577,23,1477,NULL,NULL),
  (2480,1,'2014-04-30 00:00:00',4109,23,1478,NULL,NULL),
  (2481,2,'2014-04-30 00:00:00',707,23,1478,NULL,NULL),
  (2482,4,'2014-04-24 00:00:00',604,23,1478,NULL,NULL),
  (2483,1,'2014-05-02 00:00:00',17546,23,1479,NULL,NULL),
  (2484,2,'2014-05-01 00:00:00',54,23,1479,NULL,NULL),
  (2485,1,'2014-05-07 00:00:00',21861,23,1480,NULL,NULL),
  (2486,2,'2014-05-07 00:00:00',700,24,1480,NULL,NULL),
  (2487,4,'2014-05-07 00:00:00',580,23,1480,NULL,NULL),
  (2488,1,'2014-04-25 00:00:00',66,24,1481,NULL,NULL),
  (2489,2,'2014-04-25 00:00:00',4040,24,1481,NULL,NULL),
  (2490,1,'2014-05-07 00:00:00',6298,23,1482,NULL,NULL),
  (2492,1,'2014-05-06 00:00:00',14140,23,1483,NULL,NULL),
  (2493,2,'2014-04-25 00:00:00',2890,24,1484,NULL,NULL),
  (2494,1,'2014-05-13 00:00:00',12052,23,1485,NULL,NULL),
  (2495,1,'2014-05-13 00:00:00',3465,23,1486,NULL,NULL),
  (2496,2,'2014-05-13 00:00:00',279,23,1486,NULL,NULL),
  (2497,1,'2014-05-21 00:00:00',24074,23,1487,NULL,NULL),
  (2498,1,'2014-05-20 00:00:00',12356,23,1488,NULL,NULL),
  (2499,1,'2014-04-04 00:00:00',27021,34,1489,NULL,NULL),
  (2500,1,'2014-05-20 00:00:00',3591,23,1490,NULL,NULL),
  (2501,1,'2014-05-19 00:00:00',4898,23,1490,NULL,NULL),
  (2502,1,'2014-05-27 00:00:00',3554,23,1491,NULL,NULL),
  (2503,1,'2014-05-27 00:00:00',276,23,1491,NULL,NULL),
  (2504,1,'2014-05-27 00:00:00',14896,23,1492,NULL,NULL),
  (2505,2,'2014-05-28 00:00:00',4109,24,1493,NULL,NULL),
  (2506,2,'2014-05-23 00:00:00',852,24,1494,NULL,NULL),
  (2507,7,'2014-05-23 00:00:00',540,24,1494,NULL,NULL),
  (2508,1,'2014-06-03 00:00:00',10061,23,1495,NULL,NULL),
  (2509,1,'2014-06-03 00:00:00',18571,23,1496,NULL,NULL),
  (2512,4,'2014-06-03 00:00:00',402,23,1497,NULL,NULL),
  (2513,4,'2014-06-03 00:00:00',3607,23,1497,NULL,NULL),
  (2514,2,'2014-06-03 00:00:00',1158,23,1497,NULL,NULL),
  (2515,1,'2014-06-09 00:00:00',26276,23,1498,NULL,NULL),
  (2516,2,'2014-05-14 00:00:00',4000,34,1499,NULL,NULL),
  (2517,1,'2014-05-14 00:00:00',20925,34,1499,NULL,NULL),
  (2518,1,'2014-06-12 00:00:00',22353,23,1500,NULL,NULL),
  (2519,1,'2014-06-11 00:00:00',15333,23,1501,NULL,NULL),
  (2520,1,'2014-06-11 00:00:00',3291,23,1502,NULL,NULL),
  (2521,4,'2014-06-09 00:00:00',43,23,1502,NULL,NULL),
  (2522,2,'2014-06-09 00:00:00',76,23,1502,NULL,NULL),
  (2523,1,'2014-06-24 00:00:00',26276,23,1503,NULL,NULL),
  (2524,2,'2014-06-24 00:00:00',4764,23,1504,NULL,NULL),
  (2525,1,'2014-06-20 00:00:00',540,24,1505,NULL,NULL),
  (2526,2,'2014-06-20 00:00:00',850,24,1505,NULL,NULL),
  (2527,2,'2014-06-16 00:00:00',442,23,1506,NULL,NULL),
  (2528,2,'2014-05-23 00:00:00',2403,24,1507,NULL,NULL),
  (2529,1,'2014-06-17 00:00:00',3356,23,1508,NULL,NULL),
  (2530,1,'2014-05-22 00:00:00',27000,34,1509,NULL,NULL),
  (2532,1,'2014-07-02 00:00:00',13136,23,1510,NULL,NULL),
  (2533,4,'2014-07-02 00:00:00',218,23,1510,NULL,NULL),
  (2535,1,'2014-06-30 00:00:00',40823,24,1511,NULL,NULL),
  (2536,3,'2014-06-30 00:00:00',6112,23,1511,NULL,NULL),
  (2537,4,'2014-06-30 00:00:00',272,23,1511,NULL,NULL),
  (2538,1,'2014-07-07 00:00:00',17230,23,1512,NULL,NULL),
  (2539,3,'2014-07-21 00:00:00',2059,23,1513,NULL,NULL),
  (2540,1,'2014-07-09 00:00:00',4292,23,1514,NULL,NULL),
  (2541,1,'2014-07-01 00:00:00',11028,23,1515,NULL,NULL),
  (2542,1,'2014-07-09 00:00:00',11968,23,1516,NULL,NULL),
  (2543,1,'2014-07-01 00:00:00',3118,23,1517,NULL,NULL),
  (2544,1,'2014-07-15 00:00:00',15990,23,1518,NULL,NULL),
  (2545,1,'2014-07-15 00:00:00',3487,23,1519,NULL,NULL),
  (2546,1,'2014-07-23 00:00:00',20161,23,1520,NULL,NULL),
  (2547,4,'2014-07-23 00:00:00',1817,23,1520,NULL,NULL),
  (2548,2,'2014-07-23 00:00:00',878,23,1520,NULL,NULL),
  (2549,9,'2014-07-23 00:00:00',497,24,1520,NULL,NULL),
  (2550,1,'2014-07-14 00:00:00',18034,23,1521,NULL,NULL),
  (2551,4,'2014-07-14 00:00:00',1381,46,1521,NULL,NULL),
  (2552,2,'2014-07-14 00:00:00',2736,23,1521,NULL,NULL),
  (2553,2,'2014-07-18 00:00:00',3250,24,1522,NULL,NULL),
  (2554,2,'2014-08-15 00:00:00',934,24,1523,NULL,NULL),
  (2555,2,'2014-07-18 00:00:00',4124,24,1524,NULL,NULL),
  (2556,2,'2014-07-15 00:00:00',4124,24,1525,NULL,NULL),
  (2557,1,'2014-07-29 00:00:00',24352,23,1526,NULL,NULL),
  (2558,1,'2014-07-30 00:00:00',23056,23,1527,NULL,NULL),
  (2559,4,'2014-07-30 00:00:00',510,23,1527,NULL,NULL),
  (2560,2,'2014-07-30 00:00:00',1373,23,1527,NULL,NULL),
  (2561,1,'2014-07-23 00:00:00',24184,23,1528,NULL,NULL),
  (2562,1,'2014-07-24 00:00:00',26275,23,1529,NULL,NULL),
  (2563,1,'2014-07-29 00:00:00',14579,23,1530,NULL,NULL),
  (2564,1,'2014-07-22 00:00:00',3484,23,1531,NULL,NULL),
  (2565,4,'2014-07-29 00:00:00',62,23,1531,NULL,NULL),
  (2566,2,'2014-07-29 00:00:00',65,23,1531,NULL,NULL),
  (2567,1,'2014-07-22 00:00:00',3518,23,1532,NULL,NULL),
  (2568,1,'2014-08-05 00:00:00',2399,23,1533,NULL,NULL),
  (2569,4,'2014-08-05 00:00:00',63,23,1533,NULL,NULL),
  (2570,1,'2014-08-05 00:00:00',27645,23,1534,NULL,NULL),
  (2571,1,'2014-08-12 00:00:00',41186,23,1535,NULL,NULL),
  (2572,1,'2014-08-12 00:00:00',7451,23,1536,NULL,NULL),
  (2573,2,'2014-08-22 00:00:00',22,23,1537,NULL,NULL),
  (2574,1,'2014-08-20 00:00:00',18771,23,1538,NULL,NULL),
  (2575,1,'2014-08-20 00:00:00',2450,23,1539,NULL,NULL),
  (2576,1,'2014-08-15 00:00:00',5323,24,1540,NULL,NULL),
  (2577,2,'2014-08-13 00:00:00',115,23,1541,NULL,NULL),
  (2578,2,'2014-08-20 00:00:00',27,23,1542,NULL,NULL),
  (2579,1,'2014-08-20 00:00:00',25628,23,1542,NULL,NULL),
  (2580,9,'2014-08-27 00:00:00',10170,25,1543,NULL,NULL),
  (2581,4,'2014-08-27 00:00:00',3998,25,1543,NULL,NULL),
  (2582,1,'2014-08-26 00:00:00',2474,23,1544,NULL,NULL),
  (2583,2,'2014-08-26 00:00:00',1586,23,1544,NULL,NULL),
  (2584,4,'2014-08-26 00:00:00',553,23,1544,NULL,NULL),
  (2585,2,'2014-08-15 00:00:00',2378,24,1545,NULL,NULL),
  (2586,1,'2014-08-26 00:00:00',16382,24,1546,NULL,NULL),
  (2587,1,'2014-08-26 00:00:00',11864,23,1547,NULL,NULL),
  (2588,1,'2014-08-29 00:00:00',2627,23,1548,NULL,NULL),
  (2589,1,'2014-09-09 00:00:00',1273,23,1549,NULL,NULL),
  (2590,2,'2014-09-09 00:00:00',1147,23,1549,NULL,NULL),
  (2591,1,'2014-09-09 00:00:00',14619,23,1550,NULL,NULL),
  (2592,1,'2014-09-22 00:00:00',15043,23,1551,NULL,NULL),
  (2593,1,'2014-09-16 00:00:00',16763,23,1552,NULL,NULL),
  (2594,1,'2014-09-16 00:00:00',3022,23,1553,NULL,NULL),
  (2595,2,'2014-09-16 00:00:00',872,23,1553,NULL,NULL),
  (2596,4,'2014-09-16 00:00:00',108,23,1553,NULL,NULL),
  (2597,1,'2014-10-18 00:00:00',2195,23,1554,NULL,NULL),
  (2598,4,'2014-10-18 00:00:00',3632,23,1554,NULL,NULL),
  (2599,2,'2014-09-18 00:00:00',8117,23,1554,NULL,NULL),
  (2600,3,'2014-09-18 00:00:00',1680,23,1554,NULL,NULL),
  (2601,2,'2014-09-12 00:00:00',908,24,1555,NULL,NULL),
  (2602,1,'2014-09-12 00:00:00',540,24,1555,NULL,NULL),
  (2603,1,'2014-08-15 00:00:00',27000,34,1556,NULL,NULL),
  (2604,1,'2014-09-25 00:00:00',23365,23,1557,NULL,NULL),
  (2605,1,'2014-09-30 00:00:00',3113,23,1558,NULL,NULL),
  (2606,4,'2014-09-30 00:00:00',522,23,1558,NULL,NULL),
  (2607,1,'2014-09-23 00:00:00',3044,23,1559,NULL,NULL),
  (2608,4,'2014-10-23 00:00:00',192,23,1559,NULL,NULL),
  (2609,2,'2014-09-12 00:00:00',2500,24,1560,NULL,NULL),
  (2610,3,'2014-08-14 00:00:00',11899,50,1561,NULL,NULL);
COMMIT;

/* Data for the `tbltradeproductsdetails` table  (LIMIT 2500,500) */

INSERT INTO `tbltradeproductsdetails` (`recn`, `commodityRecn`, `dateOfTrade`, `weightInKG`, `country`, `tradeProductRecn`, `consignee_of_sender`, `consignee_of_receiver`) VALUES
  (2611,1,'2014-10-06 00:00:00',29298,23,1562,NULL,NULL),
  (2612,1,'2014-09-26 00:00:00',1941,23,1563,NULL,NULL),
  (2613,1,'2014-08-25 00:00:00',25800,34,1564,NULL,NULL),
  (2614,1,'2014-09-10 00:00:00',15442,23,1565,NULL,NULL),
  (2615,4,'2014-09-10 00:00:00',931,23,1565,NULL,NULL),
  (2616,2,'2014-09-10 00:00:00',6169,23,1565,NULL,NULL),
  (2617,3,'2014-09-10 00:00:00',1232,23,1565,NULL,NULL),
  (2618,1,'2014-09-03 00:00:00',27000,34,1566,NULL,NULL),
  (2619,1,'2014-10-07 00:00:00',12988,23,1567,NULL,NULL),
  (2620,1,'2014-10-07 00:00:00',3039,23,1568,NULL,NULL),
  (2621,2,'2014-10-20 00:00:00',748,23,1568,NULL,NULL),
  (2622,4,'2014-10-20 00:00:00',366,23,1568,NULL,NULL),
  (2623,1,'2014-10-15 00:00:00',10289,23,1569,NULL,NULL),
  (2624,4,'2014-10-22 00:00:00',1586,23,1569,NULL,NULL),
  (2625,2,'2014-10-22 00:00:00',2596,23,1569,NULL,NULL),
  (2626,3,'2014-10-22 00:00:00',591,23,1569,NULL,NULL),
  (2627,1,'2014-10-15 00:00:00',24351,23,1570,NULL,NULL),
  (2628,4,'2014-10-10 00:00:00',1019,23,1571,NULL,NULL),
  (2629,1,'2014-10-10 00:00:00',61,23,1571,NULL,NULL),
  (2630,1,'2014-10-14 00:00:00',11624,23,1572,NULL,NULL),
  (2631,1,'2014-10-14 00:00:00',3168,23,1573,NULL,NULL),
  (2632,2,'2014-10-14 00:00:00',653,23,1573,NULL,NULL),
  (2633,4,'2014-10-14 00:00:00',402,23,1573,NULL,NULL),
  (2634,1,'2014-10-01 00:00:00',26366,24,1574,NULL,NULL),
  (2635,1,'2014-10-11 00:00:00',27000,34,1575,NULL,NULL),
  (2636,2,'2014-10-10 00:00:00',4000,24,1576,NULL,NULL),
  (2638,1,'2014-10-22 00:00:00',18316,23,1577,NULL,NULL),
  (2639,4,'2014-10-22 00:00:00',725,23,1577,NULL,NULL),
  (2640,2,'2014-10-22 00:00:00',62,23,1577,NULL,NULL),
  (2641,1,'2014-10-21 00:00:00',12951,23,1578,NULL,NULL),
  (2642,1,'2014-10-21 00:00:00',3082,23,1579,NULL,NULL),
  (2643,2,'2014-10-21 00:00:00',1106,23,1579,NULL,NULL),
  (2644,4,'2014-10-21 00:00:00',101,23,1579,NULL,NULL),
  (2645,1,'2014-09-13 00:00:00',2610,34,1580,NULL,NULL),
  (2646,9,'2014-10-10 00:00:00',3000,24,1581,NULL,NULL),
  (2647,1,'2014-11-28 00:00:00',13916,23,1582,NULL,NULL),
  (2648,1,'2014-11-28 00:00:00',5346,23,1583,NULL,NULL),
  (2649,3,'2014-11-28 00:00:00',405,23,1583,NULL,NULL),
  (2650,1,'2014-11-03 00:00:00',24328,23,1584,NULL,NULL),
  (2651,1,'2014-10-06 00:00:00',21000,34,1585,NULL,NULL),
  (2652,2,'2014-10-06 00:00:00',4930,34,1585,NULL,NULL),
  (2653,2,'2014-11-07 00:00:00',9700,24,1586,NULL,NULL),
  (2654,1,'2014-11-12 00:00:00',15776,23,1587,NULL,NULL),
  (2655,4,'2014-11-12 00:00:00',398,23,1587,NULL,NULL),
  (2656,2,'2014-11-12 00:00:00',289,23,1587,NULL,NULL),
  (2657,1,'2014-09-27 00:00:00',27000,34,1588,NULL,NULL),
  (2658,1,'2014-11-12 00:00:00',8374,23,1589,NULL,NULL),
  (2659,2,'2014-11-12 00:00:00',1801,23,1589,NULL,NULL),
  (2660,1,'2014-11-11 00:00:00',3090,23,1590,NULL,NULL),
  (2661,2,'2014-11-19 00:00:00',2453,23,1590,NULL,NULL),
  (2662,1,'2014-11-11 00:00:00',12998,23,1591,NULL,NULL),
  (2663,1,'2014-11-18 00:00:00',11397,23,1592,NULL,NULL),
  (2665,1,'2014-11-19 00:00:00',2713,23,1593,NULL,NULL),
  (2666,1,'2014-11-18 00:00:00',2965,23,1594,NULL,NULL),
  (2667,2,'2014-11-18 00:00:00',1615,23,1594,NULL,NULL),
  (2668,4,'2014-11-18 00:00:00',209,23,1594,NULL,NULL),
  (2669,1,'2014-11-18 00:00:00',5543,23,1595,NULL,NULL),
  (2670,2,'2014-11-18 00:00:00',6154,23,1595,NULL,NULL),
  (2671,4,'2014-11-18 00:00:00',1210,23,1595,NULL,NULL),
  (2672,3,'2014-11-18 00:00:00',281,23,1595,NULL,NULL),
  (2673,2,'2014-11-07 00:00:00',3750,24,1596,NULL,NULL),
  (2674,1,'2014-11-07 00:00:00',45,24,1596,NULL,NULL),
  (2675,1,'2014-11-26 00:00:00',50278,23,1598,NULL,NULL),
  (2676,3,'2014-10-24 00:00:00',25000,25,1599,NULL,NULL),
  (2677,1,'2014-11-26 00:00:00',15078,23,1600,NULL,NULL),
  (2678,1,'2014-11-25 00:00:00',4751,23,1601,NULL,NULL),
  (2679,4,'2014-11-25 00:00:00',14,23,1601,NULL,NULL),
  (2680,1,'2014-12-03 00:00:00',24978,23,1602,NULL,NULL),
  (2681,2,'2014-12-03 00:00:00',8300,23,1602,NULL,NULL),
  (2682,1,'2014-12-10 00:00:00',23644,23,1603,NULL,NULL),
  (2683,1,'2014-12-02 00:00:00',24352,24,1604,NULL,NULL),
  (2684,1,'2014-12-09 00:00:00',2486,23,1605,NULL,NULL),
  (2685,4,'2014-12-09 00:00:00',303,23,1605,NULL,NULL),
  (2686,1,'2014-12-09 00:00:00',16665,23,1606,NULL,NULL),
  (2687,1,'2014-11-07 00:00:00',27000,34,1607,NULL,NULL),
  (2688,1,'2014-12-24 00:00:00',15520,23,1608,NULL,NULL),
  (2689,4,'2014-12-24 00:00:00',245,23,1608,NULL,NULL),
  (2690,1,'2014-12-30 00:00:00',11600,23,1609,NULL,NULL),
  (2691,1,'2014-11-07 00:00:00',26985,34,1610,NULL,NULL),
  (2692,1,'2014-12-19 00:00:00',11600,23,1611,NULL,NULL),
  (2693,1,'2014-12-17 00:00:00',13243,23,1612,NULL,NULL),
  (2694,1,'2015-01-06 00:00:00',2939,23,1613,NULL,NULL),
  (2695,1,'2014-12-17 00:00:00',2489,23,1614,NULL,NULL),
  (2696,1,'2014-12-19 00:00:00',2856,23,1615,NULL,NULL),
  (2697,2,'2014-12-19 00:00:00',29,23,1615,NULL,NULL),
  (2698,1,'2014-12-31 00:00:00',11927,23,1616,NULL,NULL),
  (2699,2,'2014-12-05 00:00:00',2000,24,1617,NULL,NULL),
  (2700,1,'2015-01-07 00:00:00',2961,23,1618,NULL,NULL),
  (2701,1,'2015-01-07 00:00:00',11600,23,1619,NULL,NULL),
  (2702,2,'2015-01-02 00:00:00',4900,24,1620,NULL,NULL),
  (2703,1,'2014-12-27 00:00:00',27000,34,1621,NULL,NULL),
  (2704,1,'2014-12-22 00:00:00',27000,34,1622,NULL,NULL),
  (2705,1,'2015-01-14 00:00:00',2978,23,1623,NULL,NULL),
  (2706,2,'2015-01-12 00:00:00',1334,23,1623,NULL,NULL),
  (2707,1,'2015-01-14 00:00:00',11600,23,1624,NULL,NULL),
  (2708,1,'2015-01-21 00:00:00',2325,23,1625,NULL,NULL),
  (2709,2,'2015-01-21 00:00:00',81,23,1625,NULL,NULL),
  (2710,1,'2015-01-21 00:00:00',11910,23,1626,NULL,NULL),
  (2711,1,'2015-01-19 00:00:00',23901,23,1627,NULL,NULL),
  (2712,1,'2015-01-28 00:00:00',12600,23,1628,NULL,NULL),
  (2713,1,'2015-01-28 00:00:00',2377,23,1629,NULL,NULL),
  (2714,9,'2015-01-28 00:00:00',194,23,1629,NULL,NULL),
  (2715,1,'2015-01-27 00:00:00',9534,23,1630,NULL,NULL),
  (2716,2,'2015-01-28 00:00:00',4489,24,1631,NULL,NULL),
  (2717,1,'2015-02-10 00:00:00',24427,23,1632,NULL,NULL),
  (2718,1,'2015-02-06 00:00:00',24148,24,1633,NULL,NULL),
  (2719,1,'2015-02-11 00:00:00',11290,23,1634,NULL,NULL),
  (2720,2,'2015-02-11 00:00:00',1775,23,1634,NULL,NULL),
  (2721,4,'2015-02-11 00:00:00',387,23,1634,NULL,NULL),
  (2722,1,'2015-02-03 00:00:00',12040,23,1635,NULL,NULL),
  (2723,1,'2015-02-10 00:00:00',12261,23,1636,NULL,NULL),
  (2724,4,'2015-02-03 00:00:00',750,23,1637,NULL,NULL),
  (2725,1,'2015-02-03 00:00:00',2336,23,1637,NULL,NULL),
  (2726,2,'2015-02-02 00:00:00',400,23,1637,NULL,NULL),
  (2727,1,'2015-02-03 00:00:00',2342,23,1638,NULL,NULL),
  (2728,4,'2015-02-03 00:00:00',797,23,1638,NULL,NULL),
  (2729,2,'2015-02-03 00:00:00',357,23,1638,NULL,NULL),
  (2730,1,'2015-02-18 00:00:00',1851,23,1639,NULL,NULL),
  (2731,2,'2015-02-18 00:00:00',1917,23,1639,NULL,NULL),
  (2732,3,'2015-02-18 00:00:00',844,23,1639,NULL,NULL),
  (2733,4,'2015-02-18 00:00:00',136,23,1639,NULL,NULL),
  (2734,1,'2015-02-20 00:00:00',19084,23,1640,NULL,NULL),
  (2735,4,'2015-02-18 00:00:00',205,23,1640,NULL,NULL),
  (2736,2,'2015-02-18 00:00:00',4404,23,1640,NULL,NULL),
  (2737,3,'2014-12-25 00:00:00',12304,50,1641,NULL,NULL),
  (2738,1,'2015-01-19 00:00:00',25010,34,1642,NULL,NULL),
  (2739,2,'2015-01-19 00:00:00',1000,34,1642,NULL,NULL),
  (2740,1,'2015-02-12 00:00:00',4589,23,1643,NULL,NULL),
  (2741,1,'2015-02-17 00:00:00',11650,23,1644,NULL,NULL),
  (2742,1,'2015-01-19 00:00:00',25010,34,1645,NULL,NULL),
  (2743,9,'2015-01-19 00:00:00',1000,34,1645,NULL,NULL),
  (2744,1,'2015-03-03 00:00:00',10923,23,1646,NULL,NULL),
  (2745,1,'2015-02-26 00:00:00',10923,23,1647,NULL,NULL),
  (2746,1,'2015-02-26 00:00:00',2068,23,1648,NULL,NULL),
  (2747,4,'2015-02-23 00:00:00',788,23,1648,NULL,NULL),
  (2748,9,'2015-02-23 00:00:00',197,23,1648,NULL,NULL),
  (2749,1,'2015-03-03 00:00:00',2091,23,1649,NULL,NULL),
  (2750,4,'2015-03-02 00:00:00',850,23,1649,NULL,NULL),
  (2751,2,'2015-03-02 00:00:00',472,23,1649,NULL,NULL),
  (2752,1,'2015-03-05 00:00:00',24958,23,1650,NULL,NULL),
  (2753,9,'2015-03-05 00:00:00',141,23,1650,NULL,NULL),
  (2755,2,'2015-02-27 00:00:00',4000,24,1652,NULL,NULL),
  (2756,1,'2015-03-11 00:00:00',23387,23,1653,NULL,NULL),
  (2757,2,'2015-03-09 00:00:00',908,23,1653,NULL,NULL),
  (2758,4,'2015-03-09 00:00:00',740,23,1653,NULL,NULL),
  (2759,1,'2015-03-11 00:00:00',10828,23,1654,NULL,NULL),
  (2760,1,'2015-03-10 00:00:00',24607,23,1655,NULL,NULL),
  (2762,1,'2015-03-13 00:00:00',22886,23,1656,NULL,NULL),
  (2763,4,'2015-03-12 00:00:00',1065,23,1656,NULL,NULL),
  (2764,1,'2015-02-06 00:00:00',27000,34,1657,NULL,NULL),
  (2765,1,'2015-03-18 00:00:00',15310,23,1658,NULL,NULL),
  (2766,4,'2015-03-18 00:00:00',2584,23,1658,NULL,NULL),
  (2767,3,'2015-03-18 00:00:00',751,23,1658,NULL,NULL),
  (2768,1,'2015-03-17 00:00:00',20172,24,1659,NULL,NULL),
  (2769,4,'2015-03-17 00:00:00',194,23,1659,NULL,NULL),
  (2770,2,'2015-03-17 00:00:00',136,23,1659,NULL,NULL),
  (2771,4,'2015-03-16 00:00:00',1923,23,1660,NULL,NULL),
  (2772,1,'2015-02-12 00:00:00',27000,34,1661,NULL,NULL),
  (2773,3,'2015-02-05 00:00:00',24342,25,1662,NULL,NULL),
  (2774,1,'2015-02-03 00:00:00',27000,34,1663,NULL,NULL),
  (2775,2,'2015-02-27 00:00:00',1700,24,1664,NULL,NULL),
  (2776,1,'2015-04-01 00:00:00',25140,23,1665,NULL,NULL),
  (2777,4,'2015-03-19 00:00:00',4989,23,1666,NULL,NULL),
  (2778,3,'2015-03-19 00:00:00',2701,23,1666,NULL,NULL),
  (2779,2,'2015-03-19 00:00:00',7167,23,1666,NULL,NULL),
  (2780,1,'2015-03-19 00:00:00',15345,23,1666,NULL,NULL),
  (2781,1,'2015-04-01 00:00:00',9840,23,1667,NULL,NULL),
  (2782,2,'2015-04-01 00:00:00',4768,23,1667,NULL,NULL),
  (2783,1,'2015-03-26 00:00:00',24514,23,1668,NULL,NULL),
  (2784,2,'2015-03-24 00:00:00',3347,24,1669,NULL,NULL),
  (2785,1,'2015-04-09 00:00:00',15323,23,1670,NULL,NULL),
  (2786,2,'2015-04-14 00:00:00',1233,23,1670,NULL,NULL),
  (2787,4,'2015-04-14 00:00:00',227,23,1670,NULL,NULL),
  (2788,1,'2015-04-07 00:00:00',24427,23,1671,NULL,NULL),
  (2789,3,'2015-04-07 00:00:00',2891,23,1672,NULL,NULL),
  (2790,1,'2015-04-08 00:00:00',10617,23,1673,NULL,NULL),
  (2791,1,'2015-04-08 00:00:00',25140,23,1674,NULL,NULL),
  (2792,2,'2015-03-27 00:00:00',1000,24,1675,NULL,NULL),
  (2793,1,'2015-04-15 00:00:00',12891,23,1676,NULL,NULL),
  (2795,1,'2015-04-15 00:00:00',4685,23,1677,NULL,NULL),
  (2796,2,'2015-04-15 00:00:00',509,23,1677,NULL,NULL),
  (2797,1,'2015-03-11 00:00:00',22005,34,1678,NULL,NULL),
  (2798,1,'2015-04-20 00:00:00',24427,23,1679,NULL,NULL),
  (2799,1,'2015-04-22 00:00:00',4414,23,1680,NULL,NULL),
  (2800,2,'2015-04-20 00:00:00',940,23,1680,NULL,NULL),
  (2803,2,'2015-04-24 00:00:00',4887,24,1683,NULL,NULL),
  (2804,1,'2015-03-26 00:00:00',27510,34,1684,NULL,NULL),
  (2805,1,'2015-04-29 00:00:00',3326,23,1685,NULL,NULL),
  (2806,2,'2015-04-27 00:00:00',41,23,1685,NULL,NULL),
  (2807,1,'2015-04-29 00:00:00',14086,23,1686,NULL,NULL),
  (2808,1,'2015-05-21 00:00:00',2029,23,1687,NULL,NULL),
  (2809,4,'2015-05-06 00:00:00',895,23,1687,NULL,NULL),
  (2810,2,'2015-05-06 00:00:00',1461,23,1687,NULL,NULL),
  (2811,1,'2015-05-12 00:00:00',21090,23,1688,NULL,NULL),
  (2812,1,'2015-05-05 00:00:00',13794,23,1689,NULL,NULL),
  (2813,2,'2015-04-24 00:00:00',1750,24,1690,NULL,NULL),
  (2814,1,'2015-05-13 00:00:00',14224,23,1691,NULL,NULL),
  (2815,1,'2015-05-05 00:00:00',3552,23,1692,NULL,NULL),
  (2817,1,'2015-05-13 00:00:00',34853,23,1693,NULL,NULL),
  (2818,1,'2015-05-20 00:00:00',29862,23,1694,NULL,NULL),
  (2819,1,'2015-05-20 00:00:00',5104,23,1695,NULL,NULL),
  (2820,4,'2015-05-20 00:00:00',80,23,1695,NULL,NULL),
  (2821,1,'2015-04-15 00:00:00',27510,34,1696,NULL,NULL),
  (2822,1,'2015-04-15 00:00:00',729000,34,1697,NULL,NULL),
  (2823,1,'2015-03-31 00:00:00',27000,34,1698,NULL,NULL),
  (2824,1,'2015-05-14 00:00:00',3818,23,1699,NULL,NULL),
  (2825,4,'2015-05-14 00:00:00',861,23,1699,NULL,NULL),
  (2826,7,'2015-05-26 00:00:00',24427,23,1700,NULL,NULL),
  (2827,2,'2015-05-28 00:00:00',5333,23,1701,NULL,NULL),
  (2828,4,'2015-05-28 00:00:00',1616,23,1701,NULL,NULL),
  (2829,1,'2015-05-28 00:00:00',51515,23,1701,NULL,NULL),
  (2830,1,'2015-05-26 00:00:00',13794,23,1702,NULL,NULL),
  (2831,1,'2015-05-27 00:00:00',873,23,1703,NULL,NULL),
  (2832,2,'2015-05-27 00:00:00',2831,23,1703,NULL,NULL),
  (2833,4,'2015-05-27 00:00:00',2158,23,1703,NULL,NULL),
  (2834,1,'2015-05-26 00:00:00',10314,23,1704,NULL,NULL),
  (2835,4,'2015-05-26 00:00:00',365,23,1704,NULL,NULL),
  (2836,2,'2015-05-26 00:00:00',625,23,1704,NULL,NULL),
  (2837,2,'2015-05-22 00:00:00',4500,24,1705,NULL,NULL),
  (2838,1,'2015-05-26 00:00:00',14154,23,1706,NULL,NULL),
  (2839,2,'2015-05-21 00:00:00',489,23,1706,NULL,NULL),
  (2840,4,'2015-05-26 00:00:00',841,23,1706,NULL,NULL),
  (2841,1,'2015-06-03 00:00:00',9856,23,1707,NULL,NULL),
  (2842,1,'2015-06-03 00:00:00',2410,23,1708,NULL,NULL),
  (2843,2,'2015-05-26 00:00:00',4218,24,1709,NULL,NULL),
  (2844,2,'2015-05-22 00:00:00',2500,23,1710,NULL,NULL),
  (2845,1,'2015-06-09 00:00:00',10218,23,1711,NULL,NULL),
  (2846,2,'2015-06-10 00:00:00',6192,23,1712,NULL,NULL),
  (2847,2,'2015-06-09 00:00:00',341,23,1713,NULL,NULL),
  (2848,1,'2015-06-09 00:00:00',24131,23,1713,NULL,NULL),
  (2849,3,'2015-05-01 00:00:00',24089,25,1714,NULL,NULL),
  (2850,2,'2015-06-10 00:00:00',1897,23,1715,NULL,NULL),
  (2851,1,'2015-06-17 00:00:00',10328,23,1716,NULL,NULL),
  (2852,1,'2015-06-17 00:00:00',2387,23,1717,NULL,NULL),
  (2853,2,'2015-06-17 00:00:00',1484,23,1717,NULL,NULL),
  (2854,4,'2015-06-17 00:00:00',824,23,1717,NULL,NULL),
  (2855,1,'2015-05-05 00:00:00',27000,23,1718,NULL,NULL),
  (2856,1,'2015-06-25 00:00:00',25028,23,1719,NULL,NULL),
  (2857,1,'2015-06-24 00:00:00',21909,23,1720,NULL,NULL),
  (2858,2,'2015-06-24 00:00:00',1572,23,1720,NULL,NULL),
  (2859,9,'2015-05-26 00:00:00',3996,34,1721,NULL,NULL),
  (2860,1,'2015-05-26 00:00:00',23250,34,1721,NULL,NULL),
  (2861,1,'2015-06-26 00:00:00',24205,23,1722,NULL,NULL),
  (2862,1,'2015-07-01 00:00:00',21017,23,1723,NULL,NULL),
  (2863,2,'2015-07-01 00:00:00',3426,23,1723,NULL,NULL),
  (2864,4,'2015-07-01 00:00:00',1364,23,1723,NULL,NULL),
  (2865,1,'2015-07-01 00:00:00',15891,23,1724,NULL,NULL),
  (2866,4,'2015-07-01 00:00:00',2000,23,1724,NULL,NULL),
  (2867,2,'2015-07-02 00:00:00',3884,23,1724,NULL,NULL),
  (2868,1,'2015-07-01 00:00:00',10255,23,1725,NULL,NULL),
  (2869,2,'2015-07-01 00:00:00',676,23,1725,NULL,NULL),
  (2870,1,'2015-07-01 00:00:00',3165,23,1726,NULL,NULL),
  (2871,4,'2015-07-01 00:00:00',741,23,1726,NULL,NULL),
  (2872,1,'2015-06-19 00:00:00',16800,34,1727,NULL,NULL),
  (2873,1,'2015-06-19 00:00:00',18480,34,1728,NULL,NULL),
  (2874,1,'2015-07-22 00:00:00',3647,23,1729,NULL,NULL),
  (2875,1,'2015-07-08 00:00:00',6581,23,1730,NULL,NULL),
  (2876,1,'2015-07-16 00:00:00',654,23,1731,NULL,NULL),
  (2877,4,'2015-07-15 00:00:00',332,23,1731,NULL,NULL),
  (2878,1,'2015-07-16 00:00:00',19455,24,1732,NULL,NULL),
  (2879,1,'2015-07-22 00:00:00',25570,23,1733,NULL,NULL),
  (2880,1,'2015-07-08 00:00:00',9875,23,1734,NULL,NULL),
  (2881,1,'2015-07-29 00:00:00',22232,23,1735,NULL,NULL),
  (2882,2,'2015-07-29 00:00:00',2422,23,1735,NULL,NULL),
  (2883,1,'2015-07-29 00:00:00',21818,23,1736,NULL,NULL),
  (2884,4,'2015-07-29 00:00:00',2382,23,1736,NULL,NULL),
  (2885,2,'2015-07-29 00:00:00',858,23,1736,NULL,NULL),
  (2886,2,'2015-07-17 00:00:00',6189,24,1737,NULL,NULL),
  (2887,2,'2015-06-19 00:00:00',2600,24,1738,NULL,NULL),
  (2888,2,'2015-07-17 00:00:00',2764,24,1739,NULL,NULL),
  (2889,1,'2015-07-29 00:00:00',1636,23,1740,NULL,NULL),
  (2890,4,'2015-07-27 00:00:00',739,23,1740,NULL,NULL),
  (2891,1,'2015-07-29 00:00:00',11687,23,1741,NULL,NULL),
  (2892,1,'2015-08-05 00:00:00',12525,23,1742,NULL,NULL),
  (2893,2,'2015-08-05 00:00:00',177,23,1742,NULL,NULL),
  (2894,1,'2015-08-05 00:00:00',1617,23,1743,NULL,NULL),
  (2895,4,'2015-08-03 00:00:00',913,23,1743,NULL,NULL),
  (2896,1,'2015-08-10 00:00:00',28972,23,1744,NULL,NULL),
  (2898,1,'2015-06-24 00:00:00',27000,34,1745,NULL,NULL),
  (2899,1,'2015-08-11 00:00:00',1571,23,1746,NULL,NULL),
  (2900,1,'2015-08-20 00:00:00',14775,23,1747,NULL,NULL),
  (2901,1,'2015-08-11 00:00:00',547,23,1748,NULL,NULL),
  (2902,4,'2015-08-11 00:00:00',67,23,1748,NULL,NULL),
  (2903,1,'2015-08-20 00:00:00',15803,23,1749,NULL,NULL),
  (2904,2,'2015-08-14 00:00:00',6070,24,1750,NULL,NULL),
  (2905,1,'2015-08-19 00:00:00',5997,23,1751,NULL,NULL),
  (2906,4,'2015-08-19 00:00:00',269,23,1751,NULL,NULL),
  (2907,2,'2015-08-19 00:00:00',201,23,1752,NULL,NULL),
  (2908,4,'2015-08-19 00:00:00',137,23,1752,NULL,NULL),
  (2909,1,'2015-08-19 00:00:00',3176,23,1752,NULL,NULL),
  (2910,1,'2015-06-08 00:00:00',27000,24,1753,NULL,NULL),
  (2911,1,'2015-05-25 00:00:00',27000,34,1754,NULL,NULL),
  (2912,3,'2015-07-07 00:00:00',12290,50,1755,NULL,NULL),
  (2913,1,'2015-07-22 00:00:00',27450,34,1756,NULL,NULL),
  (2914,1,'2015-09-03 00:00:00',24203,23,1757,NULL,NULL),
  (2915,4,'2015-09-03 00:00:00',1264,23,1757,NULL,NULL),
  (2916,1,'2015-09-10 00:00:00',13600,23,1758,NULL,NULL),
  (2917,1,'2015-09-09 00:00:00',24426,23,1759,NULL,NULL),
  (2918,1,'2015-09-15 00:00:00',1608,23,1760,NULL,NULL),
  (2919,1,'2015-08-26 00:00:00',14658,23,1761,NULL,NULL),
  (2920,1,'2015-07-10 00:00:00',27000,34,1762,NULL,NULL),
  (2921,1,'2015-09-02 00:00:00',14319,23,1763,NULL,NULL),
  (2922,1,'2015-08-26 00:00:00',1619,23,1764,NULL,NULL),
  (2923,1,'2015-09-08 00:00:00',14224,23,1765,NULL,NULL),
  (2924,1,'2015-09-08 00:00:00',1685,23,1766,NULL,NULL),
  (2925,1,'2015-09-02 00:00:00',1977,23,1767,NULL,NULL),
  (2926,4,'2015-09-02 00:00:00',2256,23,1767,NULL,NULL),
  (2927,1,'2015-09-15 00:00:00',1568,23,1768,NULL,NULL),
  (2928,1,'2015-09-15 00:00:00',4953,23,1769,NULL,NULL),
  (2929,2,'2015-08-14 00:00:00',14400,34,1770,NULL,NULL),
  (2930,1,'2015-08-14 00:00:00',12600,34,1770,NULL,NULL),
  (2931,1,'2015-09-23 00:00:00',24237,23,1771,NULL,NULL),
  (2932,4,'2015-09-23 00:00:00',273,23,1771,NULL,NULL),
  (2933,2,'2015-08-13 00:00:00',27000,34,1772,NULL,NULL),
  (2934,2,'2015-09-11 00:00:00',4190,24,1773,NULL,NULL),
  (2935,2,'2015-09-11 00:00:00',700,24,1774,NULL,NULL),
  (2936,2,'2015-09-11 00:00:00',700,24,1775,NULL,NULL),
  (2937,1,'2015-09-23 00:00:00',6317,23,1776,NULL,NULL),
  (2938,1,'2015-09-23 00:00:00',1556,23,1777,NULL,NULL),
  (2939,2,'2015-09-11 00:00:00',4500,24,1778,NULL,NULL),
  (2940,1,'2015-09-28 00:00:00',4396,23,1779,NULL,NULL),
  (2941,2,'2015-09-29 00:00:00',7726,23,1779,NULL,NULL),
  (2942,1,'2015-09-30 00:00:00',24727,23,1780,NULL,NULL),
  (2943,1,'2015-09-14 00:00:00',18094,23,1781,NULL,NULL),
  (2944,4,'2015-09-15 00:00:00',789,23,1781,NULL,NULL),
  (2945,2,'2015-09-10 00:00:00',441,23,1781,NULL,NULL),
  (2946,1,'2015-08-27 00:00:00',27000,34,1782,NULL,NULL),
  (2947,1,'2015-10-13 00:00:00',13287,23,1783,NULL,NULL),
  (2948,2,'2015-10-13 00:00:00',7726,23,1784,NULL,NULL),
  (2949,1,'2015-10-07 00:00:00',1555,23,1785,NULL,NULL),
  (2950,1,'2015-09-29 00:00:00',1547,23,1786,NULL,NULL),
  (2951,1,'2015-10-07 00:00:00',5793,23,1787,NULL,NULL),
  (2952,1,'2015-09-29 00:00:00',5793,23,1788,NULL,NULL),
  (2953,2,'2015-10-07 00:00:00',3724,23,1789,NULL,NULL),
  (2954,3,'2015-10-07 00:00:00',1294,23,1789,NULL,NULL),
  (2955,4,'2015-10-07 00:00:00',1167,23,1789,NULL,NULL),
  (2956,1,'2015-10-07 00:00:00',464,23,1789,NULL,NULL),
  (2957,2,'2015-09-18 00:00:00',28605,34,1790,NULL,NULL),
  (2958,1,'2015-09-18 00:00:00',14385,34,1790,NULL,NULL),
  (2959,1,'2015-10-21 00:00:00',1420,23,1791,NULL,NULL),
  (2960,1,'2015-10-21 00:00:00',50,23,1792,NULL,NULL),
  (2963,1,'2015-10-21 00:00:00',25000,23,1793,NULL,NULL),
  (2964,4,'2015-10-21 00:00:00',227,23,1793,NULL,NULL),
  (2965,1,'2015-10-26 00:00:00',13731,23,1794,NULL,NULL),
  (2966,2,'2015-10-27 00:00:00',933,23,1794,NULL,NULL),
  (2967,4,'2015-10-26 00:00:00',286,23,1794,NULL,NULL),
  (2968,2,'2015-10-16 00:00:00',8249,24,1795,NULL,NULL),
  (2969,1,'2015-08-07 00:00:00',3448,23,1796,NULL,NULL),
  (2970,3,'2015-09-08 00:00:00',23892,25,1797,NULL,NULL),
  (2971,4,'2015-10-09 00:00:00',3331,23,1798,NULL,NULL),
  (2972,3,'2015-10-20 00:00:00',3635,23,1798,NULL,NULL),
  (2973,1,'2015-10-27 00:00:00',10639,23,1799,NULL,NULL),
  (2974,4,'2015-10-27 00:00:00',330,23,1799,NULL,NULL),
  (2975,3,'2015-10-27 00:00:00',844,23,1799,NULL,NULL),
  (2976,2,'2015-10-27 00:00:00',3484,23,1799,NULL,NULL),
  (2977,4,'2015-11-02 00:00:00',41,23,1800,NULL,NULL),
  (2978,1,'2015-11-02 00:00:00',84,23,1800,NULL,NULL),
  (2979,4,'2015-11-04 00:00:00',649,23,1801,NULL,NULL),
  (2980,1,'2015-11-04 00:00:00',26913,23,1801,NULL,NULL),
  (2981,2,'2015-11-03 00:00:00',669,23,1801,NULL,NULL),
  (2982,1,'2015-11-04 00:00:00',6168,23,1802,NULL,NULL),
  (2983,1,'2015-11-04 00:00:00',1251,23,1803,NULL,NULL),
  (2984,2,'2015-11-04 00:00:00',1122,23,1803,NULL,NULL),
  (2985,4,'2015-11-04 00:00:00',123,23,1803,NULL,NULL),
  (2986,1,'2015-10-22 00:00:00',7859,23,1804,NULL,NULL),
  (2987,2,'2015-10-09 00:00:00',1500,24,1805,NULL,NULL),
  (2988,1,'2015-10-22 00:00:00',1317,23,1806,NULL,NULL),
  (2989,2,'2015-10-22 00:00:00',1012,23,1806,NULL,NULL),
  (2990,4,'2015-10-28 00:00:00',507,23,1807,NULL,NULL),
  (2991,2,'2015-10-28 00:00:00',568,23,1807,NULL,NULL),
  (2992,1,'2015-10-28 00:00:00',1394,23,1807,NULL,NULL),
  (2993,1,'2015-11-12 00:00:00',9297,23,1808,NULL,NULL),
  (2994,2,'2015-11-12 00:00:00',2320,23,1808,NULL,NULL),
  (2995,1,'2015-09-22 00:00:00',27000,34,1809,NULL,NULL),
  (2996,1,'2015-11-12 00:00:00',5976,23,1810,NULL,NULL),
  (2997,2,'2015-11-12 00:00:00',2196,23,1810,NULL,NULL),
  (2998,4,'2015-06-29 00:00:00',1181,23,1811,NULL,NULL),
  (2999,1,'2015-11-17 00:00:00',17173,23,1811,NULL,NULL),
  (3000,2,'2015-11-17 00:00:00',810,23,1811,NULL,NULL),
  (3001,4,'2015-11-18 00:00:00',746,23,1812,NULL,NULL),
  (3002,1,'2015-11-18 00:00:00',12685,23,1812,NULL,NULL),
  (3003,2,'2015-11-18 00:00:00',13386,23,1812,NULL,NULL),
  (3004,1,'2015-11-06 00:00:00',1000,24,1813,NULL,NULL),
  (3005,2,'2015-11-06 00:00:00',2000,24,1813,NULL,NULL),
  (3006,2,'2015-11-06 00:00:00',80,24,1814,NULL,NULL),
  (3007,1,'2015-11-06 00:00:00',590,24,1814,NULL,NULL),
  (3008,1,'2015-11-17 00:00:00',273,23,1815,NULL,NULL),
  (3009,2,'2015-11-17 00:00:00',190,23,1815,NULL,NULL),
  (3010,1,'2015-11-18 00:00:00',13234,23,1816,NULL,NULL),
  (3011,1,'2015-11-18 00:00:00',2664,23,1817,NULL,NULL),
  (3012,2,'2015-11-18 00:00:00',2793,23,1817,NULL,NULL),
  (3013,4,'2015-11-18 00:00:00',725,23,1817,NULL,NULL),
  (3014,2,'2015-10-20 00:00:00',26802,34,1818,NULL,NULL),
  (3015,2,'2015-11-06 00:00:00',7130,24,1819,NULL,NULL),
  (3016,1,'2015-11-16 00:00:00',12260,23,1820,NULL,NULL),
  (3017,9,'2015-11-19 00:00:00',992,23,1820,NULL,NULL),
  (3018,4,'2015-11-20 00:00:00',1786,23,1820,NULL,NULL),
  (3019,2,'2015-11-20 00:00:00',4086,23,1820,NULL,NULL),
  (3020,1,'2015-11-23 00:00:00',3136,23,1821,NULL,NULL),
  (3021,4,'2015-11-23 00:00:00',273,23,1821,NULL,NULL),
  (3022,2,'2015-11-23 00:00:00',994,23,1821,NULL,NULL),
  (3023,1,'2015-11-23 00:00:00',1078,23,1822,NULL,NULL),
  (3024,1,'2015-11-24 00:00:00',23619,23,1823,NULL,NULL),
  (3025,2,'2015-11-24 00:00:00',1209,23,1823,NULL,NULL),
  (3026,4,'2015-11-24 00:00:00',181,23,1823,NULL,NULL),
  (3027,4,'2015-09-22 00:00:00',53,23,1824,NULL,NULL),
  (3028,4,'2015-10-01 00:00:00',341,23,1825,NULL,NULL),
  (3029,3,'2015-10-01 00:00:00',122,23,1825,NULL,NULL),
  (3030,2,'2015-10-01 00:00:00',169,23,1825,NULL,NULL),
  (3031,3,'2015-10-07 00:00:00',8,23,1826,NULL,NULL),
  (3032,4,'2015-10-07 00:00:00',53,23,1826,NULL,NULL),
  (3033,4,'2015-10-30 00:00:00',19,23,1827,NULL,NULL),
  (3034,3,'2015-10-30 00:00:00',8,23,1827,NULL,NULL),
  (3035,2,'2015-10-30 00:00:00',28,23,1827,NULL,NULL),
  (3036,2,'2015-11-30 00:00:00',13,23,1828,NULL,NULL),
  (3037,4,'2015-11-30 00:00:00',160,23,1828,NULL,NULL),
  (3038,3,'2015-11-30 00:00:00',8,23,1828,NULL,NULL),
  (3039,4,'2015-11-12 00:00:00',34,23,1829,NULL,NULL),
  (3040,1,'2015-11-12 00:00:00',23,23,1829,NULL,NULL),
  (3041,4,'2015-11-19 00:00:00',65,23,1830,NULL,NULL),
  (3042,3,'2015-11-19 00:00:00',27,23,1830,NULL,NULL),
  (3043,2,'2015-11-19 00:00:00',10,23,1830,NULL,NULL),
  (3044,4,'2015-10-14 00:00:00',161,23,1831,NULL,NULL),
  (3045,1,'2015-10-14 00:00:00',58,23,1831,NULL,NULL),
  (3046,4,'2015-11-24 00:00:00',118,23,1832,NULL,NULL),
  (3047,2,'2015-11-24 00:00:00',48,23,1832,NULL,NULL),
  (3048,1,'2015-12-04 00:00:00',727,23,1833,NULL,NULL),
  (3049,4,'2015-12-04 00:00:00',744,23,1833,NULL,NULL),
  (3050,2,'2015-12-04 00:00:00',1684,23,1833,NULL,NULL),
  (3051,1,'2015-12-03 00:00:00',6488,23,1834,NULL,NULL),
  (3052,2,'2015-12-08 00:00:00',1220,23,1834,NULL,NULL),
  (3053,4,'2015-12-08 00:00:00',200,23,1834,NULL,NULL),
  (3054,2,'2015-11-18 00:00:00',5340,33,1835,NULL,NULL),
  (3055,1,'2015-12-05 00:00:00',23158,23,1836,NULL,NULL),
  (3056,2,'2015-12-05 00:00:00',1161,23,1836,NULL,NULL),
  (3057,4,'2015-12-05 00:00:00',1130,23,1836,NULL,NULL),
  (3058,3,'2015-12-08 00:00:00',15,23,1837,NULL,NULL),
  (3059,4,'2015-12-08 00:00:00',13,23,1837,NULL,NULL),
  (3060,1,'2015-12-08 00:00:00',44,23,1837,NULL,NULL),
  (3061,1,'2015-12-08 00:00:00',31,23,1837,NULL,NULL),
  (3062,1,'2015-12-03 00:00:00',11433,23,1838,NULL,NULL),
  (3063,2,'2015-12-03 00:00:00',2392,23,1838,NULL,NULL),
  (3064,1,'2015-11-25 00:00:00',11688,23,1839,NULL,NULL),
  (3065,2,'2015-11-25 00:00:00',1944,23,1839,NULL,NULL),
  (3066,4,'2015-12-03 00:00:00',12,23,1840,NULL,NULL),
  (3067,1,'2015-12-03 00:00:00',2338,23,1840,NULL,NULL),
  (3068,2,'2015-12-03 00:00:00',3393,23,1840,NULL,NULL),
  (3069,1,'2015-11-25 00:00:00',5874,23,1841,NULL,NULL),
  (3070,2,'2015-11-25 00:00:00',2474,23,1841,NULL,NULL),
  (3071,2,'2015-11-20 00:00:00',3600,24,1842,NULL,NULL),
  (3072,1,'2015-11-20 00:00:00',315,24,1842,NULL,NULL),
  (3073,1,'2015-11-11 00:00:00',13050,34,1843,NULL,NULL),
  (3074,2,'2015-11-11 00:00:00',13311,34,1843,NULL,NULL),
  (3075,1,'2015-12-08 00:00:00',14856,23,1844,NULL,NULL),
  (3076,2,'2015-12-09 00:00:00',180,23,1844,NULL,NULL),
  (3077,1,'2015-11-06 00:00:00',27000,34,1845,NULL,NULL),
  (3078,4,'2015-12-02 00:00:00',1330,23,1846,NULL,NULL),
  (3079,1,'2015-12-09 00:00:00',15239,23,1847,NULL,NULL),
  (3080,4,'2015-12-09 00:00:00',1284,23,1847,NULL,NULL),
  (3081,2,'2015-12-09 00:00:00',7068,23,1847,NULL,NULL),
  (3082,3,'2015-12-19 00:00:00',50,23,1848,NULL,NULL),
  (3083,4,'2015-12-17 00:00:00',28,23,1849,NULL,NULL),
  (3084,3,'2015-12-15 00:00:00',7,23,1849,NULL,NULL),
  (3085,1,'2015-12-22 00:00:00',1600,23,1850,NULL,NULL),
  (3086,2,'2015-12-22 00:00:00',4177,23,1851,NULL,NULL),
  (3087,1,'2015-12-22 00:00:00',21885,23,1851,NULL,NULL),
  (3088,4,'2015-12-22 00:00:00',568,23,1851,NULL,NULL),
  (3090,2,'2015-11-25 00:00:00',7500,34,1853,NULL,NULL),
  (3091,1,'2015-11-25 00:00:00',19380,34,1853,NULL,NULL),
  (3092,2,'2015-12-22 00:00:00',40,23,1854,NULL,NULL),
  (3093,4,'2015-12-22 00:00:00',74,23,1854,NULL,NULL),
  (3094,1,'2015-12-22 00:00:00',8,23,1854,NULL,NULL),
  (3095,1,'2015-11-17 00:00:00',27000,34,1855,NULL,NULL),
  (3096,1,'2015-12-09 00:00:00',13137,23,1856,NULL,NULL),
  (3097,1,'2015-12-09 00:00:00',3540,23,1857,NULL,NULL),
  (3098,4,'2015-12-09 00:00:00',2072,23,1857,NULL,NULL),
  (3099,2,'2015-12-09 00:00:00',3459,23,1857,NULL,NULL),
  (3100,3,'2015-12-07 00:00:00',386,23,1857,NULL,NULL),
  (3101,4,'2015-12-09 00:00:00',24,23,1858,NULL,NULL),
  (3102,3,'2015-12-09 00:00:00',22,23,1858,NULL,NULL),
  (3103,2,'2015-12-18 00:00:00',4500,24,1859,NULL,NULL),
  (3104,1,'2015-12-03 00:00:00',27000,34,1860,NULL,NULL),
  (3105,1,'2015-12-22 00:00:00',11525,23,1861,NULL,NULL),
  (3106,1,'2015-12-30 00:00:00',1320,23,1862,NULL,NULL),
  (3107,1,'2015-12-22 00:00:00',2758,23,1863,NULL,NULL),
  (3108,2,'2015-12-22 00:00:00',74,23,1863,NULL,NULL),
  (3109,4,'2015-12-30 00:00:00',51,23,1864,NULL,NULL),
  (3110,1,'2015-12-30 00:00:00',2886,23,1864,NULL,NULL),
  (3111,2,'2015-12-30 00:00:00',1055,23,1864,NULL,NULL),
  (3112,1,'2015-12-18 00:00:00',540,24,1865,NULL,NULL),
  (3113,2,'2015-12-18 00:00:00',2500,24,1866,NULL,NULL),
  (3114,3,'2015-11-19 00:00:00',18842,25,1867,NULL,NULL),
  (3115,4,'2015-11-19 00:00:00',5440,25,1867,NULL,NULL),
  (3116,7,'2015-11-26 00:00:00',27000,34,1868,NULL,NULL),
  (3117,3,'2015-11-26 00:00:00',12644,50,1869,NULL,NULL),
  (3118,4,'2016-01-14 00:00:00',17,23,1870,NULL,NULL),
  (3119,3,'2016-01-14 00:00:00',6,23,1870,NULL,NULL),
  (3120,2,'2016-01-14 00:00:00',34,23,1870,NULL,NULL),
  (3121,4,'2016-01-05 00:00:00',15,23,1871,NULL,NULL),
  (3122,3,'2016-01-04 00:00:00',9,23,1871,NULL,NULL);
COMMIT;

/* Data for the `tbltradeproductsdetails` table  (LIMIT 2780,500) */

INSERT INTO `tbltradeproductsdetails` (`recn`, `commodityRecn`, `dateOfTrade`, `weightInKG`, `country`, `tradeProductRecn`, `consignee_of_sender`, `consignee_of_receiver`) VALUES
  (3123,2,'2016-01-14 00:00:00',18,23,1871,NULL,NULL),
  (3124,4,'2016-01-18 00:00:00',3406,23,1872,NULL,NULL),
  (3125,1,'2016-01-13 00:00:00',6200,23,1873,NULL,NULL),
  (3126,4,'2016-01-13 00:00:00',1782,23,1873,NULL,NULL),
  (3127,2,'2016-01-13 00:00:00',4772,23,1873,NULL,NULL),
  (3128,2,'2016-01-11 00:00:00',1297,23,1874,NULL,NULL),
  (3129,4,'2016-01-11 00:00:00',769,23,1874,NULL,NULL),
  (3130,1,'2016-01-12 00:00:00',19727,23,1874,NULL,NULL),
  (3131,4,'2016-01-20 00:00:00',546,23,1875,NULL,NULL),
  (3132,2,'2016-01-13 00:00:00',3479,23,1875,NULL,NULL),
  (3133,3,'2016-01-13 00:00:00',594,23,1875,NULL,NULL),
  (3134,1,'2016-01-13 00:00:00',17921,23,1875,NULL,NULL),
  (3135,1,'2016-01-13 00:00:00',10051,23,1876,NULL,NULL),
  (3136,2,'2016-01-13 00:00:00',475,23,1876,NULL,NULL),
  (3137,4,'2016-01-20 00:00:00',1460,23,1877,NULL,NULL),
  (3138,2,'2016-01-13 00:00:00',574,23,1877,NULL,NULL),
  (3139,1,'2016-01-13 00:00:00',2190,23,1877,NULL,NULL),
  (3140,1,'2015-12-11 00:00:00',27000,23,1878,NULL,NULL),
  (3141,1,'2016-01-21 00:00:00',25151,23,1879,NULL,NULL),
  (3142,1,'2016-01-21 00:00:00',10549,23,1880,NULL,NULL),
  (3143,4,'2016-01-21 00:00:00',731,23,1881,NULL,NULL),
  (3144,2,'2016-01-21 00:00:00',623,23,1881,NULL,NULL),
  (3145,1,'2016-01-21 00:00:00',2144,23,1881,NULL,NULL),
  (3146,4,'2016-01-28 00:00:00',229,23,1882,NULL,NULL),
  (3147,2,'2016-01-28 00:00:00',3336,23,1882,NULL,NULL),
  (3148,1,'2016-01-28 00:00:00',22672,23,1882,NULL,NULL),
  (3149,4,'2016-01-28 00:00:00',229,23,1883,NULL,NULL),
  (3150,2,'2016-01-28 00:00:00',3098,23,1883,NULL,NULL),
  (3151,1,'2016-01-28 00:00:00',22672,23,1883,NULL,NULL),
  (3152,1,'2016-01-25 00:00:00',17995,23,1884,NULL,NULL),
  (3153,2,'2016-01-25 00:00:00',399,23,1884,NULL,NULL),
  (3154,4,'2016-01-25 00:00:00',202,23,1884,NULL,NULL),
  (3155,4,'2016-02-02 00:00:00',1025,23,1885,NULL,NULL),
  (3156,1,'2016-02-02 00:00:00',782,23,1885,NULL,NULL),
  (3157,1,'2016-01-28 00:00:00',9869,23,1886,NULL,NULL),
  (3158,4,'2016-01-27 00:00:00',2441,23,1887,NULL,NULL),
  (3159,2,'2016-01-27 00:00:00',27,23,1887,NULL,NULL),
  (3160,1,'2016-01-27 00:00:00',2818,23,1887,NULL,NULL),
  (3161,9,'2016-01-27 00:00:00',936,23,1887,NULL,NULL),
  (3162,2,'2016-01-15 00:00:00',450,24,1888,NULL,NULL),
  (3163,1,'2016-01-15 00:00:00',740,24,1888,NULL,NULL),
  (3164,1,'2016-01-27 00:00:00',2157,23,1889,NULL,NULL),
  (3165,2,'2016-01-27 00:00:00',159,23,1889,NULL,NULL),
  (3166,4,'2016-01-27 00:00:00',161,23,1889,NULL,NULL),
  (3167,2,'2016-01-15 00:00:00',4420,24,1890,NULL,NULL),
  (3168,2,'2016-01-15 00:00:00',800,24,1891,NULL,NULL),
  (3169,2,'2016-01-21 00:00:00',272,23,1892,NULL,NULL),
  (3170,2,'2016-01-18 00:00:00',60,23,1892,NULL,NULL),
  (3171,4,'2016-02-01 00:00:00',112,23,1893,NULL,NULL),
  (3172,1,'2016-02-03 00:00:00',9179,23,1894,NULL,NULL),
  (3173,1,'2016-02-03 00:00:00',3181,23,1895,NULL,NULL),
  (3174,2,'2016-02-01 00:00:00',194,23,1895,NULL,NULL),
  (3175,4,'2016-02-11 00:00:00',9,23,1896,NULL,NULL),
  (3176,2,'2016-02-11 00:00:00',9,23,1896,NULL,NULL),
  (3177,1,'2016-02-11 00:00:00',14,23,1896,NULL,NULL),
  (3178,1,'2016-02-10 00:00:00',24455,23,1897,NULL,NULL),
  (3179,4,'2016-02-05 00:00:00',338,23,1897,NULL,NULL),
  (3180,1,'2016-02-10 00:00:00',9179,23,1898,NULL,NULL),
  (3181,1,'2016-02-10 00:00:00',2989,23,1899,NULL,NULL),
  (3182,4,'2016-02-08 00:00:00',95,23,1899,NULL,NULL),
  (3183,1,'2016-02-18 00:00:00',15718,23,1900,NULL,NULL),
  (3184,2,'2016-02-18 00:00:00',3482,23,1900,NULL,NULL),
  (3185,1,'2016-02-18 00:00:00',16412,23,1901,NULL,NULL),
  (3186,4,'2016-02-18 00:00:00',657,23,1901,NULL,NULL),
  (3187,1,'2016-02-15 00:00:00',24545,23,1902,NULL,NULL),
  (3188,1,'2016-02-17 00:00:00',3063,23,1903,NULL,NULL),
  (3189,1,'2016-02-17 00:00:00',9178,23,1904,NULL,NULL),
  (3190,1,'2016-02-24 00:00:00',6,23,1905,NULL,NULL),
  (3191,4,'2016-02-24 00:00:00',65,23,1905,NULL,NULL),
  (3192,9,'2016-02-24 00:00:00',10,23,1905,NULL,NULL),
  (3193,1,'2016-02-22 00:00:00',16739,23,1906,NULL,NULL),
  (3194,2,'2016-02-12 00:00:00',2000,24,1907,NULL,NULL),
  (3195,1,'2016-02-25 00:00:00',9633,23,1908,NULL,NULL),
  (3196,1,'2016-02-25 00:00:00',3168,23,1909,NULL,NULL),
  (3197,2,'2016-02-25 00:00:00',145,23,1909,NULL,NULL),
  (3198,1,'2016-02-24 00:00:00',22045,23,1910,NULL,NULL),
  (3199,2,'2016-02-24 00:00:00',718,23,1910,NULL,NULL),
  (3200,4,'2016-02-24 00:00:00',432,23,1910,NULL,NULL),
  (3201,9,'2016-02-24 00:00:00',250,23,1910,NULL,NULL),
  (3202,1,'2016-02-23 00:00:00',4242,23,1911,NULL,NULL),
  (3203,2,'2016-02-19 00:00:00',9,23,1911,NULL,NULL),
  (3205,1,'2016-02-19 00:00:00',25109,23,1912,NULL,NULL),
  (3206,1,'2016-01-15 00:00:00',27000,34,1914,NULL,NULL),
  (3207,1,'2016-02-23 00:00:00',23636,23,1915,NULL,NULL),
  (3208,2,'2016-03-01 00:00:00',3052,23,1916,NULL,NULL),
  (3209,1,'2016-03-08 00:00:00',16567,23,1916,NULL,NULL),
  (3210,4,'2016-03-02 00:00:00',1893,23,1916,NULL,NULL),
  (3211,2,'2016-03-02 00:00:00',924,23,1917,NULL,NULL),
  (3212,1,'2016-03-02 00:00:00',13943,23,1917,NULL,NULL),
  (3213,4,'2016-02-29 00:00:00',72,23,1918,NULL,NULL),
  (3214,1,'2016-03-29 00:00:00',2986,23,1918,NULL,NULL),
  (3215,2,'2016-02-01 00:00:00',27,23,1919,NULL,NULL),
  (3216,4,'2016-03-01 00:00:00',41,23,1919,NULL,NULL),
  (3217,9,'2016-03-01 00:00:00',18,23,1919,NULL,NULL),
  (3218,1,'2016-03-08 00:00:00',5,23,1920,NULL,NULL),
  (3219,9,'2016-03-08 00:00:00',17,23,1920,NULL,NULL),
  (3220,4,'2016-03-07 00:00:00',47,23,1920,NULL,NULL),
  (3221,1,'2016-02-25 00:00:00',26500,33,1921,NULL,NULL),
  (3222,4,'2016-03-13 00:00:00',15,33,1922,NULL,NULL),
  (3223,1,'2016-03-14 00:00:00',17562,23,1924,NULL,NULL),
  (3224,4,'2016-03-09 00:00:00',852,23,1924,NULL,NULL),
  (3225,2,'2016-03-09 00:00:00',310,23,1924,NULL,NULL),
  (3226,1,'2016-03-09 00:00:00',2956,23,1925,NULL,NULL),
  (3227,2,'2016-03-09 00:00:00',56,23,1925,NULL,NULL),
  (3228,4,'2016-03-09 00:00:00',81,23,1926,NULL,NULL),
  (3229,1,'2016-03-09 00:00:00',14170,23,1926,NULL,NULL),
  (3230,4,'2016-03-14 00:00:00',331,23,1927,NULL,NULL),
  (3231,1,'2016-03-14 00:00:00',2800,23,1927,NULL,NULL),
  (3232,2,'2016-03-14 00:00:00',6134,23,1928,NULL,NULL),
  (3233,1,'2016-02-06 00:00:00',27000,34,1929,NULL,NULL),
  (3234,3,'2016-02-05 00:00:00',24940,25,1930,NULL,NULL),
  (3235,4,'2016-03-14 00:00:00',110,23,1931,NULL,NULL),
  (3236,1,'2016-03-21 00:00:00',10,23,1931,NULL,NULL),
  (3237,3,'2016-03-22 00:00:00',15,23,1931,NULL,NULL),
  (3238,2,'2016-03-22 00:00:00',31,23,1931,NULL,NULL),
  (3239,3,'2016-02-17 00:00:00',13975,50,1932,NULL,NULL),
  (3240,1,'2016-03-16 00:00:00',14362,23,1933,NULL,NULL),
  (3241,2,'2016-03-11 00:00:00',200,24,1934,NULL,NULL),
  (3242,1,'2016-03-11 00:00:00',540,24,1934,NULL,NULL),
  (3243,1,'2016-03-23 00:00:00',15216,23,1935,NULL,NULL),
  (3244,1,'2016-03-23 00:00:00',3094,23,1936,NULL,NULL),
  (3245,4,'2016-03-23 00:00:00',34,23,1936,NULL,NULL),
  (3246,4,'2016-03-31 00:00:00',1786,23,1937,NULL,NULL),
  (3247,1,'2016-03-31 00:00:00',16547,23,1937,NULL,NULL),
  (3248,2,'2016-03-31 00:00:00',16547,23,1937,NULL,NULL),
  (3249,4,'2016-03-31 00:00:00',13,33,1938,NULL,NULL),
  (3250,2,'2016-03-11 00:00:00',121,24,1939,NULL,NULL),
  (3251,1,'2016-03-11 00:00:00',550,24,1939,NULL,NULL),
  (3252,2,'2016-03-11 00:00:00',1500,24,1940,NULL,NULL),
  (3253,1,'2007-03-30 00:00:00',23820,23,1941,NULL,NULL),
  (3254,1,'2007-03-30 00:00:00',2440,23,1942,NULL,NULL),
  (3255,1,'2007-04-04 00:00:00',24454,23,1943,NULL,NULL),
  (3256,1,'2007-04-05 00:00:00',51,23,1944,NULL,NULL),
  (3257,2,'2007-04-05 00:00:00',18,23,1944,NULL,NULL),
  (3258,3,'2007-03-29 00:00:00',25,23,1945,NULL,NULL),
  (3259,2,'2007-03-29 00:00:00',55,23,1945,NULL,NULL),
  (3260,3,'2007-04-09 00:00:00',7,23,1946,NULL,NULL),
  (3261,1,'2007-02-24 00:00:00',27000,34,1947,NULL,NULL),
  (3262,1,'2007-04-06 00:00:00',10827,23,1948,NULL,NULL),
  (3263,1,'2007-04-06 00:00:00',2451,23,1949,NULL,NULL),
  (3264,4,'2007-04-06 00:00:00',250,23,1949,NULL,NULL),
  (3265,1,'2016-04-04 00:00:00',14514,23,1950,NULL,NULL),
  (3266,4,'2016-04-04 00:00:00',122,23,1950,NULL,NULL),
  (3267,1,'2016-04-12 00:00:00',18552,23,1951,NULL,NULL),
  (3268,2,'2016-04-12 00:00:00',2365,23,1951,NULL,NULL),
  (3269,1,'2016-04-13 00:00:00',10827,23,1952,NULL,NULL),
  (3270,1,'2016-04-13 00:00:00',2442,23,1953,NULL,NULL),
  (3271,4,'2016-04-13 00:00:00',292,23,1953,NULL,NULL),
  (3272,4,'2016-04-11 00:00:00',67,23,1954,NULL,NULL),
  (3273,9,'2016-04-11 00:00:00',18,23,1954,NULL,NULL),
  (3274,1,'2016-04-11 00:00:00',9,23,1955,NULL,NULL),
  (3275,3,'2016-04-11 00:00:00',4,23,1955,NULL,NULL),
  (3276,2,'2016-04-11 00:00:00',4,23,1955,NULL,NULL),
  (3277,4,'2016-04-11 00:00:00',74,23,1955,NULL,NULL),
  (3278,4,'2016-03-05 00:00:00',14,23,1956,NULL,NULL),
  (3279,1,'2016-03-05 00:00:00',32,23,1956,NULL,NULL),
  (3280,2,'2016-03-22 00:00:00',18,23,1956,NULL,NULL),
  (3281,1,'2016-04-19 00:00:00',10456,23,1957,NULL,NULL),
  (3282,4,'2016-04-19 00:00:00',631,23,1957,NULL,NULL),
  (3283,2,'2016-04-19 00:00:00',459,23,1957,NULL,NULL),
  (3284,1,'2016-04-19 00:00:00',10827,23,1958,NULL,NULL),
  (3285,1,'2016-04-27 00:00:00',2497,23,1959,NULL,NULL),
  (3286,1,'2016-03-30 00:00:00',12420,34,1960,NULL,NULL),
  (3287,1,'2016-03-30 00:00:00',27000,34,1961,NULL,NULL),
  (3288,4,'2016-04-27 00:00:00',1163,23,1962,NULL,NULL),
  (3289,1,'2016-04-27 00:00:00',21101,34,1962,NULL,NULL),
  (3290,2,'2016-04-27 00:00:00',10985,23,1962,NULL,NULL),
  (3291,1,'2016-04-26 00:00:00',24091,23,1963,NULL,NULL),
  (3292,4,'2016-04-27 00:00:00',590,23,1964,NULL,NULL),
  (3293,2,'2016-04-27 00:00:00',154,23,1964,NULL,NULL),
  (3294,1,'2016-04-27 00:00:00',4124,23,1964,NULL,NULL),
  (3295,1,'2016-04-25 00:00:00',6336,23,1965,NULL,NULL),
  (3296,2,'2016-04-27 00:00:00',1927,23,1965,NULL,NULL),
  (3297,4,'2016-04-25 00:00:00',737,23,1965,NULL,NULL),
  (3298,1,'2016-04-29 00:00:00',10060,23,1966,NULL,NULL),
  (3299,4,'2016-04-29 00:00:00',81,23,1966,NULL,NULL),
  (3300,1,'2016-04-27 00:00:00',2259,23,1967,NULL,NULL),
  (3301,2,'2016-04-27 00:00:00',149,23,1967,NULL,NULL),
  (3302,2,'2016-04-15 00:00:00',5518,24,1968,NULL,NULL),
  (3303,2,'2016-04-15 00:00:00',400,24,1969,NULL,NULL),
  (3304,1,'2016-04-15 00:00:00',840,24,1969,NULL,NULL),
  (3305,1,'2016-05-03 00:00:00',3410,23,1970,NULL,NULL),
  (3306,2,'2016-05-03 00:00:00',6584,23,1970,NULL,NULL),
  (3307,1,'2016-05-04 00:00:00',4156,23,1971,NULL,NULL),
  (3308,2,'2016-05-04 00:00:00',385,23,1971,NULL,NULL),
  (3309,4,'2016-05-04 00:00:00',484,23,1971,NULL,NULL),
  (3310,3,'2016-05-04 00:00:00',142,23,1971,NULL,NULL),
  (3311,2,'2016-05-02 00:00:00',27,23,1972,NULL,NULL),
  (3312,3,'2016-05-02 00:00:00',9,23,1972,NULL,NULL),
  (3313,4,'2016-05-02 00:00:00',28,23,1972,NULL,NULL),
  (3314,1,'2016-03-31 00:00:00',27000,34,1973,NULL,NULL),
  (3315,1,'2016-05-11 00:00:00',5176,23,1974,NULL,NULL),
  (3316,4,'2016-05-11 00:00:00',316,23,1974,NULL,NULL),
  (3317,2,'2016-05-11 00:00:00',514,23,1974,NULL,NULL),
  (3318,1,'2016-05-11 00:00:00',7947,23,1975,NULL,NULL),
  (3319,4,'2016-05-11 00:00:00',884,23,1975,NULL,NULL),
  (3320,1,'2016-05-10 00:00:00',24454,23,1976,NULL,NULL),
  (3321,1,'2016-05-10 00:00:00',24545,23,1977,NULL,NULL),
  (3322,1,'2016-04-01 00:00:00',27000,23,1978,NULL,NULL),
  (3323,1,'2016-05-03 00:00:00',10722,23,1979,NULL,NULL),
  (3324,1,'2016-05-10 00:00:00',2273,23,1980,NULL,NULL),
  (3325,4,'2016-05-10 00:00:00',369,23,1980,NULL,NULL),
  (3326,2,'2016-04-15 00:00:00',1000,23,1981,NULL,NULL),
  (3327,1,'2016-05-11 00:00:00',50,23,1982,NULL,NULL),
  (3328,4,'2016-05-11 00:00:00',81,23,1982,NULL,NULL),
  (3329,1,'2016-05-03 00:00:00',2260,23,1983,NULL,NULL),
  (3330,4,'2016-05-03 00:00:00',14,23,1983,NULL,NULL),
  (3331,1,'2016-05-18 00:00:00',5148,23,1984,NULL,NULL),
  (3332,3,'2016-05-18 00:00:00',213,23,1984,NULL,NULL),
  (3333,2,'2016-05-18 00:00:00',204,23,1984,NULL,NULL),
  (3334,4,'2016-05-18 00:00:00',54,23,1984,NULL,NULL),
  (3335,4,'2016-05-16 00:00:00',54,23,1985,NULL,NULL),
  (3336,2,'2016-05-10 00:00:00',32,23,1985,NULL,NULL),
  (3337,3,'2016-05-10 00:00:00',10,23,1985,NULL,NULL),
  (3338,1,'2016-05-17 00:00:00',21089,23,1986,NULL,NULL),
  (3339,2,'2016-05-17 00:00:00',775,23,1986,NULL,NULL),
  (3340,4,'2016-05-17 00:00:00',888,23,1986,NULL,NULL),
  (3341,1,'2016-05-18 00:00:00',2292,23,1987,NULL,NULL),
  (3342,2,'2016-05-16 00:00:00',765,23,1987,NULL,NULL),
  (3343,4,'2016-05-16 00:00:00',14,23,1987,NULL,NULL),
  (3344,1,'2016-05-18 00:00:00',10641,23,1988,NULL,NULL),
  (3345,4,'2016-05-18 00:00:00',82,23,1988,NULL,NULL),
  (3346,4,'2016-05-23 00:00:00',97,23,1989,NULL,NULL),
  (3347,4,'2016-05-23 00:00:00',77,23,1990,NULL,NULL),
  (3348,2,'2016-05-23 00:00:00',16,23,1990,NULL,NULL),
  (3349,4,'2016-05-25 00:00:00',45,23,1991,NULL,NULL),
  (3350,9,'2016-05-25 00:00:00',214,23,1991,NULL,NULL),
  (3351,1,'2016-05-25 00:00:00',5028,23,1991,NULL,NULL),
  (3352,1,'2016-05-23 00:00:00',24981,23,1992,NULL,NULL),
  (3353,1,'2016-05-26 00:00:00',659,23,1993,NULL,NULL),
  (3354,4,'2016-05-26 00:00:00',1666,23,1993,NULL,NULL),
  (3355,9,'2016-05-26 00:00:00',567,23,1993,NULL,NULL),
  (3356,9,'2016-05-26 00:00:00',2236,23,1993,NULL,NULL),
  (3357,1,'2016-06-24 00:00:00',11686,23,1994,NULL,NULL),
  (3358,2,'2016-06-24 00:00:00',895,23,1994,NULL,NULL),
  (3359,4,'2016-05-24 00:00:00',740,23,1995,NULL,NULL),
  (3360,2,'2016-05-24 00:00:00',105,23,1995,NULL,NULL),
  (3361,7,'2016-05-24 00:00:00',2333,23,1995,NULL,NULL),
  (3362,1,'2016-05-13 00:00:00',540,24,1996,NULL,NULL),
  (3363,2,'2016-05-13 00:00:00',800,24,1996,NULL,NULL),
  (3364,4,'2016-06-01 00:00:00',549,23,1997,NULL,NULL),
  (3365,3,'2016-06-01 00:00:00',260,23,1997,NULL,NULL),
  (3366,2,'2016-06-01 00:00:00',1443,23,1997,NULL,NULL),
  (3367,2,'2016-05-31 00:00:00',567,23,1998,NULL,NULL),
  (3368,1,'2016-05-31 00:00:00',22592,23,1998,NULL,NULL),
  (3369,4,'2016-05-31 00:00:00',1125,23,1998,NULL,NULL),
  (3370,1,'2016-05-31 00:00:00',24909,23,1999,NULL,NULL),
  (3371,1,'2016-05-31 00:00:00',11069,23,2000,NULL,NULL),
  (3372,2,'2016-05-31 00:00:00',764,23,2000,NULL,NULL),
  (3373,1,'2016-05-31 00:00:00',230,23,2001,NULL,NULL),
  (3374,4,'2016-05-31 00:00:00',391,23,2001,NULL,NULL),
  (3375,1,'2016-06-09 00:00:00',4554,23,2002,NULL,NULL),
  (3376,4,'2016-06-09 00:00:00',764,23,2002,NULL,NULL),
  (3377,3,'2016-06-09 00:00:00',498,23,2002,NULL,NULL),
  (3378,2,'2016-06-09 00:00:00',1036,23,2002,NULL,NULL),
  (3388,1,'2017-03-05 00:00:00',2,23,2033,NULL,NULL),
  (3392,4,'2017-03-08 00:00:00',100,7,2030,NULL,NULL),
  (3393,1,'2017-03-05 00:00:00',101,23,2030,NULL,NULL),
  (3394,1,'2017-03-09 00:00:00',104,4,2030,NULL,NULL),
  (3395,1,'2017-03-05 00:00:00',105,2,2030,NULL,NULL),
  (3396,3,'2017-03-05 00:00:00',6,1,2030,NULL,NULL),
  (3397,4,'2017-03-05 00:00:00',7,1,2030,NULL,NULL),
  (3398,8,'2017-03-05 00:00:00',8,2,2030,NULL,NULL),
  (3399,3,'2017-03-05 00:00:00',9,1,2030,NULL,NULL),
  (3403,3,'2017-03-07 00:00:00',777,33,2030,NULL,NULL),
  (3406,4,'2017-03-09 00:00:00',200,3,2030,NULL,NULL),
  (3409,9,'2017-03-09 00:00:00',111111111,3,2030,NULL,NULL),
  (3410,1,'2017-03-12 00:00:00',11,1,2033,NULL,NULL),
  (3411,6,'2017-03-12 00:00:00',12,2,2033,NULL,NULL),
  (3412,2,'2017-03-12 00:00:00',13,3,2033,NULL,NULL),
  (3413,5,'2017-03-11 00:00:00',21,4,2034,NULL,NULL),
  (3414,8,'2017-03-11 00:00:00',22,5,2034,NULL,NULL),
  (3415,4,'2017-03-11 00:00:00',23,6,2034,NULL,NULL),
  (3417,3,'2017-03-10 00:00:00',32,8,2035,NULL,NULL),
  (3418,7,'2017-03-10 00:00:00',33,9,2035,NULL,NULL),
  (3419,2,'2017-03-01 00:00:00',31,11,2035,NULL,NULL),
  (3420,4,'2017-04-20 00:00:00',100,1,2031,NULL,NULL),
  (3424,1,'2017-07-02 00:00:00',23,1,-1,NULL,NULL),
  (3426,3,'2017-07-08 00:00:00',34,2,2036,'John Doe','Marie Jane'),
  (3429,4,'2019-09-12 00:00:00',23,1,8,NULL,NULL);
COMMIT;

/* Data for the `tbltransfers` table  (LIMIT 0,500) */

INSERT INTO `tbltransfers` (`Recn`, `LivestockRecn`, `FromFarmRecn`, `ToFarmRecn`, `TransferDate`) VALUES
  (15,56,37,36,'2019-09-14 00:00:00'),
  (16,67,19,8,'2019-09-16 00:00:00'),
  (18,56,36,8,'2019-09-17 00:00:00'),
  (22,67,8,11,'2019-09-18 00:00:00'),
  (29,19,8,17,'2019-09-16 00:00:00'),
  (30,19,17,8,'2019-09-17 00:00:00'),
  (31,19,8,17,'2019-09-17 00:00:00'),
  (32,19,17,8,'2019-09-16 00:00:00'),
  (33,19,8,17,'2019-09-16 00:00:00'),
  (34,19,17,8,'2019-09-16 00:00:00'),
  (35,19,8,17,'2019-09-16 00:00:00');
COMMIT;

/* Data for the `tbltreatmentnames` table  (LIMIT 0,500) */

INSERT INTO `tbltreatmentnames` (`recn`, `name`, `default`, `Withdrawal`) VALUES
  (1,'Oxytetracycline LA 300',0,0),
  (2,'Multivitamin',0,0),
  (3,'Iron',0,0),
  (4,'Calcium',0,0),
  (5,'Penicillin-Streptomycin',0,0),
  (6,'Oxytocin',0,0),
  (7,'Banamine',0,0),
  (8,'Imizol',0,40),
  (9,'Norocillin',0,28),
  (10,'Limoxin  LA 200',0,NULL),
  (11,'Amoxicillin',0,NULL);
COMMIT;

/* Data for the `tblunits` table  (LIMIT 0,500) */

INSERT INTO `tblunits` (`recn`, `name`, `type`) VALUES
  (1,'Acre(s)',1),
  (2,'Hectare(s)',1),
  (3,'Day',2),
  (4,'Week',2);
COMMIT;

/* Data for the `tblveterinarians` table  (LIMIT 0,500) */

INSERT INTO `tblveterinarians` (`recn`, `name`) VALUES
  (1,'Dr. L. Henry'),
  (2,'Dr. T. Challenger'),
  (4,'Dr.Valia');
COMMIT;

/* Data for the `users` table  (LIMIT 0,500) */

INSERT INTO `users` (`username`, `photo`, `date_add`, `levels_idlevels`, `password`, `status`) VALUES
  ('agricultor','placeholder.png','2019-06-18 13:27:29',2,'25f9e794323b453885f5181f1b624d0b',1),
  ('molanco','placeholder.png','2017-06-30 20:34:38',5,'385006dd4a6558f457485ee10714b132',1),
  ('skylab','placeholder.png','2017-05-16 03:28:41',1,'25d55ad283aa400af464c76d713c07ad',1);
COMMIT;

/*!40101 SET CHARACTER_SET_CLIENT=@OLD_CHARACTER_SET_CLIENT */;
/*!40101 SET CHARACTER_SET_RESULTS=@OLD_CHARACTER_SET_RESULTS */;
/*!40101 SET COLLATION_CONNECTION=@OLD_COLLATION_CONNECTION */;